commodity,market,date,price,lag_1,lag_2,lag_3,rolling_3,month
Beans,Ampara,2023-09-15,406.67,446.67,502.0,495.0,481.22333333333336,9
Beans,Ampara,2023-10-15,492.0,406.67,446.67,502.0,451.78000000000003,10
Beans,Ampara,2023-11-15,576.67,492.0,406.67,446.67,448.4466666666667,11
Beans,Ampara,2023-12-15,693.33,576.67,492.0,406.67,491.78,12
Beans,Ampara,2024-01-15,934.67,693.33,576.67,492.0,587.3333333333334,1
Beans,Ampara,2024-02-15,728.33,934.67,693.33,576.67,734.89,2
Beans,Ampara,2024-03-15,363.33,728.33,934.67,693.33,785.4433333333333,3
Beans,Ampara,2024-04-15,245.33,363.33,728.33,934.67,675.4433333333334,4
Beans,Ampara,2024-05-15,519.17,245.33,363.33,728.33,445.66333333333336,5
Beans,Ampara,2024-06-15,519.17,519.17,245.33,363.33,375.9433333333333,6
Beans,Ampara,2024-07-15,667.5,519.17,519.17,245.33,427.89000000000004,7
Beans,Ampara,2024-08-15,502.08,667.5,519.17,519.17,568.6133333333332,8
Beans,Ampara,2024-09-15,339.33,502.08,667.5,519.17,562.9166666666666,9
Beans,Ampara,2024-10-15,466.67,339.33,502.08,667.5,502.96999999999997,10
Beans,Ampara,2024-11-15,518.33,466.67,339.33,502.08,436.02666666666664,11
Beans,Ampara,2024-12-15,590.0,518.33,466.67,339.33,441.4433333333334,12
Beans,Ampara,2025-01-15,493.75,590.0,518.33,466.67,525.0,1
Beans,Ampara,2025-02-15,495.0,493.75,590.0,518.33,534.0266666666666,2
Beans,Ampara,2025-03-15,548.0,495.0,493.75,590.0,526.25,3
Beans,Ampara,2025-04-15,617.78,548.0,495.0,493.75,512.25,4
Beans,Ampara,2025-05-15,577.5,617.78,548.0,495.0,553.5933333333334,5
Beans,Ampara,2025-06-15,596.67,577.5,617.78,548.0,581.0933333333334,6
Beans,Ampara,2025-07-15,555.83,596.67,577.5,617.78,597.3166666666667,7
Beans,Ampara,2025-08-15,635.83,555.83,596.67,577.5,576.6666666666666,8
Beans,Ampara,2025-09-15,441.33,635.83,555.83,596.67,596.11,9
Beans,Anuradhapura,2023-09-15,472.0,485.0,531.2,510.0,508.73333333333335,9
Beans,Anuradhapura,2023-10-15,527.2,472.0,485.0,531.2,496.06666666666666,10
Beans,Anuradhapura,2023-11-15,595.0,527.2,472.0,485.0,494.73333333333335,11
Beans,Anuradhapura,2023-12-15,638.0,595.0,527.2,472.0,531.4,12
Beans,Anuradhapura,2024-01-15,875.2,638.0,595.0,527.2,586.7333333333333,1
Beans,Anuradhapura,2024-02-15,739.0,875.2,638.0,595.0,702.7333333333332,2
Beans,Anuradhapura,2024-03-15,428.0,739.0,875.2,638.0,750.7333333333332,3
Beans,Anuradhapura,2024-04-15,272.8,428.0,739.0,875.2,680.7333333333333,4
Beans,Anuradhapura,2024-05-15,506.0,272.8,428.0,739.0,479.93333333333334,5
Beans,Anuradhapura,2024-06-15,752.0,506.0,272.8,428.0,402.26666666666665,6
Beans,Anuradhapura,2024-07-15,727.2,752.0,506.0,272.8,510.26666666666665,7
Beans,Anuradhapura,2024-08-15,561.0,727.2,752.0,506.0,661.7333333333333,8
Beans,Anuradhapura,2024-09-15,419.2,561.0,727.2,752.0,680.0666666666667,9
Beans,Anuradhapura,2024-10-15,506.0,419.2,561.0,727.2,569.1333333333333,10
Beans,Anuradhapura,2024-11-15,523.0,506.0,419.2,561.0,495.40000000000003,11
Beans,Anuradhapura,2024-12-15,621.6,523.0,506.0,419.2,482.73333333333335,12
Beans,Anuradhapura,2025-01-15,546.0,621.6,523.0,506.0,550.1999999999999,1
Beans,Anuradhapura,2025-02-15,548.0,546.0,621.6,523.0,563.5333333333333,2
Beans,Anuradhapura,2025-03-15,632.0,548.0,546.0,621.6,571.8666666666667,3
Beans,Anuradhapura,2025-04-15,652.0,632.0,548.0,546.0,575.3333333333334,4
Beans,Anuradhapura,2025-05-15,624.0,652.0,632.0,548.0,610.6666666666666,5
Beans,Anuradhapura,2025-06-15,682.4,624.0,652.0,632.0,636.0,6
Beans,Anuradhapura,2025-07-15,633.0,682.4,624.0,652.0,652.8000000000001,7
Beans,Anuradhapura,2025-08-15,749.0,633.0,682.4,624.0,646.4666666666667,8
Beans,Anuradhapura,2025-09-15,511.2,749.0,633.0,682.4,688.1333333333333,9
Beans,Badulla,2023-09-15,408.0,433.0,481.6,491.0,468.5333333333333,9
Beans,Badulla,2023-10-15,498.4,408.0,433.0,481.6,440.8666666666666,10
Beans,Badulla,2023-11-15,521.0,498.4,408.0,433.0,446.4666666666667,11
Beans,Badulla,2023-12-15,667.0,521.0,498.4,408.0,475.8,12
Beans,Badulla,2024-01-15,1180.0,667.0,521.0,498.4,562.1333333333333,1
Beans,Badulla,2024-02-15,709.0,1180.0,667.0,521.0,789.3333333333334,2
Beans,Badulla,2024-03-15,310.5,709.0,1180.0,667.0,852.0,3
Beans,Badulla,2024-04-15,168.4,310.5,709.0,1180.0,733.1666666666666,4
Beans,Badulla,2024-05-15,441.25,168.4,310.5,709.0,395.9666666666667,5
Beans,Badulla,2024-06-15,535.42,441.25,168.4,310.5,306.71666666666664,6
Beans,Badulla,2024-07-15,742.5,535.42,441.25,168.4,381.69,7
Beans,Badulla,2024-08-15,457.08,742.5,535.42,441.25,573.0566666666667,8
Beans,Badulla,2024-09-15,350.0,457.08,742.5,535.42,578.3333333333334,9
Beans,Badulla,2024-10-15,417.0,350.0,457.08,742.5,516.5266666666666,10
Beans,Badulla,2024-11-15,429.0,417.0,350.0,457.08,408.02666666666664,11
Beans,Badulla,2024-12-15,560.9,429.0,417.0,350.0,398.6666666666667,12
Beans,Badulla,2025-01-15,492.12,560.9,429.0,417.0,468.9666666666667,1
Beans,Badulla,2025-02-15,660.0,492.12,560.9,429.0,494.00666666666666,2
Beans,Badulla,2025-03-15,617.5,660.0,492.12,560.9,571.0066666666667,3
Beans,Badulla,2025-04-15,548.33,617.5,660.0,492.12,589.8733333333333,4
Beans,Badulla,2025-05-15,440.0,548.33,617.5,660.0,608.61,5
Beans,Badulla,2025-06-15,554.33,440.0,548.33,617.5,535.2766666666666,6
Beans,Badulla,2025-07-15,561.25,554.33,440.0,548.33,514.22,7
Beans,Badulla,2025-08-15,581.25,561.25,554.33,440.0,518.5266666666666,8
Beans,Badulla,2025-09-15,420.0,581.25,561.25,554.33,565.61,9
Beans,Batticaloa,2023-09-15,469.86,553.0,538.0,576.5,555.8333333333334,9
Beans,Batticaloa,2023-10-15,540.8,469.86,553.0,538.0,520.2866666666667,10
Beans,Batticaloa,2023-11-15,581.0,540.8,469.86,553.0,521.2199999999999,11
Beans,Batticaloa,2023-12-15,686.21,581.0,540.8,469.86,530.5533333333333,12
Beans,Batticaloa,2024-01-15,1010.65,686.21,581.0,540.8,602.67,1
Beans,Batticaloa,2024-02-15,776.12,1010.65,686.21,581.0,759.2866666666667,2
Beans,Batticaloa,2024-03-15,484.29,776.12,1010.65,686.21,824.3266666666667,3
Beans,Batticaloa,2024-04-15,264.05,484.29,776.12,1010.65,757.02,4
Beans,Batticaloa,2024-05-15,507.5,264.05,484.29,776.12,508.15333333333336,5
Beans,Batticaloa,2024-06-15,507.5,507.5,264.05,484.29,418.6133333333334,6
Beans,Batticaloa,2024-07-15,746.89,507.5,507.5,264.05,426.3500000000001,7
Beans,Batticaloa,2024-08-15,637.75,746.89,507.5,507.5,587.2966666666666,8
Beans,Batticaloa,2024-12-15,452.67,637.75,746.89,507.5,630.7133333333333,12
Beans,Batticaloa,2025-01-15,527.5,452.67,637.75,746.89,612.4366666666666,1
Beans,Batticaloa,2025-02-15,457.5,527.5,452.67,637.75,539.3066666666667,2
Beans,Batticaloa,2025-03-15,550.0,457.5,527.5,452.67,479.22333333333336,3
Beans,Batticaloa,2025-04-15,562.5,550.0,457.5,527.5,511.6666666666667,4
Beans,Batticaloa,2025-06-15,585.5,562.5,550.0,457.5,523.3333333333334,6
Beans,Batticaloa,2025-07-15,535.83,585.5,562.5,550.0,566.0,7
Beans,Batticaloa,2025-08-15,634.64,535.83,585.5,562.5,561.2766666666666,8
Beans,Batticaloa,2025-09-15,478.0,634.64,535.83,585.5,585.3233333333333,9
Beans,Colombo City,2023-09-15,440.82,420.3,485.05,500.96,468.77,9
Beans,Colombo City,2023-10-15,518.06,440.82,420.3,485.05,448.72333333333336,10
Beans,Colombo City,2023-11-15,568.2,518.06,440.82,420.3,459.72666666666663,11
Beans,Colombo City,2023-12-15,666.65,568.2,518.06,440.82,509.02666666666664,12
Beans,Colombo City,2024-01-15,878.6,666.65,568.2,518.06,584.3033333333333,1
Beans,Colombo City,2024-02-15,692.34,878.6,666.65,568.2,704.4833333333332,2
Beans,Colombo City,2024-03-15,407.52,692.34,878.6,666.65,745.8633333333333,3
Beans,Colombo City,2024-04-15,256.43,407.52,692.34,878.6,659.4866666666667,4
Beans,Colombo City,2024-05-15,518.34,256.43,407.52,692.34,452.09666666666675,5
Beans,Colombo City,2024-06-15,651.11,518.34,256.43,407.52,394.09666666666664,6
Beans,Colombo City,2024-07-15,702.36,651.11,518.34,256.43,475.29333333333335,7
Beans,Colombo City,2024-08-15,449.22,702.36,651.11,518.34,623.9366666666666,8
Beans,Colombo City,2024-09-15,328.46,449.22,702.36,651.11,600.8966666666666,9
Beans,Colombo City,2024-10-15,439.99,328.46,449.22,702.36,493.34666666666664,10
Beans,Colombo City,2024-11-15,455.95,439.99,328.46,449.22,405.89000000000004,11
Beans,Colombo City,2024-12-15,624.4,455.95,439.99,328.46,408.1333333333334,12
Beans,Colombo City,2025-01-15,484.33,624.4,455.95,439.99,506.78,1
Beans,Colombo City,2025-02-15,513.82,484.33,624.4,455.95,521.56,2
Beans,Colombo City,2025-03-15,551.48,513.82,484.33,624.4,540.85,3
Beans,Colombo City,2025-04-15,666.52,551.48,513.82,484.33,516.5433333333334,4
Beans,Colombo City,2025-05-15,571.89,666.52,551.48,513.82,577.2733333333334,5
Beans,Colombo City,2025-06-15,625.21,571.89,666.52,551.48,596.63,6
Beans,Colombo City,2025-07-15,592.51,625.21,571.89,666.52,621.2066666666666,7
Beans,Colombo City,2025-08-15,609.3,592.51,625.21,571.89,596.5366666666667,8
Beans,Colombo City,2025-09-15,460.84,609.3,592.51,625.21,609.0066666666667,9
Beans,Galle,2023-09-15,436.0,432.67,509.07,516.67,486.1366666666666,9
Beans,Galle,2023-10-15,503.8,436.0,432.67,509.07,459.24666666666667,10
Beans,Galle,2023-11-15,630.0,503.8,436.0,432.67,457.49,11
Beans,Galle,2023-12-15,720.62,630.0,503.8,436.0,523.2666666666667,12
Beans,Galle,2024-01-15,1019.67,720.62,630.0,503.8,618.14,1
Beans,Galle,2024-02-15,713.75,1019.67,720.62,630.0,790.0966666666667,2
Beans,Galle,2024-03-15,320.42,713.75,1019.67,720.62,818.0133333333333,3
Beans,Galle,2024-04-15,233.75,320.42,713.75,1019.67,684.6133333333333,4
Beans,Galle,2024-05-15,452.08,233.75,320.42,713.75,422.64000000000004,5
Beans,Galle,2024-06-15,668.75,452.08,233.75,320.42,335.4166666666667,6
Beans,Galle,2024-07-15,769.0,668.75,452.08,233.75,451.52666666666664,7
Beans,Galle,2024-08-15,557.5,769.0,668.75,452.08,629.9433333333333,8
Beans,Galle,2024-09-15,393.0,557.5,769.0,668.75,665.0833333333334,9
Beans,Galle,2024-10-15,467.5,393.0,557.5,769.0,573.1666666666666,10
Beans,Galle,2024-11-15,390.0,467.5,393.0,557.5,472.6666666666667,11
Beans,Galle,2024-12-15,701.0,390.0,467.5,393.0,416.8333333333333,12
Beans,Galle,2025-01-15,552.5,701.0,390.0,467.5,519.5,1
Beans,Galle,2025-02-15,548.75,552.5,701.0,390.0,547.8333333333334,2
Beans,Galle,2025-03-15,590.67,548.75,552.5,701.0,600.75,3
Beans,Galle,2025-04-15,721.67,590.67,548.75,552.5,563.9733333333334,4
Beans,Galle,2025-05-15,661.88,721.67,590.67,548.75,620.3633333333333,5
Beans,Galle,2025-06-15,634.0,661.88,721.67,590.67,658.0733333333333,6
Beans,Galle,2025-07-15,628.75,634.0,661.88,721.67,672.5166666666665,7
Beans,Galle,2025-08-15,713.75,628.75,634.0,661.88,641.5433333333334,8
Beans,Galle,2025-09-15,499.0,713.75,628.75,634.0,658.8333333333334,9
Beans,Gampaha,2023-09-15,415.0,385.0,425.2,473.0,427.73333333333335,9
Beans,Gampaha,2023-10-15,476.87,415.0,385.0,425.2,408.40000000000003,10
Beans,Gampaha,2023-11-15,519.0,476.87,415.0,385.0,425.6233333333333,11
Beans,Gampaha,2023-12-15,621.25,519.0,476.87,415.0,470.28999999999996,12
Beans,Gampaha,2024-01-15,846.5,621.25,519.0,476.87,539.04,1
Beans,Gampaha,2024-02-15,720.0,846.5,621.25,519.0,662.25,2
Beans,Gampaha,2024-07-15,494.0,720.0,846.5,621.25,729.25,7
Beans,Gampaha,2024-08-15,472.38,494.0,720.0,846.5,686.8333333333334,8
Beans,Gampaha,2024-09-15,310.0,472.38,494.0,720.0,562.1266666666667,9
Beans,Gampaha,2024-10-15,422.5,310.0,472.38,494.0,425.46000000000004,10
Beans,Gampaha,2024-11-15,432.5,422.5,310.0,472.38,401.6266666666667,11
Beans,Gampaha,2024-12-15,646.67,432.5,422.5,310.0,388.3333333333333,12
Beans,Gampaha,2025-01-15,479.38,646.67,432.5,422.5,500.5566666666667,1
Beans,Gampaha,2025-02-15,504.58,479.38,646.67,432.5,519.5166666666667,2
Beans,Gampaha,2025-03-15,498.0,504.58,479.38,646.67,543.5433333333333,3
Beans,Gampaha,2025-04-15,600.0,498.0,504.58,479.38,493.9866666666667,4
Beans,Gampaha,2025-05-15,606.67,600.0,498.0,504.58,534.1933333333333,5
Beans,Gampaha,2025-06-15,604.0,606.67,600.0,498.0,568.2233333333334,6
Beans,Gampaha,2025-07-15,598.75,604.0,606.67,600.0,603.5566666666667,7
Beans,Gampaha,2025-08-15,665.0,598.75,604.0,606.67,603.14,8
Beans,Gampaha,2025-09-15,431.0,665.0,598.75,604.0,622.5833333333334,9
Beans,Hambantota,2023-09-15,416.25,441.67,493.43,511.55,482.2166666666667,9
Beans,Hambantota,2023-10-15,503.0,416.25,441.67,493.43,450.45000000000005,10
Beans,Hambantota,2023-11-15,607.86,503.0,416.25,441.67,453.64000000000004,11
Beans,Hambantota,2023-12-15,692.92,607.86,503.0,416.25,509.03666666666663,12
Beans,Hambantota,2024-01-15,1065.0,692.92,607.86,503.0,601.2599999999999,1
Beans,Hambantota,2024-02-15,793.33,1065.0,692.92,607.86,788.5933333333332,2
Beans,Hambantota,2024-03-15,355.42,793.33,1065.0,692.92,850.4166666666666,3
Beans,Hambantota,2024-04-15,211.67,355.42,793.33,1065.0,737.9166666666666,4
Beans,Hambantota,2024-05-15,471.25,211.67,355.42,793.33,453.4733333333333,5
Beans,Hambantota,2024-06-15,579.44,471.25,211.67,355.42,346.11333333333323,6
Beans,Hambantota,2024-07-15,767.5,579.44,471.25,211.67,420.7866666666666,7
Beans,Hambantota,2024-08-15,506.0,767.5,579.44,471.25,606.0633333333334,8
Beans,Hambantota,2024-09-15,372.13,506.0,767.5,579.44,617.6466666666666,9
Beans,Hambantota,2024-10-15,488.5,372.13,506.0,767.5,548.5433333333333,10
Beans,Hambantota,2024-11-15,509.5,488.5,372.13,506.0,455.54333333333324,11
Beans,Hambantota,2024-12-15,634.0,509.5,488.5,372.13,456.70999999999987,12
Beans,Hambantota,2025-01-15,606.0,634.0,509.5,488.5,543.9999999999999,1
Beans,Hambantota,2025-02-15,493.0,606.0,634.0,509.5,583.1666666666666,2
Beans,Hambantota,2025-03-15,689.3,493.0,606.0,634.0,577.6666666666666,3
Beans,Hambantota,2025-04-15,635.88,689.3,493.0,606.0,596.0999999999999,4
Beans,Hambantota,2025-05-15,711.88,635.88,689.3,493.0,606.06,5
Beans,Hambantota,2025-08-15,548.42,711.88,635.88,689.3,679.0199999999999,8
Beans,Hambantota,2025-09-15,451.3,548.42,711.88,635.88,632.06,9
Beans,Hanguranketha,2024-04-15,181.07,317.0,418.8,395.0,376.93333333333334,4
Beans,Hanguranketha,2025-05-15,580.0,181.07,317.0,418.8,305.62333333333333,5
Beans,Hanguranketha,2025-08-15,458.75,580.0,181.07,317.0,359.3566666666666,8
Beans,Jaffna,2023-09-15,356.33,438.33,537.67,525.83,500.60999999999996,9
Beans,Jaffna,2023-10-15,468.2,356.33,438.33,537.67,444.10999999999996,10
Beans,Jaffna,2023-11-15,472.0,468.2,356.33,438.33,420.9533333333333,11
Beans,Jaffna,2023-12-15,493.75,472.0,468.2,356.33,432.1766666666667,12
Beans,Jaffna,2024-01-15,554.4,493.75,472.0,468.2,477.98333333333335,1
Beans,Jaffna,2024-02-15,426.0,554.4,493.75,472.0,506.71666666666664,2
Beans,Jaffna,2024-03-15,286.0,426.0,554.4,493.75,491.38333333333327,3
Beans,Jaffna,2024-04-15,302.0,286.0,426.0,554.4,422.13333333333327,4
Beans,Jaffna,2024-05-15,538.5,302.0,286.0,426.0,338.0,5
Beans,Jaffna,2024-06-15,765.0,538.5,302.0,286.0,375.5,6
Beans,Jaffna,2024-07-15,676.0,765.0,538.5,302.0,535.1666666666666,7
Beans,Jaffna,2024-08-15,592.5,676.0,765.0,538.5,659.8333333333334,8
Beans,Jaffna,2024-09-15,387.6,592.5,676.0,765.0,677.8333333333334,9
Beans,Jaffna,2024-10-15,440.0,387.6,592.5,676.0,552.0333333333333,10
Beans,Jaffna,2024-11-15,444.0,440.0,387.6,592.5,473.3666666666666,11
Beans,Jaffna,2024-12-15,502.0,444.0,440.0,387.6,423.8666666666666,12
Beans,Jaffna,2025-01-15,322.0,502.0,444.0,440.0,462.0,1
Beans,Jaffna,2025-02-15,353.5,322.0,502.0,444.0,422.6666666666667,2
Beans,Jaffna,2025-03-15,350.5,353.5,322.0,502.0,392.5,3
Beans,Jaffna,2025-06-15,744.0,350.5,353.5,322.0,342.0,6
Beans,Jaffna,2025-07-15,400.0,744.0,350.5,353.5,482.6666666666667,7
Beans,Jaffna,2025-08-15,706.5,400.0,744.0,350.5,498.1666666666667,8
Beans,Jaffna,2025-09-15,386.0,706.5,400.0,744.0,616.8333333333334,9
Beans,Kalutara,2023-09-15,412.0,406.0,453.2,510.0,456.40000000000003,9
Beans,Kalutara,2023-10-15,495.2,412.0,406.0,453.2,423.73333333333335,10
Beans,Kalutara,2023-11-15,520.5,495.2,412.0,406.0,437.7333333333333,11
Beans,Kalutara,2023-12-15,651.5,520.5,495.2,412.0,475.8999999999999,12
Beans,Kalutara,2024-01-15,892.0,651.5,520.5,495.2,555.7333333333332,1
Beans,Kalutara,2024-02-15,719.0,892.0,651.5,520.5,688.0,2
Beans,Kalutara,2024-03-15,362.0,719.0,892.0,651.5,754.1666666666666,3
Beans,Kalutara,2024-04-15,281.2,362.0,719.0,892.0,657.6666666666666,4
Beans,Kalutara,2024-05-15,495.5,281.2,362.0,719.0,454.06666666666666,5
Beans,Kalutara,2024-06-15,688.5,495.5,281.2,362.0,379.56666666666666,6
Beans,Kalutara,2024-07-15,744.0,688.5,495.5,281.2,488.40000000000003,7
Beans,Kalutara,2024-09-15,332.17,744.0,688.5,495.5,642.6666666666666,9
Beans,Kalutara,2024-10-15,402.5,332.17,744.0,688.5,588.2233333333334,10
Beans,Kalutara,2024-11-15,430.0,402.5,332.17,744.0,492.89000000000004,11
Beans,Kalutara,2024-12-15,686.9,430.0,402.5,332.17,388.22333333333336,12
Beans,Kalutara,2025-01-15,516.5,686.9,430.0,402.5,506.46666666666664,1
Beans,Kalutara,2025-02-15,664.0,516.5,686.9,430.0,544.4666666666666,2
Beans,Kalutara,2025-03-15,662.5,664.0,516.5,686.9,622.4666666666666,3
Beans,Kalutara,2025-04-15,548.67,662.5,664.0,516.5,614.3333333333334,4
Beans,Kalutara,2025-05-15,605.5,548.67,662.5,664.0,625.0566666666667,5
Beans,Kalutara,2025-06-15,630.8,605.5,548.67,662.5,605.5566666666667,6
Beans,Kalutara,2025-07-15,594.5,630.8,605.5,548.67,594.9899999999999,7
Beans,Kalutara,2025-08-15,630.0,594.5,630.8,605.5,610.2666666666665,8
Beans,Kalutara,2025-09-15,468.8,630.0,594.5,630.8,618.4333333333333,9
Beans,Kandy,2023-09-15,444.5,499.5,500.4,541.5,513.8000000000001,9
Beans,Kandy,2023-10-15,505.2,444.5,499.5,500.4,481.4666666666667,10
Beans,Kandy,2023-11-15,570.5,505.2,444.5,499.5,483.06666666666666,11
Beans,Kandy,2023-12-15,668.5,570.5,505.2,444.5,506.73333333333335,12
Beans,Kandy,2024-01-15,895.2,668.5,570.5,505.2,581.4,1
Beans,Kandy,2024-02-15,836.5,895.2,668.5,570.5,711.4,2
Beans,Kandy,2024-03-15,379.5,836.5,895.2,668.5,800.0666666666666,3
Beans,Kandy,2024-04-15,242.4,379.5,836.5,895.2,703.7333333333332,4
Beans,Kandy,2024-05-15,473.0,242.4,379.5,836.5,486.1333333333334,5
Beans,Kandy,2024-06-15,723.5,473.0,242.4,379.5,364.9666666666667,6
Beans,Kandy,2024-07-15,736.0,723.5,473.0,242.4,479.6333333333334,7
Beans,Kandy,2024-08-15,478.0,736.0,723.5,473.0,644.1666666666666,8
Beans,Kandy,2024-09-15,338.4,478.0,736.0,723.5,645.8333333333334,9
Beans,Kandy,2024-10-15,484.0,338.4,478.0,736.0,517.4666666666666,10
Beans,Kandy,2024-11-15,473.5,484.0,338.4,478.0,433.4666666666667,11
Beans,Kandy,2024-12-15,596.0,473.5,484.0,338.4,431.9666666666667,12
Beans,Kandy,2025-01-15,558.0,596.0,473.5,484.0,517.8333333333334,1
Beans,Kandy,2025-02-15,516.0,558.0,596.0,473.5,542.5,2
Beans,Kandy,2025-03-15,610.0,516.0,558.0,596.0,556.6666666666666,3
Beans,Kandy,2025-04-15,584.0,610.0,516.0,558.0,561.3333333333334,4
Beans,Kandy,2025-05-15,516.0,584.0,610.0,516.0,570.0,5
Beans,Kandy,2025-06-15,565.6,516.0,584.0,610.0,570.0,6
Beans,Kandy,2025-07-15,579.5,565.6,516.0,584.0,555.1999999999999,7
Beans,Kandy,2025-08-15,682.0,579.5,565.6,516.0,553.6999999999999,8
Beans,Kandy,2025-09-15,469.6,682.0,579.5,565.6,609.0333333333333,9
Beans,Kegalle,2023-09-15,449.0,466.0,538.8,519.5,508.09999999999997,9
Beans,Kegalle,2023-10-15,476.8,449.0,466.0,538.8,484.59999999999997,10
Beans,Kegalle,2023-11-15,529.0,476.8,449.0,466.0,463.93333333333334,11
Beans,Kegalle,2023-12-15,629.0,529.0,476.8,449.0,484.93333333333334,12
Beans,Kegalle,2024-01-15,946.0,629.0,529.0,476.8,544.9333333333333,1
Beans,Kegalle,2024-02-15,760.5,946.0,629.0,529.0,701.3333333333334,2
Beans,Kegalle,2024-03-15,403.5,760.5,946.0,629.0,778.5,3
Beans,Kegalle,2024-04-15,243.2,403.5,760.5,946.0,703.3333333333334,4
Beans,Kegalle,2024-05-15,459.0,243.2,403.5,760.5,469.06666666666666,5
Beans,Kegalle,2024-06-15,459.0,459.0,243.2,403.5,368.56666666666666,6
Beans,Kegalle,2024-07-15,673.6,459.0,459.0,243.2,387.06666666666666,7
Beans,Kegalle,2024-08-15,524.0,673.6,459.0,459.0,530.5333333333333,8
Beans,Kegalle,2024-09-15,368.0,524.0,673.6,459.0,552.1999999999999,9
Beans,Kegalle,2024-10-15,446.0,368.0,524.0,673.6,521.8666666666667,10
Beans,Kegalle,2024-11-15,456.0,446.0,368.0,524.0,446.0,11
Beans,Kegalle,2024-12-15,550.4,456.0,446.0,368.0,423.3333333333333,12
Beans,Kegalle,2025-01-15,556.0,550.4,456.0,446.0,484.1333333333334,1
Beans,Kegalle,2025-02-15,516.0,556.0,550.4,456.0,520.8000000000001,2
Beans,Kegalle,2025-03-15,600.0,516.0,556.0,550.4,540.8000000000001,3
Beans,Kegalle,2025-04-15,602.67,600.0,516.0,556.0,557.3333333333334,4
Beans,Kegalle,2025-05-15,586.0,602.67,600.0,516.0,572.89,5
Beans,Kegalle,2025-06-15,624.0,586.0,602.67,600.0,596.2233333333334,6
Beans,Kegalle,2025-07-15,616.0,624.0,586.0,602.67,604.2233333333334,7
Beans,Kegalle,2025-08-15,666.0,616.0,624.0,586.0,608.6666666666666,8
Beans,Kegalle,2025-09-15,480.0,666.0,616.0,624.0,635.3333333333334,9
Beans,Kilinochchi,2023-09-15,486.5,599.0,583.6,583.0,588.5333333333333,9
Beans,Kilinochchi,2023-10-15,586.8,486.5,599.0,583.6,556.3666666666667,10
Beans,Kilinochchi,2023-11-15,562.0,586.8,486.5,599.0,557.4333333333334,11
Beans,Kilinochchi,2023-12-15,599.5,562.0,586.8,486.5,545.1,12
Beans,Kilinochchi,2024-01-15,758.4,599.5,562.0,586.8,582.7666666666668,1
Beans,Kilinochchi,2024-02-15,593.0,758.4,599.5,562.0,639.9666666666666,2
Beans,Kilinochchi,2024-03-15,525.5,593.0,758.4,599.5,650.3000000000001,3
Beans,Kilinochchi,2024-04-15,369.6,525.5,593.0,758.4,625.6333333333333,4
Beans,Kilinochchi,2024-05-15,562.0,369.6,525.5,593.0,496.0333333333333,5
Beans,Kilinochchi,2024-06-15,562.0,562.0,369.6,525.5,485.7,6
Beans,Kilinochchi,2024-07-15,851.2,562.0,562.0,369.6,497.8666666666666,7
Beans,Kilinochchi,2024-08-15,679.5,851.2,562.0,562.0,658.4000000000001,8
Beans,Kilinochchi,2024-09-15,574.0,679.5,851.2,562.0,697.5666666666667,9
Beans,Kilinochchi,2024-10-15,596.5,574.0,679.5,851.2,701.5666666666667,10
Beans,Kilinochchi,2024-11-15,600.0,596.5,574.0,679.5,616.6666666666666,11
Beans,Kilinochchi,2024-12-15,685.6,600.0,596.5,574.0,590.1666666666666,12
Beans,Kilinochchi,2025-01-15,524.5,685.6,600.0,596.5,627.3666666666667,1
Beans,Kilinochchi,2025-02-15,573.5,524.5,685.6,600.0,603.3666666666667,2
Beans,Kilinochchi,2025-03-15,596.0,573.5,524.5,685.6,594.5333333333333,3
Beans,Kilinochchi,2025-04-15,762.0,596.0,573.5,524.5,564.6666666666666,4
Beans,Kilinochchi,2025-05-15,836.5,762.0,596.0,573.5,643.8333333333334,5
Beans,Kilinochchi,2025-06-15,789.38,836.5,762.0,596.0,731.5,6
Beans,Kilinochchi,2025-09-15,591.11,789.38,836.5,762.0,795.96,9
Beans,Kurunegala,2023-09-15,446.0,477.0,576.8,522.0,525.2666666666667,9
Beans,Kurunegala,2023-10-15,535.8,446.0,477.0,576.8,499.93333333333334,10
Beans,Kurunegala,2023-11-15,590.0,535.8,446.0,477.0,486.26666666666665,11
Beans,Kurunegala,2023-12-15,752.5,590.0,535.8,446.0,523.9333333333333,12
Beans,Kurunegala,2024-01-15,987.6,752.5,590.0,535.8,626.1,1
Beans,Kurunegala,2024-02-15,788.88,987.6,752.5,590.0,776.6999999999999,2
Beans,Kurunegala,2024-03-15,411.5,788.88,987.6,752.5,842.9933333333333,3
Beans,Kurunegala,2024-04-15,310.3,411.5,788.88,987.6,729.3266666666667,4
Beans,Kurunegala,2024-05-15,571.0,310.3,411.5,788.88,503.56,5
Beans,Kurunegala,2024-06-15,715.5,571.0,310.3,411.5,430.93333333333334,6
Beans,Kurunegala,2024-09-15,360.0,715.5,571.0,310.3,532.2666666666667,9
Beans,Kurunegala,2024-10-15,374.17,360.0,715.5,571.0,548.8333333333334,10
Beans,Kurunegala,2024-11-15,501.39,374.17,360.0,715.5,483.22333333333336,11
Beans,Kurunegala,2024-12-15,712.17,501.39,374.17,360.0,411.8533333333333,12
Beans,Kurunegala,2025-01-15,490.62,712.17,501.39,374.17,529.2433333333333,1
Beans,Kurunegala,2025-02-15,508.75,490.62,712.17,501.39,568.06,2
Beans,Kurunegala,2025-03-15,501.5,508.75,490.62,712.17,570.5133333333333,3
Beans,Kurunegala,2025-04-15,604.38,501.5,508.75,490.62,500.28999999999996,4
Beans,Kurunegala,2025-05-15,588.75,604.38,501.5,508.75,538.21,5
Beans,Kurunegala,2025-06-15,563.0,588.75,604.38,501.5,564.8766666666667,6
Beans,Kurunegala,2025-07-15,626.25,563.0,588.75,604.38,585.3766666666667,7
Beans,Kurunegala,2025-08-15,710.25,626.25,563.0,588.75,592.6666666666666,8
Beans,Kurunegala,2025-09-15,462.5,710.25,626.25,563.0,633.1666666666666,9
Beans,Mannar,2023-09-15,483.0,522.0,559.6,573.0,551.5333333333333,9
Beans,Mannar,2023-10-15,516.8,483.0,522.0,559.6,521.5333333333333,10
Beans,Mannar,2023-11-15,586.5,516.8,483.0,522.0,507.26666666666665,11
Beans,Mannar,2023-12-15,666.5,586.5,516.8,483.0,528.7666666666667,12
Beans,Mannar,2024-01-15,918.0,666.5,586.5,516.8,589.9333333333333,1
Beans,Mannar,2024-02-15,743.0,918.0,666.5,586.5,723.6666666666666,2
Beans,Mannar,2024-03-15,730.0,743.0,918.0,666.5,775.8333333333334,3
Beans,Mannar,2024-04-15,318.0,730.0,743.0,918.0,797.0,4
Beans,Mannar,2024-05-15,588.0,318.0,730.0,743.0,597.0,5
Beans,Mannar,2024-06-15,588.0,588.0,318.0,730.0,545.3333333333334,6
Beans,Mannar,2024-07-15,823.5,588.0,588.0,318.0,498.0,7
Beans,Mannar,2024-08-15,625.5,823.5,588.0,588.0,666.5,8
Beans,Mannar,2024-09-15,499.6,625.5,823.5,588.0,679.0,9
Beans,Mannar,2024-10-15,551.0,499.6,625.5,823.5,649.5333333333333,10
Beans,Mannar,2024-11-15,547.5,551.0,499.6,625.5,558.6999999999999,11
Beans,Mannar,2024-12-15,748.0,547.5,551.0,499.6,532.6999999999999,12
Beans,Mannar,2025-01-15,639.0,748.0,547.5,551.0,615.5,1
Beans,Mannar,2025-06-15,593.83,639.0,748.0,547.5,644.8333333333334,6
Beans,Mannar,2025-07-15,562.5,593.83,639.0,748.0,660.2766666666668,7
Beans,Mannar,2025-08-15,559.38,562.5,593.83,639.0,598.4433333333333,8
Beans,Mannar,2025-09-15,434.5,559.38,562.5,593.83,571.9033333333333,9
Beans,Matale,2023-09-15,423.0,474.0,506.8,498.0,492.93333333333334,9
Beans,Matale,2023-10-15,523.2,423.0,474.0,506.8,467.93333333333334,10
Beans,Matale,2023-11-15,571.0,523.2,423.0,474.0,473.40000000000003,11
Beans,Matale,2023-12-15,602.0,571.0,523.2,423.0,505.73333333333335,12
Beans,Matale,2024-01-15,890.4,602.0,571.0,523.2,565.4,1
Beans,Matale,2024-02-15,667.0,890.4,602.0,571.0,687.8000000000001,2
Beans,Matale,2024-03-15,346.0,667.0,890.4,602.0,719.8000000000001,3
Beans,Matale,2024-04-15,233.6,346.0,667.0,890.4,634.4666666666667,4
Beans,Matale,2024-05-15,557.33,233.6,346.0,667.0,415.5333333333333,5
Beans,Matale,2024-06-15,557.33,557.33,233.6,346.0,378.9766666666667,6
Beans,Matale,2024-07-15,686.4,557.33,557.33,233.6,449.4200000000001,7
Beans,Matale,2024-08-15,547.5,686.4,557.33,557.33,600.3533333333334,8
Beans,Matale,2024-09-15,326.4,547.5,686.4,557.33,597.0766666666667,9
Beans,Matale,2024-10-15,416.0,326.4,547.5,686.4,520.1,10
Beans,Matale,2024-11-15,486.0,416.0,326.4,547.5,429.9666666666667,11
Beans,Matale,2024-12-15,567.2,486.0,416.0,326.4,409.4666666666667,12
Beans,Matale,2025-01-15,512.0,567.2,486.0,416.0,489.73333333333335,1
Beans,Matale,2025-02-15,495.0,512.0,567.2,486.0,521.7333333333333,2
Beans,Matale,2025-03-15,623.2,495.0,512.0,567.2,524.7333333333333,3
Beans,Matale,2025-04-15,659.5,623.2,495.0,512.0,543.4,4
Beans,Matale,2025-05-15,600.0,659.5,623.2,495.0,592.5666666666667,5
Beans,Matale,2025-06-15,626.4,600.0,659.5,623.2,627.5666666666667,6
Beans,Matale,2025-07-15,568.0,626.4,600.0,659.5,628.6333333333333,7
Beans,Matale,2025-08-15,750.0,568.0,626.4,600.0,598.1333333333333,8
Beans,Matale,2025-09-15,502.67,750.0,568.0,626.4,648.1333333333333,9
Beans,Matara,2023-09-15,429.38,426.88,492.0,503.12,474.0,9
Beans,Matara,2023-10-15,523.0,429.38,426.88,492.0,449.42,10
Beans,Matara,2023-11-15,621.88,523.0,429.38,426.88,459.75333333333333,11
Beans,Matara,2023-12-15,734.5,621.88,523.0,429.38,524.7533333333333,12
Beans,Matara,2024-01-15,1109.5,734.5,621.88,523.0,626.46,1
Beans,Matara,2024-02-15,813.75,1109.5,734.5,621.88,821.96,2
Beans,Matara,2024-03-15,345.0,813.75,1109.5,734.5,885.9166666666666,3
Beans,Matara,2024-04-15,203.5,345.0,813.75,1109.5,756.0833333333334,4
Beans,Matara,2024-05-15,503.75,203.5,345.0,813.75,454.0833333333333,5
Beans,Matara,2024-06-15,672.5,503.75,203.5,345.0,350.75,6
Beans,Matara,2024-07-15,734.67,672.5,503.75,203.5,459.9166666666667,7
Beans,Matara,2024-08-15,495.62,734.67,672.5,503.75,636.9733333333334,8
Beans,Matara,2024-09-15,359.0,495.62,734.67,672.5,634.2633333333333,9
Beans,Matara,2024-10-15,462.5,359.0,495.62,734.67,529.7633333333333,10
Beans,Matara,2024-11-15,507.5,462.5,359.0,495.62,439.03999999999996,11
Beans,Matara,2024-12-15,649.5,507.5,462.5,359.0,443.0,12
Beans,Matara,2025-01-15,487.5,649.5,507.5,462.5,539.8333333333334,1
Beans,Matara,2025-02-15,484.38,487.5,649.5,507.5,548.1666666666666,2
Beans,Matara,2025-03-15,589.0,484.38,487.5,649.5,540.46,3
Beans,Matara,2025-04-15,608.75,589.0,484.38,487.5,520.2933333333334,4
Beans,Matara,2025-05-15,632.5,608.75,589.0,484.38,560.71,5
Beans,Matara,2025-06-15,655.0,632.5,608.75,589.0,610.0833333333334,6
Beans,Matara,2025-07-15,619.38,655.0,632.5,608.75,632.0833333333334,7
Beans,Matara,2025-08-15,672.5,619.38,655.0,632.5,635.6266666666667,8
Beans,Matara,2025-09-15,451.33,672.5,619.38,655.0,648.96,9
Beans,Monaragala,2023-09-15,422.0,468.0,491.2,482.0,480.40000000000003,9
Beans,Monaragala,2023-10-15,513.6,422.0,468.0,491.2,460.40000000000003,10
Beans,Monaragala,2023-11-15,557.0,513.6,422.0,468.0,467.8666666666666,11
Beans,Monaragala,2023-12-15,638.0,557.0,513.6,422.0,497.5333333333333,12
Beans,Monaragala,2024-01-15,841.6,638.0,557.0,513.6,569.5333333333333,1
Beans,Monaragala,2024-02-15,756.0,841.6,638.0,557.0,678.8666666666667,2
Beans,Monaragala,2024-03-15,389.0,756.0,841.6,638.0,745.1999999999999,3
Beans,Monaragala,2024-04-15,260.8,389.0,756.0,841.6,662.1999999999999,4
Beans,Monaragala,2024-05-15,470.0,260.8,389.0,756.0,468.6000000000001,5
Beans,Monaragala,2024-06-15,682.0,470.0,260.8,389.0,373.26666666666665,6
Beans,Monaragala,2024-07-15,669.47,682.0,470.0,260.8,470.93333333333334,7
Beans,Monaragala,2024-08-15,591.0,669.47,682.0,470.0,607.1566666666666,8
Beans,Monaragala,2024-09-15,372.8,591.0,669.47,682.0,647.49,9
Beans,Monaragala,2024-10-15,460.0,372.8,591.0,669.47,544.4233333333333,10
Beans,Monaragala,2024-11-15,485.0,460.0,372.8,591.0,474.59999999999997,11
Beans,Monaragala,2024-12-15,582.8,485.0,460.0,372.8,439.26666666666665,12
Beans,Monaragala,2025-01-15,542.0,582.8,485.0,460.0,509.26666666666665,1
Beans,Monaragala,2025-02-15,512.0,542.0,582.8,485.0,536.6,2
Beans,Monaragala,2025-03-15,555.2,512.0,542.0,582.8,545.6,3
Beans,Monaragala,2025-04-15,588.5,555.2,512.0,542.0,536.4,4
Beans,Monaragala,2025-05-15,636.0,588.5,555.2,512.0,551.9,5
Beans,Monaragala,2025-06-15,640.0,636.0,588.5,555.2,593.2333333333333,6
Beans,Monaragala,2025-07-15,582.0,640.0,636.0,588.5,621.5,7
Beans,Monaragala,2025-08-15,708.0,582.0,640.0,636.0,619.3333333333334,8
Beans,Monaragala,2025-09-15,468.8,708.0,582.0,640.0,643.3333333333334,9
Beans,Mullativu,2024-07-15,759.6,758.0,528.39,510.0,598.7966666666666,7
Beans,Mullativu,2024-08-15,682.0,759.6,758.0,528.39,681.9966666666667,8
Beans,Mullativu,2024-09-15,528.0,682.0,759.6,758.0,733.1999999999999,9
Beans,Mullativu,2025-05-15,775.75,528.0,682.0,759.6,656.5333333333333,5
Beans,Mullativu,2025-07-15,587.0,775.75,528.0,682.0,661.9166666666666,7
Beans,Mullativu,2025-08-15,748.5,587.0,775.75,528.0,630.25,8
Beans,Mullativu,2025-09-15,548.4,748.5,587.0,775.75,703.75,9
Beans,Nikaweratiya,2023-09-15,450.0,487.5,541.5,521.25,516.75,9
Beans,Nikaweratiya,2023-11-15,572.29,450.0,487.5,541.5,493.0,11
Beans,Nikaweratiya,2024-04-15,309.0,572.29,450.0,487.5,503.2633333333333,4
Beans,Nikaweratiya,2024-12-15,610.0,309.0,572.29,450.0,443.7633333333333,12
Beans,Nikaweratiya,2025-03-15,686.0,610.0,309.0,572.29,497.09666666666664,3
Beans,Nikaweratiya,2025-04-15,814.5,686.0,610.0,309.0,535.0,4
Beans,Nikaweratiya,2025-05-15,646.0,814.5,686.0,610.0,703.5,5
Beans,Nikaweratiya,2025-06-15,635.2,646.0,814.5,686.0,715.5,6
Beans,Nikaweratiya,2025-09-15,525.2,635.2,646.0,814.5,698.5666666666666,9
Beans,Nuwara Eliya,2023-09-15,415.0,414.0,485.2,449.33,449.51,9
Beans,Nuwara Eliya,2023-10-15,486.4,415.0,414.0,485.2,438.06666666666666,10
Beans,Nuwara Eliya,2023-11-15,516.0,486.4,415.0,414.0,438.4666666666667,11
Beans,Nuwara Eliya,2023-12-15,650.0,516.0,486.4,415.0,472.4666666666667,12
Beans,Nuwara Eliya,2024-01-15,863.2,650.0,516.0,486.4,550.8000000000001,1
Beans,Nuwara Eliya,2024-02-15,790.83,863.2,650.0,516.0,676.4,2
Beans,Nuwara Eliya,2024-03-15,331.0,790.83,863.2,650.0,768.0099999999999,3
Beans,Nuwara Eliya,2024-04-15,259.33,331.0,790.83,863.2,661.6766666666666,4
Beans,Nuwara Eliya,2024-05-15,486.75,259.33,331.0,790.83,460.3866666666666,5
Beans,Nuwara Eliya,2024-06-15,586.5,486.75,259.33,331.0,359.02666666666664,6
Beans,Nuwara Eliya,2024-07-15,694.8,586.5,486.75,259.33,444.1933333333333,7
Beans,Nuwara Eliya,2024-08-15,463.0,694.8,586.5,486.75,589.35,8
Beans,Nuwara Eliya,2024-09-15,305.0,463.0,694.8,586.5,581.4333333333333,9
Beans,Nuwara Eliya,2024-10-15,416.5,305.0,463.0,694.8,487.59999999999997,10
Beans,Nuwara Eliya,2024-11-15,483.25,416.5,305.0,463.0,394.8333333333333,11
Beans,Nuwara Eliya,2024-12-15,573.0,483.25,416.5,305.0,401.5833333333333,12
Beans,Nuwara Eliya,2025-01-15,537.33,573.0,483.25,416.5,490.9166666666667,1
Beans,Nuwara Eliya,2025-02-15,430.5,537.33,573.0,483.25,531.1933333333333,2
Beans,Nuwara Eliya,2025-03-15,569.2,430.5,537.33,573.0,513.61,3
Beans,Nuwara Eliya,2025-04-15,697.33,569.2,430.5,537.33,512.3433333333334,4
Beans,Nuwara Eliya,2025-05-15,492.5,697.33,569.2,430.5,565.6766666666667,5
Beans,Nuwara Eliya,2025-06-15,626.4,492.5,697.33,569.2,586.3433333333334,6
Beans,Nuwara Eliya,2025-07-15,578.0,626.4,492.5,697.33,605.41,7
Beans,Nuwara Eliya,2025-08-15,659.33,578.0,626.4,492.5,565.6333333333333,8
Beans,Nuwara Eliya,2025-09-15,399.6,659.33,578.0,626.4,621.2433333333333,9
Beans,Polonnaruwa,2023-09-15,419.0,485.0,513.0,538.38,512.1266666666667,9
Beans,Polonnaruwa,2023-10-15,540.4,419.0,485.0,513.0,472.3333333333333,10
Beans,Polonnaruwa,2023-11-15,561.5,540.4,419.0,485.0,481.4666666666667,11
Beans,Polonnaruwa,2023-12-15,630.67,561.5,540.4,419.0,506.9666666666667,12
Beans,Polonnaruwa,2024-01-15,998.0,630.67,561.5,540.4,577.5233333333333,1
Beans,Polonnaruwa,2024-02-15,859.17,998.0,630.67,561.5,730.0566666666667,2
Beans,Polonnaruwa,2024-03-15,467.88,859.17,998.0,630.67,829.2800000000001,3
Beans,Polonnaruwa,2024-04-15,324.8,467.88,859.17,998.0,775.0166666666668,4
Beans,Polonnaruwa,2024-05-15,408.0,324.8,467.88,859.17,550.6166666666667,5
Beans,Polonnaruwa,2024-08-15,615.0,408.0,324.8,467.88,400.2266666666667,8
Beans,Polonnaruwa,2024-09-15,384.0,615.0,408.0,324.8,449.2666666666667,9
Beans,Polonnaruwa,2024-10-15,431.0,384.0,615.0,408.0,469.0,10
Beans,Polonnaruwa,2024-11-15,521.0,431.0,384.0,615.0,476.6666666666667,11
Beans,Polonnaruwa,2024-12-15,586.4,521.0,431.0,384.0,445.3333333333333,12
Beans,Polonnaruwa,2025-01-15,531.0,586.4,521.0,431.0,512.8000000000001,1
Beans,Polonnaruwa,2025-02-15,638.5,531.0,586.4,521.0,546.1333333333333,2
Beans,Polonnaruwa,2025-03-15,624.8,638.5,531.0,586.4,585.3000000000001,3
Beans,Polonnaruwa,2025-04-15,611.5,624.8,638.5,531.0,598.1,4
Beans,Polonnaruwa,2025-05-15,607.0,611.5,624.8,638.5,624.9333333333334,5
Beans,Polonnaruwa,2025-06-15,670.4,607.0,611.5,624.8,614.4333333333334,6
Beans,Polonnaruwa,2025-07-15,537.75,670.4,607.0,611.5,629.6333333333333,7
Beans,Polonnaruwa,2025-08-15,694.0,537.75,670.4,607.0,605.0500000000001,8
Beans,Polonnaruwa,2025-09-15,484.0,694.0,537.75,670.4,634.0500000000001,9
Beans,Puttalam,2023-09-15,491.0,512.0,568.0,571.0,550.3333333333334,9
Beans,Puttalam,2023-10-15,553.6,491.0,512.0,568.0,523.6666666666666,10
Beans,Puttalam,2023-11-15,671.0,553.6,491.0,512.0,518.8666666666667,11
Beans,Puttalam,2023-12-15,718.0,671.0,553.6,491.0,571.8666666666667,12
Beans,Puttalam,2024-01-15,979.2,718.0,671.0,553.6,647.5333333333333,1
Beans,Puttalam,2024-02-15,904.0,979.2,718.0,671.0,789.4000000000001,2
Beans,Puttalam,2024-03-15,490.0,904.0,979.2,718.0,867.0666666666667,3
Beans,Puttalam,2024-04-15,349.6,490.0,904.0,979.2,791.0666666666667,4
Beans,Puttalam,2024-05-15,561.25,349.6,490.0,904.0,581.1999999999999,5
Beans,Puttalam,2024-06-15,561.25,561.25,349.6,490.0,466.95,6
Beans,Puttalam,2024-07-15,713.12,561.25,561.25,349.6,490.7,7
Beans,Puttalam,2024-08-15,575.83,713.12,561.25,561.25,611.8733333333333,8
Beans,Puttalam,2024-09-15,395.0,575.83,713.12,561.25,616.7333333333332,9
Beans,Puttalam,2024-10-15,553.33,395.0,575.83,713.12,561.3166666666666,10
Beans,Puttalam,2024-11-15,536.67,553.33,395.0,575.83,508.05333333333334,11
Beans,Puttalam,2024-12-15,722.5,536.67,553.33,395.0,495.0,12
Beans,Puttalam,2025-01-15,518.33,722.5,536.67,553.33,604.1666666666666,1
Beans,Puttalam,2025-02-15,620.0,518.33,722.5,536.67,592.5,2
Beans,Puttalam,2025-03-15,652.0,620.0,518.33,722.5,620.2766666666666,3
Beans,Puttalam,2025-04-15,672.5,652.0,620.0,518.33,596.7766666666666,4
Beans,Puttalam,2025-05-15,701.25,672.5,652.0,620.0,648.1666666666666,5
Beans,Puttalam,2025-06-15,704.0,701.25,672.5,652.0,675.25,6
Beans,Puttalam,2025-07-15,703.75,704.0,701.25,672.5,692.5833333333334,7
Beans,Puttalam,2025-09-15,524.17,703.75,704.0,701.25,703.0,9
Beans,Rathnapura,2024-10-15,418.0,637.67,831.0,470.0,646.2233333333334,10
Beans,Rathnapura,2025-01-15,457.0,418.0,637.67,831.0,628.89,1
Beans,Trincomalee,2023-09-15,368.25,488.5,523.2,553.75,521.8166666666667,9
Beans,Trincomalee,2023-10-15,509.2,368.25,488.5,523.2,459.98333333333335,10
Beans,Trincomalee,2023-11-15,554.0,509.2,368.25,488.5,455.31666666666666,11
Beans,Trincomalee,2023-12-15,655.0,554.0,509.2,368.25,477.15000000000003,12
Beans,Trincomalee,2024-01-15,861.3,655.0,554.0,509.2,572.7333333333333,1
Beans,Trincomalee,2024-02-15,709.0,861.3,655.0,554.0,690.1,2
Beans,Trincomalee,2024-03-15,501.0,709.0,861.3,655.0,741.7666666666668,3
Beans,Trincomalee,2024-04-15,370.0,501.0,709.0,861.3,690.4333333333334,4
Beans,Trincomalee,2024-05-15,474.0,370.0,501.0,709.0,526.6666666666666,5
Beans,Trincomalee,2024-06-15,474.0,474.0,370.0,501.0,448.3333333333333,6
Beans,Trincomalee,2024-07-15,782.8,474.0,474.0,370.0,439.3333333333333,7
Beans,Trincomalee,2024-08-15,648.0,782.8,474.0,474.0,576.9333333333333,8
Beans,Trincomalee,2024-09-15,582.4,648.0,782.8,474.0,634.9333333333333,9
Beans,Trincomalee,2024-10-15,580.0,582.4,648.0,782.8,671.0666666666666,10
Beans,Trincomalee,2024-11-15,599.75,580.0,582.4,648.0,603.4666666666667,11
Beans,Trincomalee,2024-12-15,720.8,599.75,580.0,582.4,587.3833333333333,12
Beans,Trincomalee,2025-01-15,669.5,720.8,599.75,580.0,633.5166666666665,1
Beans,Trincomalee,2025-02-15,607.5,669.5,720.8,599.75,663.3499999999999,2
Beans,Trincomalee,2025-03-15,400.67,607.5,669.5,720.8,665.9333333333333,3
Beans,Trincomalee,2025-04-15,636.5,400.67,607.5,669.5,559.2233333333334,4
Beans,Trincomalee,2025-05-15,679.33,636.5,400.67,607.5,548.2233333333334,5
Beans,Trincomalee,2025-06-15,553.6,679.33,636.5,400.67,572.1666666666666,6
Beans,Trincomalee,2025-07-15,614.5,553.6,679.33,636.5,623.1433333333333,7
Beans,Trincomalee,2025-08-15,695.0,614.5,553.6,679.33,615.81,8
Beans,Trincomalee,2025-09-15,599.67,695.0,614.5,553.6,621.0333333333333,9
Beans,Vavuniya,2023-09-15,509.0,579.5,583.6,591.0,584.6999999999999,9
Beans,Vavuniya,2023-10-15,581.6,509.0,579.5,583.6,557.3666666666667,10
Beans,Vavuniya,2023-11-15,537.5,581.6,509.0,579.5,556.7,11
Beans,Vavuniya,2023-12-15,619.0,537.5,581.6,509.0,542.6999999999999,12
Beans,Vavuniya,2024-01-15,825.6,619.0,537.5,581.6,579.3666666666667,1
Beans,Vavuniya,2024-02-15,683.5,825.6,619.0,537.5,660.6999999999999,2
Beans,Vavuniya,2024-03-15,535.75,683.5,825.6,619.0,709.3666666666667,3
Beans,Vavuniya,2024-04-15,348.7,535.75,683.5,825.6,681.6166666666667,4
Beans,Vavuniya,2024-05-15,654.0,348.7,535.75,683.5,522.65,5
Beans,Vavuniya,2024-06-15,1072.5,654.0,348.7,535.75,512.8166666666666,6
Beans,Vavuniya,2024-07-15,827.6,1072.5,654.0,348.7,691.7333333333332,7
Beans,Vavuniya,2024-08-15,706.08,827.6,1072.5,654.0,851.3666666666667,8
Beans,Vavuniya,2024-09-15,483.4,706.08,827.6,1072.5,868.7266666666666,9
Beans,Vavuniya,2024-10-15,570.5,483.4,706.08,827.6,672.36,10
Beans,Vavuniya,2024-11-15,527.0,570.5,483.4,706.08,586.66,11
Beans,Vavuniya,2024-12-15,673.33,527.0,570.5,483.4,526.9666666666666,12
Beans,Vavuniya,2025-01-15,424.58,673.33,527.0,570.5,590.2766666666665,1
Beans,Vavuniya,2025-02-15,556.0,424.58,673.33,527.0,541.6366666666667,2
Beans,Vavuniya,2025-03-15,679.6,556.0,424.58,673.33,551.3033333333333,3
Beans,Vavuniya,2025-04-15,850.0,679.6,556.0,424.58,553.3933333333333,4
Beans,Vavuniya,2025-05-15,892.5,850.0,679.6,556.0,695.1999999999999,5
Beans,Vavuniya,2025-06-15,779.75,892.5,850.0,679.6,807.3666666666667,6
Beans,Vavuniya,2025-07-15,637.0,779.75,892.5,850.0,840.75,7
Beans,Vavuniya,2025-08-15,713.33,637.0,779.75,892.5,769.75,8
Beans,Vavuniya,2025-09-15,609.0,713.33,637.0,779.75,710.0266666666666,9
Cabbage,Ampara,2023-09-15,211.67,280.0,300.0,378.33,319.4433333333333,9
Cabbage,Ampara,2023-10-15,236.0,211.67,280.0,300.0,263.89000000000004,10
Cabbage,Ampara,2023-11-15,356.67,236.0,211.67,280.0,242.55666666666664,11
Cabbage,Ampara,2023-12-15,559.17,356.67,236.0,211.67,268.11333333333334,12
Cabbage,Ampara,2024-01-15,725.33,559.17,356.67,236.0,383.9466666666667,1
Cabbage,Ampara,2024-02-15,636.67,725.33,559.17,356.67,547.0566666666667,2
Cabbage,Ampara,2024-03-15,491.67,636.67,725.33,559.17,640.39,3
Cabbage,Ampara,2024-04-15,305.33,491.67,636.67,725.33,617.89,4
Cabbage,Ampara,2024-05-15,238.33,305.33,491.67,636.67,477.89000000000004,5
Cabbage,Ampara,2024-06-15,238.33,238.33,305.33,491.67,345.10999999999996,6
Cabbage,Ampara,2024-07-15,390.83,238.33,238.33,305.33,260.66333333333336,7
Cabbage,Ampara,2024-08-15,347.92,390.83,238.33,238.33,289.16333333333336,8
Cabbage,Ampara,2024-09-15,294.67,347.92,390.83,238.33,325.6933333333333,9
Cabbage,Ampara,2024-10-15,246.67,294.67,347.92,390.83,344.47333333333336,10
Cabbage,Ampara,2024-11-15,206.67,246.67,294.67,347.92,296.42,11
Cabbage,Ampara,2024-12-15,286.67,206.67,246.67,294.67,249.33666666666667,12
Cabbage,Ampara,2025-01-15,281.67,286.67,206.67,246.67,246.67,1
Cabbage,Ampara,2025-02-15,356.67,281.67,286.67,206.67,258.33666666666664,2
Cabbage,Ampara,2025-03-15,358.67,356.67,281.67,286.67,308.33666666666664,3
Cabbage,Ampara,2025-04-15,448.89,358.67,356.67,281.67,332.33666666666664,4
Cabbage,Ampara,2025-05-15,570.0,448.89,358.67,356.67,388.07666666666665,5
Cabbage,Ampara,2025-06-15,482.67,570.0,448.89,358.67,459.18666666666667,6
Cabbage,Ampara,2025-07-15,350.83,482.67,570.0,448.89,500.52,7
Cabbage,Ampara,2025-08-15,326.67,350.83,482.67,570.0,467.8333333333333,8
Cabbage,Ampara,2025-09-15,272.0,326.67,350.83,482.67,386.72333333333336,9
Cabbage,Anuradhapura,2023-09-15,207.0,270.0,303.2,366.0,313.06666666666666,9
Cabbage,Anuradhapura,2023-10-15,228.0,207.0,270.0,303.2,260.06666666666666,10
Cabbage,Anuradhapura,2023-11-15,322.0,228.0,207.0,270.0,235.0,11
Cabbage,Anuradhapura,2023-12-15,483.0,322.0,228.0,207.0,252.33333333333334,12
Cabbage,Anuradhapura,2024-01-15,660.8,483.0,322.0,228.0,344.3333333333333,1
Cabbage,Anuradhapura,2024-02-15,550.0,660.8,483.0,322.0,488.59999999999997,2
Cabbage,Anuradhapura,2024-03-15,493.0,550.0,660.8,483.0,564.6,3
Cabbage,Anuradhapura,2024-04-15,292.8,493.0,550.0,660.8,567.9333333333333,4
Cabbage,Anuradhapura,2024-05-15,226.0,292.8,493.0,550.0,445.26666666666665,5
Cabbage,Anuradhapura,2024-06-15,304.0,226.0,292.8,493.0,337.26666666666665,6
Cabbage,Anuradhapura,2024-07-15,376.0,304.0,226.0,292.8,274.26666666666665,7
Cabbage,Anuradhapura,2024-08-15,376.0,376.0,304.0,226.0,302.0,8
Cabbage,Anuradhapura,2024-09-15,328.0,376.0,376.0,304.0,352.0,9
Cabbage,Anuradhapura,2024-10-15,280.0,328.0,376.0,376.0,360.0,10
Cabbage,Anuradhapura,2024-11-15,234.0,280.0,328.0,376.0,328.0,11
Cabbage,Anuradhapura,2024-12-15,310.4,234.0,280.0,328.0,280.6666666666667,12
Cabbage,Anuradhapura,2025-01-15,292.0,310.4,234.0,280.0,274.8,1
Cabbage,Anuradhapura,2025-02-15,405.0,292.0,310.4,234.0,278.8,2
Cabbage,Anuradhapura,2025-03-15,409.6,405.0,292.0,310.4,335.8,3
Cabbage,Anuradhapura,2025-04-15,446.0,409.6,405.0,292.0,368.8666666666666,4
Cabbage,Anuradhapura,2025-05-15,545.0,446.0,409.6,405.0,420.2,5
Cabbage,Anuradhapura,2025-06-15,496.0,545.0,446.0,409.6,466.8666666666666,6
Cabbage,Anuradhapura,2025-07-15,383.0,496.0,545.0,446.0,495.6666666666667,7
Cabbage,Anuradhapura,2025-08-15,352.0,383.0,496.0,545.0,474.6666666666667,8
Cabbage,Anuradhapura,2025-09-15,304.8,352.0,383.0,496.0,410.3333333333333,9
Cabbage,Badulla,2023-09-15,181.0,232.0,294.4,308.0,278.1333333333333,9
Cabbage,Badulla,2023-10-15,184.8,181.0,232.0,294.4,235.79999999999998,10
Cabbage,Badulla,2023-11-15,300.0,184.8,181.0,232.0,199.26666666666665,11
Cabbage,Badulla,2023-12-15,448.0,300.0,184.8,181.0,221.9333333333333,12
Cabbage,Badulla,2024-01-15,649.0,448.0,300.0,184.8,310.93333333333334,1
Cabbage,Badulla,2024-02-15,556.42,649.0,448.0,300.0,465.6666666666667,2
Cabbage,Badulla,2024-03-15,460.0,556.42,649.0,448.0,551.14,3
Cabbage,Badulla,2024-04-15,237.8,460.0,556.42,649.0,555.14,4
Cabbage,Badulla,2024-05-15,221.0,237.8,460.0,556.42,418.0733333333333,5
Cabbage,Badulla,2024-06-15,283.75,221.0,237.8,460.0,306.26666666666665,6
Cabbage,Badulla,2024-07-15,354.5,283.75,221.0,237.8,247.51666666666665,7
Cabbage,Badulla,2024-08-15,325.0,354.5,283.75,221.0,286.4166666666667,8
Cabbage,Badulla,2024-09-15,272.5,325.0,354.5,283.75,321.0833333333333,9
Cabbage,Badulla,2024-10-15,220.0,272.5,325.0,354.5,317.3333333333333,10
Cabbage,Badulla,2024-11-15,185.5,220.0,272.5,325.0,272.5,11
Cabbage,Badulla,2024-12-15,267.2,185.5,220.0,272.5,226.0,12
Cabbage,Badulla,2025-01-15,250.0,267.2,185.5,220.0,224.23333333333335,1
Cabbage,Badulla,2025-02-15,320.0,250.0,267.2,185.5,234.23333333333335,2
Cabbage,Badulla,2025-03-15,286.25,320.0,250.0,267.2,279.06666666666666,3
Cabbage,Badulla,2025-04-15,373.75,286.25,320.0,250.0,285.4166666666667,4
Cabbage,Badulla,2025-05-15,432.08,373.75,286.25,320.0,326.6666666666667,5
Cabbage,Badulla,2025-06-15,404.33,432.08,373.75,286.25,364.02666666666664,6
Cabbage,Badulla,2025-07-15,282.08,404.33,432.08,373.75,403.3866666666666,7
Cabbage,Badulla,2025-08-15,253.75,282.08,404.33,432.08,372.8299999999999,8
Cabbage,Badulla,2025-09-15,204.0,253.75,282.08,404.33,313.38666666666666,9
Cabbage,Bandarawela,2023-09-15,153.0,208.0,238.0,278.0,241.33333333333334,9
Cabbage,Bandarawela,2023-10-15,180.0,153.0,208.0,238.0,199.66666666666666,10
Cabbage,Bandarawela,2023-11-15,268.0,180.0,153.0,208.0,180.33333333333334,11
Cabbage,Bandarawela,2023-12-15,407.0,268.0,180.0,153.0,200.33333333333334,12
Cabbage,Bandarawela,2024-01-15,576.8,407.0,268.0,180.0,285.0,1
Cabbage,Bandarawela,2024-02-15,492.0,576.8,407.0,268.0,417.26666666666665,2
Cabbage,Bandarawela,2024-05-15,152.0,492.0,576.8,407.0,491.93333333333334,5
Cabbage,Bandarawela,2024-06-15,232.5,152.0,492.0,576.8,406.93333333333334,6
Cabbage,Bandarawela,2024-07-15,304.8,232.5,152.0,492.0,292.1666666666667,7
Cabbage,Bandarawela,2024-08-15,299.0,304.8,232.5,152.0,229.76666666666665,8
Cabbage,Bandarawela,2024-09-15,236.0,299.0,304.8,232.5,278.76666666666665,9
Cabbage,Bandarawela,2024-10-15,192.0,236.0,299.0,304.8,279.93333333333334,10
Cabbage,Bandarawela,2024-11-15,197.0,192.0,236.0,299.0,242.33333333333334,11
Cabbage,Bandarawela,2024-12-15,210.4,197.0,192.0,236.0,208.33333333333334,12
Cabbage,Bandarawela,2025-01-15,231.0,210.4,197.0,192.0,199.79999999999998,1
Cabbage,Bandarawela,2025-02-15,340.0,231.0,210.4,197.0,212.79999999999998,2
Cabbage,Bandarawela,2025-03-15,309.6,340.0,231.0,210.4,260.46666666666664,3
Cabbage,Bandarawela,2025-04-15,346.0,309.6,340.0,231.0,293.53333333333336,4
Cabbage,Bandarawela,2025-05-15,430.0,346.0,309.6,340.0,331.8666666666667,5
Cabbage,Bandarawela,2025-06-15,355.2,430.0,346.0,309.6,361.8666666666666,6
Cabbage,Bandarawela,2025-07-15,266.0,355.2,430.0,346.0,377.06666666666666,7
Cabbage,Bandarawela,2025-08-15,252.0,266.0,355.2,430.0,350.40000000000003,8
Cabbage,Bandarawela,2025-09-15,231.2,252.0,266.0,355.2,291.06666666666666,9
Cabbage,Batticaloa,2023-09-15,259.0,293.0,326.8,436.5,352.09999999999997,9
Cabbage,Batticaloa,2023-10-15,264.8,259.0,293.0,326.8,292.93333333333334,10
Cabbage,Batticaloa,2023-11-15,361.5,264.8,259.0,293.0,272.2666666666667,11
Cabbage,Batticaloa,2023-12-15,505.0,361.5,264.8,259.0,295.09999999999997,12
Cabbage,Batticaloa,2024-01-15,687.2,505.0,361.5,264.8,377.09999999999997,1
Cabbage,Batticaloa,2024-02-15,607.33,687.2,505.0,361.5,517.9,2
Cabbage,Batticaloa,2024-03-15,515.0,607.33,687.2,505.0,599.8433333333334,3
Cabbage,Batticaloa,2024-04-15,310.8,515.0,607.33,687.2,603.1766666666667,4
Cabbage,Batticaloa,2024-05-15,309.0,310.8,515.0,607.33,477.71000000000004,5
Cabbage,Batticaloa,2024-06-15,309.0,309.0,310.8,515.0,378.26666666666665,6
Cabbage,Batticaloa,2024-07-15,411.2,309.0,309.0,310.8,309.59999999999997,7
Cabbage,Batticaloa,2024-08-15,437.0,411.2,309.0,309.0,343.06666666666666,8
Cabbage,Batticaloa,2024-12-15,201.67,437.0,411.2,309.0,385.73333333333335,12
Cabbage,Batticaloa,2025-01-15,246.25,201.67,437.0,411.2,349.9566666666667,1
Cabbage,Batticaloa,2025-02-15,382.5,246.25,201.67,437.0,294.9733333333333,2
Cabbage,Batticaloa,2025-03-15,391.5,382.5,246.25,201.67,276.8066666666667,3
Cabbage,Batticaloa,2025-04-15,355.0,391.5,382.5,246.25,340.0833333333333,4
Cabbage,Batticaloa,2025-06-15,515.5,355.0,391.5,382.5,376.3333333333333,6
Cabbage,Batticaloa,2025-07-15,334.38,515.5,355.0,391.5,420.6666666666667,7
Cabbage,Batticaloa,2025-08-15,308.33,334.38,515.5,355.0,401.6266666666667,8
Cabbage,Batticaloa,2025-09-15,296.0,308.33,334.38,515.5,386.07,9
Cabbage,Colombo City,2023-09-15,226.31,263.95,296.23,363.88,308.02,9
Cabbage,Colombo City,2023-10-15,238.82,226.31,263.95,296.23,262.16333333333336,10
Cabbage,Colombo City,2023-11-15,340.48,238.82,226.31,263.95,243.02666666666664,11
Cabbage,Colombo City,2023-12-15,508.8,340.48,238.82,226.31,268.5366666666667,12
Cabbage,Colombo City,2024-01-15,733.01,508.8,340.48,238.82,362.7,1
Cabbage,Colombo City,2024-02-15,573.75,733.01,508.8,340.48,527.43,2
Cabbage,Colombo City,2024-03-15,520.25,573.75,733.01,508.8,605.1866666666666,3
Cabbage,Colombo City,2024-04-15,301.06,520.25,573.75,733.01,609.0033333333333,4
Cabbage,Colombo City,2024-05-15,233.46,301.06,520.25,573.75,465.02,5
Cabbage,Colombo City,2024-06-15,302.18,233.46,301.06,520.25,351.59,6
Cabbage,Colombo City,2024-07-15,380.38,302.18,233.46,301.06,278.90000000000003,7
Cabbage,Colombo City,2024-08-15,346.07,380.38,302.18,233.46,305.34000000000003,8
Cabbage,Colombo City,2024-09-15,305.5,346.07,380.38,302.18,342.8766666666667,9
Cabbage,Colombo City,2024-10-15,254.1,305.5,346.07,380.38,343.98333333333335,10
Cabbage,Colombo City,2024-11-15,210.6,254.1,305.5,346.07,301.89,11
Cabbage,Colombo City,2024-12-15,302.14,210.6,254.1,305.5,256.7333333333333,12
Cabbage,Colombo City,2025-01-15,288.4,302.14,210.6,254.1,255.61333333333332,1
Cabbage,Colombo City,2025-02-15,402.36,288.4,302.14,210.6,267.0466666666666,2
Cabbage,Colombo City,2025-03-15,406.99,402.36,288.4,302.14,330.9666666666667,3
Cabbage,Colombo City,2025-04-15,437.21,406.99,402.36,288.4,365.9166666666667,4
Cabbage,Colombo City,2025-05-15,507.59,437.21,406.99,402.36,415.52,5
Cabbage,Colombo City,2025-06-15,465.08,507.59,437.21,406.99,450.59666666666664,6
Cabbage,Colombo City,2025-07-15,364.3,465.08,507.59,437.21,469.96,7
Cabbage,Colombo City,2025-08-15,326.99,364.3,465.08,507.59,445.6566666666667,8
Cabbage,Colombo City,2025-09-15,283.09,326.99,364.3,465.08,385.4566666666667,9
Cabbage,Dammbagalla,2023-09-15,197.0,246.0,282.4,340.0,289.46666666666664,9
Cabbage,Dammbagalla,2023-10-15,206.4,197.0,246.0,282.4,241.79999999999998,10
Cabbage,Dammbagalla,2023-11-15,328.0,206.4,197.0,246.0,216.46666666666667,11
Cabbage,Dammbagalla,2023-12-15,467.5,328.0,206.4,197.0,243.79999999999998,12
Cabbage,Dammbagalla,2024-01-15,686.0,467.5,328.0,206.4,333.96666666666664,1
Cabbage,Dammbagalla,2024-02-15,571.5,686.0,467.5,328.0,493.8333333333333,2
Cabbage,Dammbagalla,2024-03-15,508.0,571.5,686.0,467.5,575.0,3
Cabbage,Dammbagalla,2024-04-15,280.27,508.0,571.5,686.0,588.5,4
Cabbage,Dammbagalla,2024-05-15,219.0,280.27,508.0,571.5,453.25666666666666,5
Cabbage,Dammbagalla,2024-06-15,219.0,219.0,280.27,508.0,335.75666666666666,6
Cabbage,Dammbagalla,2024-07-15,370.4,219.0,219.0,280.27,239.42333333333332,7
Cabbage,Dammbagalla,2024-08-15,371.0,370.4,219.0,219.0,269.46666666666664,8
Cabbage,Dammbagalla,2024-09-15,324.4,371.0,370.4,219.0,320.1333333333333,9
Cabbage,Dammbagalla,2024-10-15,244.0,324.4,371.0,370.4,355.26666666666665,10
Cabbage,Dammbagalla,2024-11-15,210.0,244.0,324.4,371.0,313.1333333333333,11
Cabbage,Dammbagalla,2024-12-15,280.0,210.0,244.0,324.4,259.46666666666664,12
Cabbage,Dammbagalla,2025-01-15,255.0,280.0,210.0,244.0,244.66666666666666,1
Cabbage,Dammbagalla,2025-02-15,401.33,255.0,280.0,210.0,248.33333333333334,2
Cabbage,Dammbagalla,2025-03-15,416.0,401.33,255.0,280.0,312.10999999999996,3
Cabbage,Dammbagalla,2025-04-15,412.0,416.0,401.33,255.0,357.4433333333333,4
Cabbage,Dammbagalla,2025-05-15,523.0,412.0,416.0,401.33,409.77666666666664,5
Cabbage,Dammbagalla,2025-06-15,448.0,523.0,412.0,416.0,450.3333333333333,6
Cabbage,Dammbagalla,2025-07-15,336.0,448.0,523.0,412.0,461.0,7
Cabbage,Dammbagalla,2025-08-15,298.0,336.0,448.0,523.0,435.6666666666667,8
Cabbage,Dammbagalla,2025-09-15,276.8,298.0,336.0,448.0,360.6666666666667,9
Cabbage,Dehiattakandiya,2023-09-15,160.83,246.67,300.0,366.67,304.44666666666666,9
Cabbage,Dehiattakandiya,2023-10-15,188.0,160.83,246.67,300.0,235.83333333333334,10
Cabbage,Dehiattakandiya,2023-11-15,353.33,188.0,160.83,246.67,198.5,11
Cabbage,Dehiattakandiya,2023-12-15,504.17,353.33,188.0,160.83,234.05333333333337,12
Cabbage,Dehiattakandiya,2024-01-15,683.33,504.17,353.33,188.0,348.5,1
Cabbage,Dehiattakandiya,2024-02-15,613.33,683.33,504.17,353.33,513.61,2
Cabbage,Dehiattakandiya,2024-03-15,455.83,613.33,683.33,504.17,600.2766666666668,3
Cabbage,Dehiattakandiya,2024-04-15,288.0,455.83,613.33,683.33,584.1633333333333,4
Cabbage,Dehiattakandiya,2024-05-15,228.33,288.0,455.83,613.33,452.3866666666666,5
Cabbage,Dehiattakandiya,2024-06-15,291.67,228.33,288.0,455.83,324.05333333333334,6
Cabbage,Dehiattakandiya,2024-07-15,388.0,291.67,228.33,288.0,269.3333333333333,7
Cabbage,Dehiattakandiya,2024-08-15,323.33,388.0,291.67,228.33,302.6666666666667,8
Cabbage,Dehiattakandiya,2024-09-15,295.33,323.33,388.0,291.67,334.3333333333333,9
Cabbage,Dehiattakandiya,2024-10-15,215.83,295.33,323.33,388.0,335.55333333333334,10
Cabbage,Dehiattakandiya,2024-11-15,238.33,215.83,295.33,323.33,278.16333333333336,11
Cabbage,Dehiattakandiya,2024-12-15,284.0,238.33,215.83,295.33,249.83,12
Cabbage,Dehiattakandiya,2025-01-15,328.33,284.0,238.33,215.83,246.05333333333337,1
Cabbage,Dehiattakandiya,2025-02-15,411.67,328.33,284.0,238.33,283.55333333333334,2
Cabbage,Dehiattakandiya,2025-03-15,372.0,411.67,328.33,284.0,341.3333333333333,3
Cabbage,Dehiattakandiya,2025-04-15,355.56,372.0,411.67,328.33,370.6666666666667,4
Cabbage,Dehiattakandiya,2025-05-15,496.67,355.56,372.0,411.67,379.74333333333334,5
Cabbage,Dehiattakandiya,2025-06-15,448.0,496.67,355.56,372.0,408.07666666666665,6
Cabbage,Dehiattakandiya,2025-07-15,289.17,448.0,496.67,355.56,433.41,7
Cabbage,Dehiattakandiya,2025-08-15,286.67,289.17,448.0,496.67,411.28000000000003,8
Cabbage,Dehiattakandiya,2025-09-15,245.33,286.67,289.17,448.0,341.28,9
Cabbage,Economic Centre - Peliyagoda,2022-10-15,340.77,481.15,508.57,360.0,449.9066666666667,10
Cabbage,Economic Centre - Peliyagoda,2022-11-15,320.67,340.77,481.15,508.57,443.49666666666667,11
Cabbage,Economic Centre - Peliyagoda,2022-12-15,107.0,320.67,340.77,481.15,380.8633333333334,12
Cabbage,Economic Centre - Peliyagoda,2023-01-15,167.5,107.0,320.67,340.77,256.14666666666665,1
Cabbage,Economic Centre - Peliyagoda,2023-02-15,48.0,167.5,107.0,320.67,198.39000000000001,2
Cabbage,Economic Centre - Peliyagoda,2023-03-15,160.74,48.0,167.5,107.0,107.5,3
Cabbage,Economic Centre - Peliyagoda,2023-04-15,267.14,160.74,48.0,167.5,125.41333333333334,4
Cabbage,Economic Centre - Peliyagoda,2023-05-15,313.0,267.14,160.74,48.0,158.62666666666667,5
Cabbage,Economic Centre-Dambulla,2020-04-15,58.0,98.44,111.56,127.29,112.43,4
Cabbage,Economic Centre-Dambulla,2020-05-15,55.92,58.0,98.44,111.56,89.33333333333333,5
Cabbage,Economic Centre-Dambulla,2020-06-15,92.05,55.92,58.0,98.44,70.78666666666666,6
Cabbage,Economic Centre-Dambulla,2020-07-15,86.57,92.05,55.92,58.0,68.65666666666667,7
Cabbage,Economic Centre-Dambulla,2020-08-15,94.83,86.57,92.05,55.92,78.17999999999999,8
Cabbage,Economic Centre-Dambulla,2020-09-15,93.33,94.83,86.57,92.05,91.14999999999999,9
Cabbage,Economic Centre-Dambulla,2020-10-15,93.33,93.33,94.83,86.57,91.57666666666667,10
Cabbage,Economic Centre-Pettah,2020-06-15,115.5,122.22,153.06,166.19,147.15666666666667,6
Cabbage,Economic Centre-Pettah,2020-07-15,115.22,115.5,122.22,153.06,130.26,7
Cabbage,Economic Centre-Pettah,2020-08-15,150.71,115.22,115.5,122.22,117.64666666666666,8
Cabbage,Economic Centre-Pettah,2020-09-15,140.83,150.71,115.22,115.5,127.14333333333333,9
Cabbage,Economic Centre-Pettah,2020-10-15,140.83,140.83,150.71,115.22,135.58666666666667,10
Cabbage,Embilipitiya,2023-09-15,240.5,309.17,309.53,359.0,325.90000000000003,9
Cabbage,Embilipitiya,2023-10-15,220.8,240.5,309.17,309.53,286.40000000000003,10
Cabbage,Embilipitiya,2023-11-15,339.5,220.8,240.5,309.17,256.8233333333333,11
Cabbage,Embilipitiya,2023-12-15,489.12,339.5,220.8,240.5,266.93333333333334,12
Cabbage,Embilipitiya,2024-01-15,753.0,489.12,339.5,220.8,349.8066666666667,1
Cabbage,Embilipitiya,2024-02-15,683.12,753.0,489.12,339.5,527.2066666666667,2
Cabbage,Embilipitiya,2024-03-15,526.0,683.12,753.0,489.12,641.7466666666668,3
Cabbage,Embilipitiya,2024-04-15,354.0,526.0,683.12,753.0,654.04,4
Cabbage,Embilipitiya,2024-05-15,219.58,354.0,526.0,683.12,521.04,5
Cabbage,Embilipitiya,2024-06-15,302.33,219.58,354.0,526.0,366.52666666666664,6
Cabbage,Embilipitiya,2024-07-15,375.1,302.33,219.58,354.0,291.96999999999997,7
Cabbage,Embilipitiya,2024-08-15,351.0,375.1,302.33,219.58,299.00333333333333,8
Cabbage,Embilipitiya,2024-09-15,368.0,351.0,375.1,302.33,342.80999999999995,9
Cabbage,Embilipitiya,2024-10-15,193.5,368.0,351.0,375.1,364.7,10
Cabbage,Embilipitiya,2024-11-15,204.0,193.5,368.0,351.0,304.1666666666667,11
Cabbage,Embilipitiya,2024-12-15,273.1,204.0,193.5,368.0,255.16666666666666,12
Cabbage,Embilipitiya,2025-01-15,263.0,273.1,204.0,193.5,223.53333333333333,1
Cabbage,Embilipitiya,2025-02-15,412.38,263.0,273.1,204.0,246.70000000000002,2
Cabbage,Embilipitiya,2025-03-15,448.5,412.38,263.0,273.1,316.16,3
Cabbage,Embilipitiya,2025-04-15,502.5,448.5,412.38,263.0,374.6266666666667,4
Cabbage,Embilipitiya,2025-05-15,602.71,502.5,448.5,412.38,454.46000000000004,5
Cabbage,Embilipitiya,2025-06-15,517.2,602.71,502.5,448.5,517.9033333333333,6
Cabbage,Embilipitiya,2025-07-15,361.0,517.2,602.71,502.5,540.8033333333334,7
Cabbage,Embilipitiya,2025-08-15,279.5,361.0,517.2,602.71,493.6366666666667,8
Cabbage,Embilipitiya,2025-09-15,296.0,279.5,361.0,517.2,385.90000000000003,9
Cabbage,Galenbindunuwewa,2023-09-15,189.0,272.0,292.8,356.0,306.93333333333334,9
Cabbage,Galenbindunuwewa,2023-10-15,207.2,189.0,272.0,292.8,251.26666666666665,10
Cabbage,Galenbindunuwewa,2023-11-15,298.0,207.2,189.0,272.0,222.73333333333335,11
Cabbage,Galenbindunuwewa,2023-12-15,441.0,298.0,207.2,189.0,231.4,12
Cabbage,Galenbindunuwewa,2024-01-15,646.27,441.0,298.0,207.2,315.40000000000003,1
Cabbage,Galenbindunuwewa,2024-02-15,520.0,646.27,441.0,298.0,461.75666666666666,2
Cabbage,Galenbindunuwewa,2024-03-15,475.0,520.0,646.27,441.0,535.7566666666667,3
Cabbage,Galenbindunuwewa,2024-04-15,268.8,475.0,520.0,646.27,547.09,4
Cabbage,Galenbindunuwewa,2024-05-15,188.0,268.8,475.0,520.0,421.26666666666665,5
Cabbage,Galenbindunuwewa,2024-06-15,296.0,188.0,268.8,475.0,310.59999999999997,6
Cabbage,Galenbindunuwewa,2024-07-15,296.0,296.0,188.0,268.8,250.9333333333333,7
Cabbage,Galenbindunuwewa,2024-12-15,329.67,296.0,296.0,188.0,260.0,12
Cabbage,Galenbindunuwewa,2025-01-15,237.88,329.67,296.0,296.0,307.22333333333336,1
Cabbage,Galenbindunuwewa,2025-02-15,390.0,237.88,329.67,296.0,287.84999999999997,2
Cabbage,Galenbindunuwewa,2025-03-15,392.5,390.0,237.88,329.67,319.18333333333334,3
Cabbage,Galenbindunuwewa,2025-04-15,375.0,392.5,390.0,237.88,340.1266666666666,4
Cabbage,Galenbindunuwewa,2025-06-15,460.92,375.0,392.5,390.0,385.8333333333333,6
Cabbage,Galenbindunuwewa,2025-07-15,363.5,460.92,375.0,392.5,409.47333333333336,7
Cabbage,Galenbindunuwewa,2025-08-15,303.0,363.5,460.92,375.0,399.8066666666667,8
Cabbage,Galenbindunuwewa,2025-09-15,293.8,303.0,363.5,460.92,375.8066666666667,9
Cabbage,Galle,2023-09-15,192.5,278.67,341.33,404.62,341.53999999999996,9
Cabbage,Galle,2023-10-15,224.8,192.5,278.67,341.33,270.8333333333333,10
Cabbage,Galle,2023-11-15,342.0,224.8,192.5,278.67,231.99,11
Cabbage,Galle,2023-12-15,557.5,342.0,224.8,192.5,253.1,12
Cabbage,Galle,2024-01-15,743.0,557.5,342.0,224.8,374.76666666666665,1
Cabbage,Galle,2024-02-15,610.62,743.0,557.5,342.0,547.5,2
Cabbage,Galle,2024-03-15,470.62,610.62,743.0,557.5,637.04,3
Cabbage,Galle,2024-04-15,256.67,470.62,610.62,743.0,608.08,4
Cabbage,Galle,2024-05-15,208.75,256.67,470.62,610.62,445.97,5
Cabbage,Galle,2024-06-15,345.0,208.75,256.67,470.62,312.0133333333333,6
Cabbage,Galle,2024-07-15,376.0,345.0,208.75,256.67,270.14000000000004,7
Cabbage,Galle,2024-08-15,371.88,376.0,345.0,208.75,309.9166666666667,8
Cabbage,Galle,2024-09-15,370.33,371.88,376.0,345.0,364.2933333333333,9
Cabbage,Galle,2024-10-15,265.0,370.33,371.88,376.0,372.7366666666667,10
Cabbage,Galle,2024-11-15,245.0,265.0,370.33,371.88,335.7366666666666,11
Cabbage,Galle,2024-12-15,339.0,245.0,265.0,370.33,293.4433333333333,12
Cabbage,Galle,2025-01-15,322.5,339.0,245.0,265.0,283.0,1
Cabbage,Galle,2025-02-15,450.0,322.5,339.0,245.0,302.1666666666667,2
Cabbage,Galle,2025-03-15,409.0,450.0,322.5,339.0,370.5,3
Cabbage,Galle,2025-04-15,546.67,409.0,450.0,322.5,393.8333333333333,4
Cabbage,Galle,2025-05-15,591.67,546.67,409.0,450.0,468.5566666666667,5
Cabbage,Galle,2025-06-15,500.33,591.67,546.67,409.0,515.78,6
Cabbage,Galle,2025-07-15,356.25,500.33,591.67,546.67,546.2233333333332,7
Cabbage,Galle,2025-08-15,361.25,356.25,500.33,591.67,482.75,8
Cabbage,Galle,2025-09-15,334.0,361.25,356.25,500.33,405.9433333333333,9
Cabbage,Gampaha,2023-09-15,210.0,290.0,321.2,360.0,323.73333333333335,9
Cabbage,Gampaha,2023-10-15,228.0,210.0,290.0,321.2,273.73333333333335,10
Cabbage,Gampaha,2023-11-15,367.5,228.0,210.0,290.0,242.66666666666666,11
Cabbage,Gampaha,2023-12-15,562.5,367.5,228.0,210.0,268.5,12
Cabbage,Gampaha,2024-01-15,686.0,562.5,367.5,228.0,386.0,1
Cabbage,Gampaha,2024-02-15,603.75,686.0,562.5,367.5,538.6666666666666,2
Cabbage,Gampaha,2024-07-15,440.0,603.75,686.0,562.5,617.4166666666666,7
Cabbage,Gampaha,2024-08-15,433.17,440.0,603.75,686.0,576.5833333333334,8
Cabbage,Gampaha,2024-09-15,353.7,433.17,440.0,603.75,492.3066666666667,9
Cabbage,Gampaha,2024-10-15,285.0,353.7,433.17,440.0,408.95666666666665,10
Cabbage,Gampaha,2024-11-15,238.75,285.0,353.7,433.17,357.28999999999996,11
Cabbage,Gampaha,2024-12-15,322.0,238.75,285.0,353.7,292.4833333333333,12
Cabbage,Gampaha,2025-01-15,344.17,322.0,238.75,285.0,281.9166666666667,1
Cabbage,Gampaha,2025-02-15,451.04,344.17,322.0,238.75,301.64000000000004,2
Cabbage,Gampaha,2025-03-15,484.33,451.04,344.17,322.0,372.40333333333336,3
Cabbage,Gampaha,2025-04-15,481.25,484.33,451.04,344.17,426.5133333333333,4
Cabbage,Gampaha,2025-05-15,574.17,481.25,484.33,451.04,472.20666666666665,5
Cabbage,Gampaha,2025-06-15,500.33,574.17,481.25,484.33,513.25,6
Cabbage,Gampaha,2025-07-15,437.5,500.33,574.17,481.25,518.5833333333334,7
Cabbage,Gampaha,2025-08-15,354.38,437.5,500.33,574.17,504.0,8
Cabbage,Gampaha,2025-09-15,320.5,354.38,437.5,500.33,430.7366666666667,9
Cabbage,Hambantota,2023-09-15,171.67,231.67,287.33,374.35,297.78333333333336,9
Cabbage,Hambantota,2023-10-15,202.67,171.67,231.67,287.33,230.22333333333333,10
Cabbage,Hambantota,2023-11-15,328.33,202.67,171.67,231.67,202.00333333333333,11
Cabbage,Hambantota,2023-12-15,531.96,328.33,202.67,171.67,234.22333333333333,12
Cabbage,Hambantota,2024-01-15,664.0,531.96,328.33,202.67,354.32,1
Cabbage,Hambantota,2024-02-15,595.42,664.0,531.96,328.33,508.09666666666664,2
Cabbage,Hambantota,2024-03-15,463.33,595.42,664.0,531.96,597.1266666666667,3
Cabbage,Hambantota,2024-04-15,274.17,463.33,595.42,664.0,574.25,4
Cabbage,Hambantota,2024-05-15,210.42,274.17,463.33,595.42,444.3066666666667,5
Cabbage,Hambantota,2024-06-15,279.44,210.42,274.17,463.33,315.9733333333333,6
Cabbage,Hambantota,2024-07-15,450.0,279.44,210.42,274.17,254.67666666666665,7
Cabbage,Hambantota,2024-08-15,354.5,450.0,279.44,210.42,313.2866666666667,8
Cabbage,Hambantota,2024-09-15,320.1,354.5,450.0,279.44,361.31333333333333,9
Cabbage,Hambantota,2024-10-15,205.0,320.1,354.5,450.0,374.8666666666666,10
Cabbage,Hambantota,2024-11-15,208.0,205.0,320.1,354.5,293.2,11
Cabbage,Hambantota,2024-12-15,304.8,208.0,205.0,320.1,244.36666666666667,12
Cabbage,Hambantota,2025-01-15,304.0,304.8,208.0,205.0,239.26666666666665,1
Cabbage,Hambantota,2025-02-15,416.5,304.0,304.8,208.0,272.26666666666665,2
Cabbage,Hambantota,2025-03-15,427.1,416.5,304.0,304.8,341.76666666666665,3
Cabbage,Hambantota,2025-04-15,471.88,427.1,416.5,304.0,382.53333333333336,4
Cabbage,Hambantota,2025-05-15,581.25,471.88,427.1,416.5,438.49333333333334,5
Cabbage,Hambantota,2025-08-15,309.17,581.25,471.88,427.1,493.41,8
Cabbage,Hambantota,2025-09-15,262.0,309.17,581.25,471.88,454.09999999999997,9
Cabbage,Hanguranketha,2023-09-15,109.5,168.5,219.6,252.5,213.53333333333333,9
Cabbage,Hanguranketha,2023-10-15,136.8,109.5,168.5,219.6,165.86666666666667,10
Cabbage,Hanguranketha,2023-11-15,247.5,136.8,109.5,168.5,138.26666666666665,11
Cabbage,Hanguranketha,2023-12-15,384.5,247.5,136.8,109.5,164.6,12
Cabbage,Hanguranketha,2024-01-15,652.0,384.5,247.5,136.8,256.26666666666665,1
Cabbage,Hanguranketha,2024-02-15,463.5,652.0,384.5,247.5,428.0,2
Cabbage,Hanguranketha,2024-03-15,405.5,463.5,652.0,384.5,500.0,3
Cabbage,Hanguranketha,2024-04-15,197.33,405.5,463.5,652.0,507.0,4
Cabbage,Hanguranketha,2024-05-15,143.0,197.33,405.5,463.5,355.4433333333333,5
Cabbage,Hanguranketha,2024-06-15,150.0,143.0,197.33,405.5,248.61,6
Cabbage,Hanguranketha,2024-07-15,247.08,150.0,143.0,197.33,163.44333333333336,7
Cabbage,Hanguranketha,2024-08-15,217.0,247.08,150.0,143.0,180.02666666666664,8
Cabbage,Hanguranketha,2024-09-15,172.4,217.0,247.08,150.0,204.6933333333333,9
Cabbage,Hanguranketha,2024-10-15,110.0,172.4,217.0,247.08,212.16,10
Cabbage,Hanguranketha,2024-11-15,97.0,110.0,172.4,217.0,166.46666666666667,11
Cabbage,Hanguranketha,2024-12-15,179.07,97.0,110.0,172.4,126.46666666666665,12
Cabbage,Hanguranketha,2025-01-15,146.42,179.07,97.0,110.0,128.69,1
Cabbage,Hanguranketha,2025-02-15,302.83,146.42,179.07,97.0,140.83,2
Cabbage,Hanguranketha,2025-03-15,275.8,302.83,146.42,179.07,209.43999999999997,3
Cabbage,Hanguranketha,2025-04-15,236.25,275.8,302.83,146.42,241.6833333333333,4
Cabbage,Hanguranketha,2025-05-15,315.0,236.25,275.8,302.83,271.62666666666667,5
Cabbage,Hanguranketha,2025-08-15,164.58,315.0,236.25,275.8,275.68333333333334,8
Cabbage,Hanguranketha,2025-09-15,134.75,164.58,315.0,236.25,238.61,9
Cabbage,Jaffna,2023-09-15,144.33,205.42,262.0,318.75,262.0566666666667,9
Cabbage,Jaffna,2023-10-15,182.6,144.33,205.42,262.0,203.91666666666666,10
Cabbage,Jaffna,2023-11-15,276.25,182.6,144.33,205.42,177.45000000000002,11
Cabbage,Jaffna,2023-12-15,396.0,276.25,182.6,144.33,201.06000000000003,12
Cabbage,Jaffna,2024-01-15,643.6,396.0,276.25,182.6,284.95,1
Cabbage,Jaffna,2024-02-15,479.0,643.6,396.0,276.25,438.6166666666666,2
Cabbage,Jaffna,2024-03-15,319.25,479.0,643.6,396.0,506.2,3
Cabbage,Jaffna,2024-04-15,188.4,319.25,479.0,643.6,480.6166666666666,4
Cabbage,Jaffna,2024-05-15,193.5,188.4,319.25,479.0,328.8833333333333,5
Cabbage,Jaffna,2024-06-15,357.5,193.5,188.4,319.25,233.71666666666667,6
Cabbage,Jaffna,2024-07-15,377.5,357.5,193.5,188.4,246.46666666666667,7
Cabbage,Jaffna,2024-08-15,358.5,377.5,357.5,193.5,309.5,8
Cabbage,Jaffna,2024-09-15,293.2,358.5,377.5,357.5,364.5,9
Cabbage,Jaffna,2024-10-15,231.0,293.2,358.5,377.5,343.06666666666666,10
Cabbage,Jaffna,2024-11-15,197.5,231.0,293.2,358.5,294.23333333333335,11
Cabbage,Jaffna,2024-12-15,256.4,197.5,231.0,293.2,240.5666666666667,12
Cabbage,Jaffna,2025-01-15,222.0,256.4,197.5,231.0,228.29999999999998,1
Cabbage,Jaffna,2025-02-15,331.0,222.0,256.4,197.5,225.29999999999998,2
Cabbage,Jaffna,2025-03-15,256.0,331.0,222.0,256.4,269.8,3
Cabbage,Jaffna,2025-06-15,424.0,256.0,331.0,222.0,269.6666666666667,6
Cabbage,Jaffna,2025-07-15,307.5,424.0,256.0,331.0,337.0,7
Cabbage,Jaffna,2025-08-15,264.5,307.5,424.0,256.0,329.1666666666667,8
Cabbage,Jaffna,2025-09-15,224.8,264.5,307.5,424.0,332.0,9
Cabbage,Kalutara,2023-09-15,209.0,233.5,274.4,305.0,270.96666666666664,9
Cabbage,Kalutara,2023-10-15,189.6,209.0,233.5,274.4,238.96666666666667,10
Cabbage,Kalutara,2023-11-15,316.0,189.6,209.0,233.5,210.70000000000002,11
Cabbage,Kalutara,2023-12-15,491.0,316.0,189.6,209.0,238.20000000000002,12
Cabbage,Kalutara,2024-01-15,693.2,491.0,316.0,189.6,332.2,1
Cabbage,Kalutara,2024-02-15,536.0,693.2,491.0,316.0,500.06666666666666,2
Cabbage,Kalutara,2024-03-15,435.33,536.0,693.2,491.0,573.4,3
Cabbage,Kalutara,2024-04-15,314.4,435.33,536.0,693.2,554.8433333333334,4
Cabbage,Kalutara,2024-05-15,217.5,314.4,435.33,536.0,428.57666666666665,5
Cabbage,Kalutara,2024-06-15,270.0,217.5,314.4,435.33,322.41,6
Cabbage,Kalutara,2024-07-15,328.0,270.0,217.5,314.4,267.3,7
Cabbage,Kalutara,2024-09-15,338.0,328.0,270.0,217.5,271.8333333333333,9
Cabbage,Kalutara,2024-10-15,309.0,338.0,328.0,270.0,312.0,10
Cabbage,Kalutara,2024-11-15,223.0,309.0,338.0,328.0,325.0,11
Cabbage,Kalutara,2024-12-15,318.8,223.0,309.0,338.0,290.0,12
Cabbage,Kalutara,2025-01-15,322.0,318.8,223.0,309.0,283.59999999999997,1
Cabbage,Kalutara,2025-02-15,400.0,322.0,318.8,223.0,287.93333333333334,2
Cabbage,Kalutara,2025-03-15,410.0,400.0,322.0,318.8,346.93333333333334,3
Cabbage,Kalutara,2025-04-15,414.5,410.0,400.0,322.0,377.3333333333333,4
Cabbage,Kalutara,2025-05-15,604.0,414.5,410.0,400.0,408.1666666666667,5
Cabbage,Kalutara,2025-06-15,485.6,604.0,414.5,410.0,476.1666666666667,6
Cabbage,Kalutara,2025-07-15,366.0,485.6,604.0,414.5,501.3666666666666,7
Cabbage,Kalutara,2025-08-15,332.0,366.0,485.6,604.0,485.2,8
Cabbage,Kalutara,2025-09-15,291.2,332.0,366.0,485.6,394.5333333333333,9
Cabbage,Kandy,2023-09-15,125.0,220.0,278.4,346.5,281.6333333333333,9
Cabbage,Kandy,2023-10-15,127.0,125.0,220.0,278.4,207.79999999999998,10
Cabbage,Kandy,2023-11-15,271.75,127.0,125.0,220.0,157.33333333333334,11
Cabbage,Kandy,2023-12-15,516.0,271.75,127.0,125.0,174.58333333333334,12
Cabbage,Kandy,2024-01-15,664.0,516.0,271.75,127.0,304.9166666666667,1
Cabbage,Kandy,2024-02-15,572.5,664.0,516.0,271.75,483.9166666666667,2
Cabbage,Kandy,2024-03-15,492.0,572.5,664.0,516.0,584.1666666666666,3
Cabbage,Kandy,2024-04-15,212.8,492.0,572.5,664.0,576.1666666666666,4
Cabbage,Kandy,2024-05-15,144.0,212.8,492.0,572.5,425.76666666666665,5
Cabbage,Kandy,2024-06-15,242.0,144.0,212.8,492.0,282.93333333333334,6
Cabbage,Kandy,2024-07-15,343.6,242.0,144.0,212.8,199.6,7
Cabbage,Kandy,2024-08-15,258.0,343.6,242.0,144.0,243.20000000000002,8
Cabbage,Kandy,2024-09-15,282.4,258.0,343.6,242.0,281.2,9
Cabbage,Kandy,2024-10-15,171.0,282.4,258.0,343.6,294.6666666666667,10
Cabbage,Kandy,2024-11-15,164.0,171.0,282.4,258.0,237.13333333333333,11
Cabbage,Kandy,2024-12-15,219.2,164.0,171.0,282.4,205.79999999999998,12
Cabbage,Kandy,2025-01-15,229.0,219.2,164.0,171.0,184.73333333333335,1
Cabbage,Kandy,2025-02-15,414.0,229.0,219.2,164.0,204.0666666666667,2
Cabbage,Kandy,2025-03-15,369.6,414.0,229.0,219.2,287.40000000000003,3
Cabbage,Kandy,2025-04-15,352.0,369.6,414.0,229.0,337.5333333333333,4
Cabbage,Kandy,2025-05-15,473.0,352.0,369.6,414.0,378.5333333333333,5
Cabbage,Kandy,2025-06-15,402.4,473.0,352.0,369.6,398.2,6
Cabbage,Kandy,2025-07-15,283.0,402.4,473.0,352.0,409.1333333333334,7
Cabbage,Kandy,2025-08-15,285.0,283.0,402.4,473.0,386.1333333333334,8
Cabbage,Kandy,2025-09-15,194.4,285.0,283.0,402.4,323.4666666666667,9
Cabbage,Kegalle,2023-09-15,251.0,300.5,334.0,401.0,345.1666666666667,9
Cabbage,Kegalle,2023-10-15,236.4,251.0,300.5,334.0,295.1666666666667,10
Cabbage,Kegalle,2023-11-15,339.5,236.4,251.0,300.5,262.6333333333333,11
Cabbage,Kegalle,2023-12-15,541.0,339.5,236.4,251.0,275.6333333333333,12
Cabbage,Kegalle,2024-01-15,701.6,541.0,339.5,236.4,372.3,1
Cabbage,Kegalle,2024-02-15,610.5,701.6,541.0,339.5,527.3666666666667,2
Cabbage,Kegalle,2024-03-15,540.0,610.5,701.6,541.0,617.6999999999999,3
Cabbage,Kegalle,2024-04-15,324.0,540.0,610.5,701.6,617.3666666666667,4
Cabbage,Kegalle,2024-05-15,239.0,324.0,540.0,610.5,491.5,5
Cabbage,Kegalle,2024-06-15,239.0,239.0,324.0,540.0,367.6666666666667,6
Cabbage,Kegalle,2024-07-15,364.0,239.0,239.0,324.0,267.3333333333333,7
Cabbage,Kegalle,2024-08-15,369.0,364.0,239.0,239.0,280.6666666666667,8
Cabbage,Kegalle,2024-09-15,312.0,369.0,364.0,239.0,324.0,9
Cabbage,Kegalle,2024-10-15,266.0,312.0,369.0,364.0,348.3333333333333,10
Cabbage,Kegalle,2024-11-15,235.0,266.0,312.0,369.0,315.6666666666667,11
Cabbage,Kegalle,2024-12-15,328.0,235.0,266.0,312.0,271.0,12
Cabbage,Kegalle,2025-01-15,296.0,328.0,235.0,266.0,276.3333333333333,1
Cabbage,Kegalle,2025-02-15,386.0,296.0,328.0,235.0,286.3333333333333,2
Cabbage,Kegalle,2025-03-15,424.0,386.0,296.0,328.0,336.6666666666667,3
Cabbage,Kegalle,2025-04-15,416.0,424.0,386.0,296.0,368.6666666666667,4
Cabbage,Kegalle,2025-05-15,538.0,416.0,424.0,386.0,408.6666666666667,5
Cabbage,Kegalle,2025-06-15,462.4,538.0,416.0,424.0,459.3333333333333,6
Cabbage,Kegalle,2025-07-15,336.0,462.4,538.0,416.0,472.1333333333334,7
Cabbage,Kegalle,2025-08-15,306.0,336.0,462.4,538.0,445.4666666666667,8
Cabbage,Kegalle,2025-09-15,312.0,306.0,336.0,462.4,368.1333333333334,9
Cabbage,Keppetipola (DEC},2023-09-15,141.5,208.5,224.8,270.5,234.6,9
Cabbage,Keppetipola (DEC},2023-10-15,203.6,141.5,208.5,224.8,191.6,10
Cabbage,Keppetipola (DEC},2023-11-15,274.5,203.6,141.5,208.5,184.53333333333333,11
Cabbage,Keppetipola (DEC},2023-12-15,396.5,274.5,203.6,141.5,206.53333333333333,12
Cabbage,Keppetipola (DEC},2024-01-15,576.4,396.5,274.5,203.6,291.53333333333336,1
Cabbage,Keppetipola (DEC},2024-02-15,468.0,576.4,396.5,274.5,415.8,2
Cabbage,Keppetipola (DEC},2024-03-15,357.5,468.0,576.4,396.5,480.3,3
Cabbage,Keppetipola (DEC},2024-04-15,178.8,357.5,468.0,576.4,467.3,4
Cabbage,Keppetipola (DEC},2024-05-15,145.0,178.8,357.5,468.0,334.76666666666665,5
Cabbage,Keppetipola (DEC},2024-06-15,208.5,145.0,178.8,357.5,227.1,6
Cabbage,Keppetipola (DEC},2024-07-15,290.4,208.5,145.0,178.8,177.4333333333333,7
Cabbage,Keppetipola (DEC},2024-08-15,243.0,290.4,208.5,145.0,214.63333333333333,8
Cabbage,Keppetipola (DEC},2024-09-15,250.4,243.0,290.4,208.5,247.29999999999998,9
Cabbage,Keppetipola (DEC},2024-10-15,149.5,250.4,243.0,290.4,261.26666666666665,10
Cabbage,Keppetipola (DEC},2024-11-15,154.0,149.5,250.4,243.0,214.29999999999998,11
Cabbage,Keppetipola (DEC},2024-12-15,183.6,154.0,149.5,250.4,184.63333333333333,12
Cabbage,Keppetipola (DEC},2025-01-15,181.5,183.6,154.0,149.5,162.36666666666667,1
Cabbage,Keppetipola (DEC},2025-02-15,299.5,181.5,183.6,154.0,173.03333333333333,2
Cabbage,Keppetipola (DEC},2025-03-15,256.8,299.5,181.5,183.6,221.53333333333333,3
Cabbage,Keppetipola (DEC},2025-04-15,315.5,256.8,299.5,181.5,245.9333333333333,4
Cabbage,Keppetipola (DEC},2025-05-15,390.0,315.5,256.8,299.5,290.59999999999997,5
Cabbage,Keppetipola (DEC},2025-06-15,316.0,390.0,315.5,256.8,320.76666666666665,6
Cabbage,Keppetipola (DEC},2025-07-15,213.0,316.0,390.0,315.5,340.5,7
Cabbage,Keppetipola (DEC},2025-08-15,246.5,213.0,316.0,390.0,306.3333333333333,8
Cabbage,Keppetipola (DEC},2025-09-15,152.4,246.5,213.0,316.0,258.5,9
Cabbage,Kilinochchi,2023-09-15,264.0,306.0,326.8,397.0,343.26666666666665,9
Cabbage,Kilinochchi,2023-10-15,273.6,264.0,306.0,326.8,298.93333333333334,10
Cabbage,Kilinochchi,2023-11-15,354.0,273.6,264.0,306.0,281.20000000000005,11
Cabbage,Kilinochchi,2023-12-15,456.5,354.0,273.6,264.0,297.20000000000005,12
Cabbage,Kilinochchi,2024-01-15,632.4,456.5,354.0,273.6,361.36666666666673,1
Cabbage,Kilinochchi,2024-02-15,561.33,632.4,456.5,354.0,480.96666666666664,2
Cabbage,Kilinochchi,2024-03-15,449.0,561.33,632.4,456.5,550.0766666666667,3
Cabbage,Kilinochchi,2024-04-15,264.0,449.0,561.33,632.4,547.5766666666667,4
Cabbage,Kilinochchi,2024-05-15,283.0,264.0,449.0,561.33,424.77666666666664,5
Cabbage,Kilinochchi,2024-06-15,283.0,283.0,264.0,449.0,332.0,6
Cabbage,Kilinochchi,2024-07-15,452.0,283.0,283.0,264.0,276.6666666666667,7
Cabbage,Kilinochchi,2024-08-15,387.0,452.0,283.0,283.0,339.3333333333333,8
Cabbage,Kilinochchi,2024-09-15,338.8,387.0,452.0,283.0,374.0,9
Cabbage,Kilinochchi,2024-10-15,319.0,338.8,387.0,452.0,392.59999999999997,10
Cabbage,Kilinochchi,2024-11-15,302.0,319.0,338.8,387.0,348.26666666666665,11
Cabbage,Kilinochchi,2024-12-15,347.6,302.0,319.0,338.8,319.93333333333334,12
Cabbage,Kilinochchi,2025-01-15,301.5,347.6,302.0,319.0,322.86666666666673,1
Cabbage,Kilinochchi,2025-02-15,369.0,301.5,347.6,302.0,317.03333333333336,2
Cabbage,Kilinochchi,2025-03-15,348.8,369.0,301.5,347.6,339.36666666666673,3
Cabbage,Kilinochchi,2025-04-15,424.0,348.8,369.0,301.5,339.76666666666665,4
Cabbage,Kilinochchi,2025-05-15,487.0,424.0,348.8,369.0,380.59999999999997,5
Cabbage,Kilinochchi,2025-06-15,524.5,487.0,424.0,348.8,419.93333333333334,6
Cabbage,Kilinochchi,2025-09-15,302.67,524.5,487.0,424.0,478.5,9
Cabbage,Kurunegala,2023-09-15,238.0,303.0,340.27,411.0,351.42333333333335,9
Cabbage,Kurunegala,2023-10-15,244.0,238.0,303.0,340.27,293.75666666666666,10
Cabbage,Kurunegala,2023-11-15,378.67,244.0,238.0,303.0,261.6666666666667,11
Cabbage,Kurunegala,2023-12-15,545.75,378.67,244.0,238.0,286.89000000000004,12
Cabbage,Kurunegala,2024-01-15,761.5,545.75,378.67,244.0,389.47333333333336,1
Cabbage,Kurunegala,2024-02-15,633.12,761.5,545.75,378.67,561.9733333333334,2
Cabbage,Kurunegala,2024-03-15,551.38,633.12,761.5,545.75,646.79,3
Cabbage,Kurunegala,2024-04-15,372.73,551.38,633.12,761.5,648.6666666666666,4
Cabbage,Kurunegala,2024-05-15,305.25,372.73,551.38,633.12,519.0766666666667,5
Cabbage,Kurunegala,2024-06-15,368.75,305.25,372.73,551.38,409.7866666666667,6
Cabbage,Kurunegala,2024-09-15,331.25,368.75,305.25,372.73,348.91,9
Cabbage,Kurunegala,2024-10-15,266.67,331.25,368.75,305.25,335.0833333333333,10
Cabbage,Kurunegala,2024-11-15,275.56,266.67,331.25,368.75,322.22333333333336,11
Cabbage,Kurunegala,2024-12-15,312.33,275.56,266.67,331.25,291.16,12
Cabbage,Kurunegala,2025-01-15,329.17,312.33,275.56,266.67,284.8533333333333,1
Cabbage,Kurunegala,2025-02-15,420.0,329.17,312.33,275.56,305.68666666666667,2
Cabbage,Kurunegala,2025-03-15,384.0,420.0,329.17,312.33,353.8333333333333,3
Cabbage,Kurunegala,2025-04-15,451.88,384.0,420.0,329.17,377.72333333333336,4
Cabbage,Kurunegala,2025-05-15,564.58,451.88,384.0,420.0,418.6266666666667,5
Cabbage,Kurunegala,2025-06-15,453.33,564.58,451.88,384.0,466.82,6
Cabbage,Kurunegala,2025-07-15,412.5,453.33,564.58,451.88,489.93,7
Cabbage,Kurunegala,2025-08-15,355.21,412.5,453.33,564.58,476.80333333333334,8
Cabbage,Kurunegala,2025-09-15,316.17,355.21,412.5,453.33,407.0133333333333,9
Cabbage,Mannar,2023-09-15,272.0,315.0,344.4,422.0,360.4666666666667,9
Cabbage,Mannar,2023-10-15,244.4,272.0,315.0,344.4,310.46666666666664,10
Cabbage,Mannar,2023-11-15,355.5,244.4,272.0,315.0,277.1333333333333,11
Cabbage,Mannar,2023-12-15,596.5,355.5,244.4,272.0,290.6333333333333,12
Cabbage,Mannar,2024-01-15,776.4,596.5,355.5,244.4,398.8,1
Cabbage,Mannar,2024-02-15,580.0,776.4,596.5,355.5,576.1333333333333,2
Cabbage,Mannar,2024-03-15,456.67,580.0,776.4,596.5,650.9666666666667,3
Cabbage,Mannar,2024-04-15,297.33,456.67,580.0,776.4,604.3566666666667,4
Cabbage,Mannar,2024-05-15,276.67,297.33,456.67,580.0,444.6666666666667,5
Cabbage,Mannar,2024-06-15,276.67,276.67,297.33,456.67,343.5566666666667,6
Cabbage,Mannar,2024-07-15,400.0,276.67,276.67,297.33,283.5566666666667,7
Cabbage,Mannar,2024-08-15,378.5,400.0,276.67,276.67,317.78000000000003,8
Cabbage,Mannar,2024-09-15,349.2,378.5,400.0,276.67,351.72333333333336,9
Cabbage,Mannar,2024-10-15,287.5,349.2,378.5,400.0,375.90000000000003,10
Cabbage,Mannar,2024-11-15,299.5,287.5,349.2,378.5,338.40000000000003,11
Cabbage,Mannar,2024-12-15,338.8,299.5,287.5,349.2,312.06666666666666,12
Cabbage,Mannar,2025-01-15,267.5,338.8,299.5,287.5,308.59999999999997,1
Cabbage,Mannar,2025-06-15,508.5,267.5,338.8,299.5,301.93333333333334,6
Cabbage,Mannar,2025-07-15,390.62,508.5,267.5,338.8,371.59999999999997,7
Cabbage,Mannar,2025-08-15,290.83,390.62,508.5,267.5,388.8733333333333,8
Cabbage,Mannar,2025-09-15,323.67,290.83,390.62,508.5,396.65000000000003,9
Cabbage,Matale,2023-09-15,180.0,277.0,282.4,368.0,309.1333333333333,9
Cabbage,Matale,2023-10-15,179.2,180.0,277.0,282.4,246.46666666666667,10
Cabbage,Matale,2023-11-15,347.0,179.2,180.0,277.0,212.0666666666667,11
Cabbage,Matale,2023-12-15,472.0,347.0,179.2,180.0,235.4,12
Cabbage,Matale,2024-01-15,739.2,472.0,347.0,179.2,332.73333333333335,1
Cabbage,Matale,2024-02-15,552.0,739.2,472.0,347.0,519.4,2
Cabbage,Matale,2024-03-15,445.5,552.0,739.2,472.0,587.7333333333333,3
Cabbage,Matale,2024-04-15,257.6,445.5,552.0,739.2,578.9,4
Cabbage,Matale,2024-05-15,182.67,257.6,445.5,552.0,418.3666666666666,5
Cabbage,Matale,2024-06-15,182.67,182.67,257.6,445.5,295.25666666666666,6
Cabbage,Matale,2024-07-15,374.4,182.67,182.67,257.6,207.64666666666668,7
Cabbage,Matale,2024-08-15,304.0,374.4,182.67,182.67,246.58,8
Cabbage,Matale,2024-09-15,273.6,304.0,374.4,182.67,287.0233333333333,9
Cabbage,Matale,2024-10-15,205.0,273.6,304.0,374.4,317.3333333333333,10
Cabbage,Matale,2024-11-15,182.0,205.0,273.6,304.0,260.86666666666673,11
Cabbage,Matale,2024-12-15,252.8,182.0,205.0,273.6,220.20000000000002,12
Cabbage,Matale,2025-01-15,222.0,252.8,182.0,205.0,213.26666666666665,1
Cabbage,Matale,2025-02-15,430.0,222.0,252.8,182.0,218.9333333333333,2
Cabbage,Matale,2025-03-15,382.4,430.0,222.0,252.8,301.59999999999997,3
Cabbage,Matale,2025-04-15,377.0,382.4,430.0,222.0,344.8,4
Cabbage,Matale,2025-05-15,506.0,377.0,382.4,430.0,396.4666666666667,5
Cabbage,Matale,2025-06-15,455.2,506.0,377.0,382.4,421.8,6
Cabbage,Matale,2025-07-15,376.0,455.2,506.0,377.0,446.0666666666666,7
Cabbage,Matale,2025-08-15,283.0,376.0,455.2,506.0,445.7333333333333,8
Cabbage,Matale,2025-09-15,256.0,283.0,376.0,455.2,371.3999999999999,9
Cabbage,Matara,2023-09-15,181.25,232.5,281.5,368.12,294.04,9
Cabbage,Matara,2023-10-15,217.0,181.25,232.5,281.5,231.75,10
Cabbage,Matara,2023-11-15,357.5,217.0,181.25,232.5,210.25,11
Cabbage,Matara,2023-12-15,529.5,357.5,217.0,181.25,251.91666666666666,12
Cabbage,Matara,2024-01-15,701.5,529.5,357.5,217.0,368.0,1
Cabbage,Matara,2024-02-15,626.88,701.5,529.5,357.5,529.5,2
Cabbage,Matara,2024-03-15,464.38,626.88,701.5,529.5,619.2933333333334,3
Cabbage,Matara,2024-04-15,286.0,464.38,626.88,701.5,597.5866666666667,4
Cabbage,Matara,2024-05-15,240.62,286.0,464.38,626.88,459.08666666666664,5
Cabbage,Matara,2024-06-15,298.75,240.62,286.0,464.38,330.3333333333333,6
Cabbage,Matara,2024-07-15,388.0,298.75,240.62,286.0,275.12333333333333,7
Cabbage,Matara,2024-08-15,405.0,388.0,298.75,240.62,309.12333333333333,8
Cabbage,Matara,2024-09-15,348.0,405.0,388.0,298.75,363.9166666666667,9
Cabbage,Matara,2024-10-15,253.12,348.0,405.0,388.0,380.3333333333333,10
Cabbage,Matara,2024-11-15,207.5,253.12,348.0,405.0,335.37333333333333,11
Cabbage,Matara,2024-12-15,305.0,207.5,253.12,348.0,269.54,12
Cabbage,Matara,2025-01-15,266.25,305.0,207.5,253.12,255.20666666666668,1
Cabbage,Matara,2025-02-15,365.42,266.25,305.0,207.5,259.5833333333333,2
Cabbage,Matara,2025-03-15,424.5,365.42,266.25,305.0,312.22333333333336,3
Cabbage,Matara,2025-04-15,484.58,424.5,365.42,266.25,352.0566666666667,4
Cabbage,Matara,2025-05-15,580.42,484.58,424.5,365.42,424.8333333333333,5
Cabbage,Matara,2025-06-15,503.67,580.42,484.58,424.5,496.5,6
Cabbage,Matara,2025-07-15,370.0,503.67,580.42,484.58,522.89,7
Cabbage,Matara,2025-08-15,335.0,370.0,503.67,580.42,484.69666666666666,8
Cabbage,Matara,2025-09-15,267.0,335.0,370.0,503.67,402.89000000000004,9
Cabbage,Meegoda(DEC),2023-09-15,204.0,269.0,306.67,364.5,313.39000000000004,9
Cabbage,Meegoda(DEC),2023-10-15,264.8,204.0,269.0,306.67,259.89000000000004,10
Cabbage,Meegoda(DEC),2023-11-15,372.0,264.8,204.0,269.0,245.9333333333333,11
Cabbage,Meegoda(DEC),2023-12-15,564.0,372.0,264.8,204.0,280.26666666666665,12
Cabbage,Meegoda(DEC),2024-01-15,702.4,564.0,372.0,264.8,400.26666666666665,1
Cabbage,Meegoda(DEC),2024-02-15,603.5,702.4,564.0,372.0,546.1333333333333,2
Cabbage,Meegoda(DEC),2024-03-15,487.0,603.5,702.4,564.0,623.3000000000001,3
Cabbage,Meegoda(DEC),2024-04-15,314.4,487.0,603.5,702.4,597.6333333333333,4
Cabbage,Meegoda(DEC),2024-05-15,252.0,314.4,487.0,603.5,468.29999999999995,5
Cabbage,Meegoda(DEC),2024-06-15,337.5,252.0,314.4,487.0,351.1333333333334,6
Cabbage,Meegoda(DEC),2024-07-15,395.2,337.5,252.0,314.4,301.3,7
Cabbage,Meegoda(DEC),2024-08-15,381.0,395.2,337.5,252.0,328.23333333333335,8
Cabbage,Meegoda(DEC),2024-09-15,345.6,381.0,395.2,337.5,371.23333333333335,9
Cabbage,Meegoda(DEC),2024-10-15,263.0,345.6,381.0,395.2,373.93333333333334,10
Cabbage,Meegoda(DEC),2024-11-15,250.0,263.0,345.6,381.0,329.8666666666666,11
Cabbage,Meegoda(DEC),2024-12-15,332.4,250.0,263.0,345.6,286.2,12
Cabbage,Meegoda(DEC),2025-01-15,319.0,332.4,250.0,263.0,281.8,1
Cabbage,Meegoda(DEC),2025-02-15,463.0,319.0,332.4,250.0,300.4666666666667,2
Cabbage,Meegoda(DEC),2025-03-15,425.6,463.0,319.0,332.4,371.4666666666667,3
Cabbage,Meegoda(DEC),2025-04-15,482.67,425.6,463.0,319.0,402.5333333333333,4
Cabbage,Meegoda(DEC),2025-05-15,641.0,482.67,425.6,463.0,457.09,5
Cabbage,Meegoda(DEC),2025-06-15,539.2,641.0,482.67,425.6,516.4233333333333,6
Cabbage,Meegoda(DEC),2025-07-15,399.0,539.2,641.0,482.67,554.2900000000001,7
Cabbage,Meegoda(DEC),2025-08-15,379.0,399.0,539.2,641.0,526.4,8
Cabbage,Meegoda(DEC),2025-09-15,288.0,379.0,399.0,539.2,439.06666666666666,9
Cabbage,Monaragala,2023-09-15,222.0,274.0,318.4,385.0,325.8,9
Cabbage,Monaragala,2023-10-15,212.8,222.0,274.0,318.4,271.46666666666664,10
Cabbage,Monaragala,2023-11-15,314.0,212.8,222.0,274.0,236.26666666666665,11
Cabbage,Monaragala,2023-12-15,517.0,314.0,212.8,222.0,249.6,12
Cabbage,Monaragala,2024-01-15,676.4,517.0,314.0,212.8,347.93333333333334,1
Cabbage,Monaragala,2024-02-15,629.12,676.4,517.0,314.0,502.4666666666667,2
Cabbage,Monaragala,2024-03-15,540.0,629.12,676.4,517.0,607.5066666666667,3
Cabbage,Monaragala,2024-04-15,294.4,540.0,629.12,676.4,615.1733333333333,4
Cabbage,Monaragala,2024-05-15,202.0,294.4,540.0,629.12,487.84,5
Cabbage,Monaragala,2024-06-15,298.0,202.0,294.4,540.0,345.4666666666667,6
Cabbage,Monaragala,2024-07-15,356.8,298.0,202.0,294.4,264.8,7
Cabbage,Monaragala,2024-08-15,332.0,356.8,298.0,202.0,285.59999999999997,8
Cabbage,Monaragala,2024-09-15,309.6,332.0,356.8,298.0,328.93333333333334,9
Cabbage,Monaragala,2024-10-15,214.0,309.6,332.0,356.8,332.8,10
Cabbage,Monaragala,2024-11-15,202.0,214.0,309.6,332.0,285.20000000000005,11
Cabbage,Monaragala,2024-12-15,305.6,202.0,214.0,309.6,241.8666666666667,12
Cabbage,Monaragala,2025-01-15,264.0,305.6,202.0,214.0,240.53333333333333,1
Cabbage,Monaragala,2025-02-15,421.0,264.0,305.6,202.0,257.2,2
Cabbage,Monaragala,2025-03-15,380.8,421.0,264.0,305.6,330.2,3
Cabbage,Monaragala,2025-04-15,405.33,380.8,421.0,264.0,355.26666666666665,4
Cabbage,Monaragala,2025-05-15,521.0,405.33,380.8,421.0,402.3766666666667,5
Cabbage,Monaragala,2025-06-15,478.4,521.0,405.33,380.8,435.71000000000004,6
Cabbage,Monaragala,2025-07-15,338.0,478.4,521.0,405.33,468.24333333333334,7
Cabbage,Monaragala,2025-08-15,304.0,338.0,478.4,521.0,445.8,8
Cabbage,Monaragala,2025-09-15,265.6,304.0,338.0,478.4,373.4666666666667,9
Cabbage,Mullativu,2023-09-15,251.0,284.0,343.6,412.0,346.5333333333333,9
Cabbage,Mullativu,2024-05-15,223.33,251.0,284.0,343.6,292.8666666666667,5
Cabbage,Mullativu,2024-06-15,379.5,223.33,251.0,284.0,252.77666666666667,6
Cabbage,Mullativu,2024-07-15,420.4,379.5,223.33,251.0,284.61,7
Cabbage,Mullativu,2024-08-15,402.5,420.4,379.5,223.33,341.07666666666665,8
Cabbage,Mullativu,2024-09-15,321.0,402.5,420.4,379.5,400.8,9
Cabbage,Mullativu,2024-10-15,313.5,321.0,402.5,420.4,381.3,10
Cabbage,Mullativu,2024-11-15,267.0,313.5,321.0,402.5,345.6666666666667,11
Cabbage,Mullativu,2024-12-15,380.5,267.0,313.5,321.0,300.5,12
Cabbage,Mullativu,2025-01-15,272.0,380.5,267.0,313.5,320.3333333333333,1
Cabbage,Mullativu,2025-02-15,454.0,272.0,380.5,267.0,306.5,2
Cabbage,Mullativu,2025-03-15,406.8,454.0,272.0,380.5,368.8333333333333,3
Cabbage,Mullativu,2025-04-15,427.0,406.8,454.0,272.0,377.59999999999997,4
Cabbage,Mullativu,2025-05-15,524.5,427.0,406.8,454.0,429.26666666666665,5
Cabbage,Mullativu,2025-06-15,598.0,524.5,427.0,406.8,452.76666666666665,6
Cabbage,Mullativu,2025-07-15,403.0,598.0,524.5,427.0,516.5,7
Cabbage,Mullativu,2025-08-15,309.38,403.0,598.0,524.5,508.5,8
Cabbage,Mullativu,2025-09-15,300.0,309.38,403.0,598.0,436.79333333333335,9
Cabbage,Nikaweratiya,2023-09-15,212.5,296.25,330.0,392.5,339.5833333333333,9
Cabbage,Nikaweratiya,2023-10-15,235.0,212.5,296.25,330.0,279.5833333333333,10
Cabbage,Nikaweratiya,2023-11-15,335.0,235.0,212.5,296.25,247.91666666666666,11
Cabbage,Nikaweratiya,2023-12-15,533.5,335.0,235.0,212.5,260.8333333333333,12
Cabbage,Nikaweratiya,2024-01-15,659.33,533.5,335.0,235.0,367.8333333333333,1
Cabbage,Nikaweratiya,2024-02-15,633.12,659.33,533.5,335.0,509.27666666666664,2
Cabbage,Nikaweratiya,2024-03-15,510.0,633.12,659.33,533.5,608.65,3
Cabbage,Nikaweratiya,2024-04-15,304.0,510.0,633.12,659.33,600.8166666666667,4
Cabbage,Nikaweratiya,2024-05-15,253.75,304.0,510.0,633.12,482.3733333333333,5
Cabbage,Nikaweratiya,2024-07-15,380.77,253.75,304.0,510.0,355.9166666666667,7
Cabbage,Nikaweratiya,2024-08-15,361.5,380.77,253.75,304.0,312.84,8
Cabbage,Nikaweratiya,2024-09-15,324.4,361.5,380.77,253.75,332.00666666666666,9
Cabbage,Nikaweratiya,2024-10-15,278.0,324.4,361.5,380.77,355.5566666666667,10
Cabbage,Nikaweratiya,2024-11-15,237.5,278.0,324.4,361.5,321.3,11
Cabbage,Nikaweratiya,2024-12-15,327.0,237.5,278.0,324.4,279.96666666666664,12
Cabbage,Nikaweratiya,2025-03-15,410.5,327.0,237.5,278.0,280.8333333333333,3
Cabbage,Nikaweratiya,2025-04-15,467.0,410.5,327.0,237.5,325.0,4
Cabbage,Nikaweratiya,2025-05-15,545.0,467.0,410.5,327.0,401.5,5
Cabbage,Nikaweratiya,2025-06-15,502.4,545.0,467.0,410.5,474.1666666666667,6
Cabbage,Nikaweratiya,2025-07-15,390.0,502.4,545.0,467.0,504.8,7
Cabbage,Nikaweratiya,2025-08-15,371.12,390.0,502.4,545.0,479.1333333333334,8
Cabbage,Nikaweratiya,2025-09-15,325.8,371.12,390.0,502.4,421.17333333333335,9
Cabbage,Nuwara Eliya,2023-09-15,173.0,223.0,247.6,294.67,255.09,9
Cabbage,Nuwara Eliya,2023-10-15,238.8,173.0,223.0,247.6,214.53333333333333,10
Cabbage,Nuwara Eliya,2023-11-15,326.0,238.8,173.0,223.0,211.6,11
Cabbage,Nuwara Eliya,2023-12-15,468.0,326.0,238.8,173.0,245.9333333333333,12
Cabbage,Nuwara Eliya,2024-01-15,649.2,468.0,326.0,238.8,344.26666666666665,1
Cabbage,Nuwara Eliya,2024-02-15,520.67,649.2,468.0,326.0,481.06666666666666,2
Cabbage,Nuwara Eliya,2024-03-15,411.0,520.67,649.2,468.0,545.9566666666666,3
Cabbage,Nuwara Eliya,2024-04-15,235.47,411.0,520.67,649.2,526.9566666666666,4
Cabbage,Nuwara Eliya,2024-05-15,177.5,235.47,411.0,520.67,389.0466666666666,5
Cabbage,Nuwara Eliya,2024-06-15,251.5,177.5,235.47,411.0,274.6566666666667,6
Cabbage,Nuwara Eliya,2024-07-15,342.0,251.5,177.5,235.47,221.49,7
Cabbage,Nuwara Eliya,2024-08-15,312.0,342.0,251.5,177.5,257.0,8
Cabbage,Nuwara Eliya,2024-09-15,284.0,312.0,342.0,251.5,301.8333333333333,9
Cabbage,Nuwara Eliya,2024-10-15,185.0,284.0,312.0,342.0,312.6666666666667,10
Cabbage,Nuwara Eliya,2024-11-15,198.0,185.0,284.0,312.0,260.3333333333333,11
Cabbage,Nuwara Eliya,2024-12-15,276.8,198.0,185.0,284.0,222.33333333333334,12
Cabbage,Nuwara Eliya,2025-01-15,236.67,276.8,198.0,185.0,219.9333333333333,1
Cabbage,Nuwara Eliya,2025-02-15,391.0,236.67,276.8,198.0,237.15666666666667,2
Cabbage,Nuwara Eliya,2025-03-15,346.8,391.0,236.67,276.8,301.49,3
Cabbage,Nuwara Eliya,2025-04-15,378.33,346.8,391.0,236.67,324.8233333333333,4
Cabbage,Nuwara Eliya,2025-05-15,490.0,378.33,346.8,391.0,372.04333333333335,5
Cabbage,Nuwara Eliya,2025-06-15,413.7,490.0,378.33,346.8,405.04333333333335,6
Cabbage,Nuwara Eliya,2025-07-15,304.0,413.7,490.0,378.33,427.3433333333333,7
Cabbage,Nuwara Eliya,2025-08-15,307.33,304.0,413.7,490.0,402.56666666666666,8
Cabbage,Nuwara Eliya,2025-09-15,229.6,307.33,304.0,413.7,341.6766666666667,9
Cabbage,Polonnaruwa,2023-09-15,205.0,276.0,321.2,376.5,324.56666666666666,9
Cabbage,Polonnaruwa,2023-10-15,201.2,205.0,276.0,321.2,267.40000000000003,10
Cabbage,Polonnaruwa,2023-11-15,326.0,201.2,205.0,276.0,227.4,11
Cabbage,Polonnaruwa,2023-12-15,458.67,326.0,201.2,205.0,244.0666666666667,12
Cabbage,Polonnaruwa,2024-01-15,612.0,458.67,326.0,201.2,328.62333333333333,1
Cabbage,Polonnaruwa,2024-02-15,551.0,612.0,458.67,326.0,465.5566666666667,2
Cabbage,Polonnaruwa,2024-03-15,538.0,551.0,612.0,458.67,540.5566666666667,3
Cabbage,Polonnaruwa,2024-04-15,280.0,538.0,551.0,612.0,567.0,4
Cabbage,Polonnaruwa,2024-05-15,236.67,280.0,538.0,551.0,456.3333333333333,5
Cabbage,Polonnaruwa,2024-08-15,361.5,236.67,280.0,538.0,351.5566666666667,8
Cabbage,Polonnaruwa,2024-09-15,294.4,361.5,236.67,280.0,292.7233333333333,9
Cabbage,Polonnaruwa,2024-10-15,270.0,294.4,361.5,236.67,297.5233333333333,10
Cabbage,Polonnaruwa,2024-11-15,220.0,270.0,294.4,361.5,308.6333333333333,11
Cabbage,Polonnaruwa,2024-12-15,270.4,220.0,270.0,294.4,261.46666666666664,12
Cabbage,Polonnaruwa,2025-01-15,263.0,270.4,220.0,270.0,253.46666666666667,1
Cabbage,Polonnaruwa,2025-02-15,419.0,263.0,270.4,220.0,251.13333333333333,2
Cabbage,Polonnaruwa,2025-03-15,384.0,419.0,263.0,270.4,317.46666666666664,3
Cabbage,Polonnaruwa,2025-04-15,389.5,384.0,419.0,263.0,355.3333333333333,4
Cabbage,Polonnaruwa,2025-05-15,521.0,389.5,384.0,419.0,397.5,5
Cabbage,Polonnaruwa,2025-06-15,489.6,521.0,389.5,384.0,431.5,6
Cabbage,Polonnaruwa,2025-07-15,347.0,489.6,521.0,389.5,466.7,7
Cabbage,Polonnaruwa,2025-08-15,319.0,347.0,489.6,521.0,452.5333333333333,8
Cabbage,Polonnaruwa,2025-09-15,321.33,319.0,347.0,489.6,385.2,9
Cabbage,Puttalam,2023-09-15,262.0,305.33,349.6,426.0,360.31,9
Cabbage,Puttalam,2023-10-15,265.6,262.0,305.33,349.6,305.6433333333334,10
Cabbage,Puttalam,2023-11-15,378.0,265.6,262.0,305.33,277.6433333333334,11
Cabbage,Puttalam,2023-12-15,550.0,378.0,265.6,262.0,301.86666666666673,12
Cabbage,Puttalam,2024-01-15,659.2,550.0,378.0,265.6,397.86666666666673,1
Cabbage,Puttalam,2024-02-15,586.0,659.2,550.0,378.0,529.0666666666667,2
Cabbage,Puttalam,2024-03-15,539.5,586.0,659.2,550.0,598.4,3
Cabbage,Puttalam,2024-04-15,353.6,539.5,586.0,659.2,594.9,4
Cabbage,Puttalam,2024-05-15,316.25,353.6,539.5,586.0,493.0333333333333,5
Cabbage,Puttalam,2024-06-15,316.25,316.25,353.6,539.5,403.1166666666666,6
Cabbage,Puttalam,2024-07-15,392.5,316.25,316.25,353.6,328.7,7
Cabbage,Puttalam,2024-08-15,396.17,392.5,316.25,316.25,341.6666666666667,8
Cabbage,Puttalam,2024-09-15,354.58,396.17,392.5,316.25,368.3066666666667,9
Cabbage,Puttalam,2024-10-15,317.92,354.58,396.17,392.5,381.0833333333333,10
Cabbage,Puttalam,2024-11-15,302.08,317.92,354.58,396.17,356.22333333333336,11
Cabbage,Puttalam,2024-12-15,326.67,302.08,317.92,354.58,324.85999999999996,12
Cabbage,Puttalam,2025-01-15,318.0,326.67,302.08,317.92,315.5566666666667,1
Cabbage,Puttalam,2025-02-15,413.33,318.0,326.67,302.08,315.5833333333333,2
Cabbage,Puttalam,2025-03-15,445.33,413.33,318.0,326.67,352.6666666666667,3
Cabbage,Puttalam,2025-04-15,514.17,445.33,413.33,318.0,392.21999999999997,4
Cabbage,Puttalam,2025-05-15,615.0,514.17,445.33,413.33,457.60999999999996,5
Cabbage,Puttalam,2025-06-15,527.33,615.0,514.17,445.33,524.8333333333334,6
Cabbage,Puttalam,2025-07-15,393.33,527.33,615.0,514.17,552.1666666666666,7
Cabbage,Puttalam,2025-09-15,333.33,393.33,527.33,615.0,511.8866666666667,9
Cabbage,Rathnapura,2023-09-15,191.5,261.0,300.2,381.25,314.15000000000003,9
Cabbage,Rathnapura,2023-10-15,173.33,191.5,261.0,300.2,250.9,10
Cabbage,Rathnapura,2024-01-15,746.0,173.33,191.5,261.0,208.61,1
Cabbage,Rathnapura,2024-02-15,565.25,746.0,173.33,191.5,370.27666666666664,2
Cabbage,Rathnapura,2024-03-15,511.67,565.25,746.0,173.33,494.85999999999996,3
Cabbage,Rathnapura,2024-04-15,254.0,511.67,565.25,746.0,607.64,4
Cabbage,Rathnapura,2024-05-15,197.0,254.0,511.67,565.25,443.64000000000004,5
Cabbage,Rathnapura,2024-06-15,316.0,197.0,254.0,511.67,320.89000000000004,6
Cabbage,Rathnapura,2024-07-15,367.6,316.0,197.0,254.0,255.66666666666666,7
Cabbage,Rathnapura,2024-08-15,355.5,367.6,316.0,197.0,293.53333333333336,8
Cabbage,Rathnapura,2024-09-15,300.4,355.5,367.6,316.0,346.3666666666666,9
Cabbage,Rathnapura,2024-10-15,203.0,300.4,355.5,367.6,341.1666666666667,10
Cabbage,Rathnapura,2024-11-15,199.0,203.0,300.4,355.5,286.3,11
Cabbage,Rathnapura,2024-12-15,247.6,199.0,203.0,300.4,234.13333333333333,12
Cabbage,Rathnapura,2025-01-15,257.0,247.6,199.0,203.0,216.53333333333333,1
Cabbage,Rathnapura,2025-02-15,377.0,257.0,247.6,199.0,234.53333333333333,2
Cabbage,Rathnapura,2025-03-15,340.1,377.0,257.0,247.6,293.8666666666667,3
Cabbage,Rathnapura,2025-04-15,396.92,340.1,377.0,257.0,324.7,4
Cabbage,Rathnapura,2025-05-15,446.17,396.92,340.1,377.0,371.34,5
Cabbage,Rathnapura,2025-06-15,484.8,446.17,396.92,340.1,394.3966666666667,6
Cabbage,Rathnapura,2025-07-15,307.5,484.8,446.17,396.92,442.63000000000005,7
Cabbage,Rathnapura,2025-08-15,264.62,307.5,484.8,446.17,412.8233333333333,8
Cabbage,Rathnapura,2025-09-15,284.0,264.62,307.5,484.8,352.3066666666667,9
Cabbage,Thambuttegama,2023-09-15,180.0,249.0,263.2,339.5,283.90000000000003,9
Cabbage,Thambuttegama,2023-10-15,216.4,180.0,249.0,263.2,230.73333333333335,10
Cabbage,Thambuttegama,2023-11-15,322.0,216.4,180.0,249.0,215.13333333333333,11
Cabbage,Thambuttegama,2023-12-15,439.0,322.0,216.4,180.0,239.46666666666667,12
Cabbage,Thambuttegama,2024-01-15,626.8,439.0,322.0,216.4,325.8,1
Cabbage,Thambuttegama,2024-02-15,489.58,626.8,439.0,322.0,462.59999999999997,2
Cabbage,Thambuttegama,2024-03-15,451.33,489.58,626.8,439.0,518.4599999999999,3
Cabbage,Thambuttegama,2024-04-15,242.51,451.33,489.58,626.8,522.57,4
Cabbage,Thambuttegama,2024-05-15,190.0,242.51,451.33,489.58,394.47333333333336,5
Cabbage,Thambuttegama,2024-07-15,394.0,190.0,242.51,451.33,294.61333333333334,7
Cabbage,Thambuttegama,2024-08-15,355.25,394.0,190.0,242.51,275.50333333333333,8
Cabbage,Thambuttegama,2024-09-15,348.9,355.25,394.0,190.0,313.0833333333333,9
Cabbage,Thambuttegama,2024-10-15,226.0,348.9,355.25,394.0,366.05,10
Cabbage,Thambuttegama,2024-11-15,180.5,226.0,348.9,355.25,310.05,11
Cabbage,Thambuttegama,2024-12-15,266.0,180.5,226.0,348.9,251.79999999999998,12
Cabbage,Thambuttegama,2025-01-15,229.5,266.0,180.5,226.0,224.16666666666666,1
Cabbage,Thambuttegama,2025-02-15,409.5,229.5,266.0,180.5,225.33333333333334,2
Cabbage,Thambuttegama,2025-03-15,388.4,409.5,229.5,266.0,301.6666666666667,3
Cabbage,Thambuttegama,2025-04-15,467.33,388.4,409.5,229.5,342.4666666666667,4
Cabbage,Thambuttegama,2025-05-15,627.0,467.33,388.4,409.5,421.74333333333334,5
Cabbage,Thambuttegama,2025-06-15,504.4,627.0,467.33,388.4,494.24333333333334,6
Cabbage,Thambuttegama,2025-07-15,393.0,504.4,627.0,467.33,532.91,7
Cabbage,Thambuttegama,2025-08-15,382.38,393.0,504.4,627.0,508.1333333333334,8
Cabbage,Thambuttegama,2025-09-15,294.0,382.38,393.0,504.4,426.5933333333333,9
Cabbage,Tissamaharama,2023-09-15,188.25,279.38,275.0,340.62,298.3333333333333,9
Cabbage,Tissamaharama,2023-10-15,229.0,188.25,279.38,275.0,247.54333333333332,10
Cabbage,Tissamaharama,2023-11-15,327.5,229.0,188.25,279.38,232.21,11
Cabbage,Tissamaharama,2023-12-15,502.5,327.5,229.0,188.25,248.25,12
Cabbage,Tissamaharama,2024-01-15,714.0,502.5,327.5,229.0,353.0,1
Cabbage,Tissamaharama,2024-02-15,608.5,714.0,502.5,327.5,514.6666666666666,2
Cabbage,Tissamaharama,2024-03-15,445.0,608.5,714.0,502.5,608.3333333333334,3
Cabbage,Tissamaharama,2024-04-15,259.6,445.0,608.5,714.0,589.1666666666666,4
Cabbage,Tissamaharama,2024-05-15,197.25,259.6,445.0,608.5,437.7,5
Cabbage,Tissamaharama,2024-09-15,285.33,197.25,259.6,445.0,300.6166666666667,9
Cabbage,Tissamaharama,2024-10-15,210.0,285.33,197.25,259.6,247.39333333333335,10
Cabbage,Tissamaharama,2024-11-15,202.25,210.0,285.33,197.25,230.85999999999999,11
Cabbage,Tissamaharama,2024-12-15,274.0,202.25,210.0,285.33,232.52666666666664,12
Cabbage,Tissamaharama,2025-01-15,265.25,274.0,202.25,210.0,228.75,1
Cabbage,Tissamaharama,2025-02-15,357.5,265.25,274.0,202.25,247.16666666666666,2
Cabbage,Tissamaharama,2025-03-15,335.33,357.5,265.25,274.0,298.9166666666667,3
Cabbage,Tissamaharama,2025-04-15,332.5,335.33,357.5,265.25,319.35999999999996,4
Cabbage,Tissamaharama,2025-06-15,368.75,332.5,335.33,357.5,341.77666666666664,6
Cabbage,Tissamaharama,2025-07-15,302.29,368.75,332.5,335.33,345.52666666666664,7
Cabbage,Tissamaharama,2025-08-15,280.0,302.29,368.75,332.5,334.5133333333334,8
Cabbage,Tissamaharama,2025-09-15,233.5,280.0,302.29,368.75,317.0133333333333,9
Cabbage,Trincomalee,2023-09-15,216.5,283.0,346.4,421.75,350.3833333333334,9
Cabbage,Trincomalee,2023-10-15,250.6,216.5,283.0,346.4,281.96666666666664,10
Cabbage,Trincomalee,2023-11-15,329.5,250.6,216.5,283.0,250.03333333333333,11
Cabbage,Trincomalee,2023-12-15,506.0,329.5,250.6,216.5,265.53333333333336,12
Cabbage,Trincomalee,2024-01-15,669.2,506.0,329.5,250.6,362.0333333333333,1
Cabbage,Trincomalee,2024-02-15,610.0,669.2,506.0,329.5,501.56666666666666,2
Cabbage,Trincomalee,2024-03-15,494.67,610.0,669.2,506.0,595.0666666666667,3
Cabbage,Trincomalee,2024-04-15,271.33,494.67,610.0,669.2,591.2900000000001,4
Cabbage,Trincomalee,2024-05-15,295.0,271.33,494.67,610.0,458.6666666666667,5
Cabbage,Trincomalee,2024-06-15,295.0,295.0,271.33,494.67,353.6666666666667,6
Cabbage,Trincomalee,2024-07-15,410.8,295.0,295.0,271.33,287.10999999999996,7
Cabbage,Trincomalee,2024-08-15,393.0,410.8,295.0,295.0,333.59999999999997,8
Cabbage,Trincomalee,2024-09-15,332.8,393.0,410.8,295.0,366.26666666666665,9
Cabbage,Trincomalee,2024-10-15,339.5,332.8,393.0,410.8,378.8666666666666,10
Cabbage,Trincomalee,2024-11-15,323.75,339.5,332.8,393.0,355.1000000000001,11
Cabbage,Trincomalee,2024-12-15,332.04,323.75,339.5,332.8,332.0166666666667,12
Cabbage,Trincomalee,2025-01-15,327.0,332.04,323.75,339.5,331.7633333333333,1
Cabbage,Trincomalee,2025-02-15,368.5,327.0,332.04,323.75,327.59666666666664,2
Cabbage,Trincomalee,2025-03-15,335.8,368.5,327.0,332.04,342.5133333333333,3
Cabbage,Trincomalee,2025-04-15,440.25,335.8,368.5,327.0,343.7666666666667,4
Cabbage,Trincomalee,2025-05-15,434.0,440.25,335.8,368.5,381.5166666666667,5
Cabbage,Trincomalee,2025-06-15,435.6,434.0,440.25,335.8,403.3500000000001,6
Cabbage,Trincomalee,2025-07-15,378.0,435.6,434.0,440.25,436.6166666666666,7
Cabbage,Trincomalee,2025-08-15,297.5,378.0,435.6,434.0,415.8666666666666,8
Cabbage,Trincomalee,2025-09-15,276.0,297.5,378.0,435.6,370.3666666666666,9
Cabbage,Vavuniya,2023-09-15,197.0,327.5,337.07,407.25,357.2733333333333,9
Cabbage,Vavuniya,2023-10-15,272.0,197.0,327.5,337.07,287.19,10
Cabbage,Vavuniya,2023-11-15,359.5,272.0,197.0,327.5,265.5,11
Cabbage,Vavuniya,2023-12-15,512.0,359.5,272.0,197.0,276.1666666666667,12
Cabbage,Vavuniya,2024-01-15,776.8,512.0,359.5,272.0,381.1666666666667,1
Cabbage,Vavuniya,2024-02-15,659.5,776.8,512.0,359.5,549.4333333333333,2
Cabbage,Vavuniya,2024-03-15,543.0,659.5,776.8,512.0,649.4333333333333,3
Cabbage,Vavuniya,2024-04-15,276.2,543.0,659.5,776.8,659.7666666666667,4
Cabbage,Vavuniya,2024-05-15,264.5,276.2,543.0,659.5,492.90000000000003,5
Cabbage,Vavuniya,2024-06-15,391.25,264.5,276.2,543.0,361.23333333333335,6
Cabbage,Vavuniya,2024-07-15,459.6,391.25,264.5,276.2,310.65000000000003,7
Cabbage,Vavuniya,2024-08-15,406.5,459.6,391.25,264.5,371.7833333333333,8
Cabbage,Vavuniya,2024-09-15,339.2,406.5,459.6,391.25,419.1166666666666,9
Cabbage,Vavuniya,2024-10-15,324.25,339.2,406.5,459.6,401.76666666666665,10
Cabbage,Vavuniya,2024-11-15,314.5,324.25,339.2,406.5,356.65000000000003,11
Cabbage,Vavuniya,2024-12-15,352.25,314.5,324.25,339.2,325.98333333333335,12
Cabbage,Vavuniya,2025-01-15,307.5,352.25,314.5,324.25,330.3333333333333,1
Cabbage,Vavuniya,2025-02-15,405.25,307.5,352.25,314.5,324.75,2
Cabbage,Vavuniya,2025-03-15,396.4,405.25,307.5,352.25,355.0,3
Cabbage,Vavuniya,2025-04-15,502.0,396.4,405.25,307.5,369.7166666666667,4
Cabbage,Vavuniya,2025-05-15,531.0,502.0,396.4,405.25,434.55,5
Cabbage,Vavuniya,2025-06-15,497.5,531.0,502.0,396.4,476.4666666666667,6
Cabbage,Vavuniya,2025-07-15,436.5,497.5,531.0,502.0,510.1666666666667,7
Cabbage,Vavuniya,2025-08-15,344.0,436.5,497.5,531.0,488.3333333333333,8
Cabbage,Vavuniya,2025-09-15,302.8,344.0,436.5,497.5,426.0,9
Carrots,Ampara,2023-09-15,290.83,496.67,516.67,458.33,490.5566666666666,9
Carrots,Ampara,2023-10-15,330.67,290.83,496.67,516.67,434.72333333333336,10
Carrots,Ampara,2023-11-15,458.33,330.67,290.83,496.67,372.7233333333333,11
Carrots,Ampara,2023-12-15,593.33,458.33,330.67,290.83,359.9433333333333,12
Carrots,Ampara,2024-01-15,1294.67,593.33,458.33,330.67,460.77666666666664,1
Carrots,Ampara,2024-02-15,794.58,1294.67,593.33,458.33,782.11,2
Carrots,Ampara,2024-03-15,460.0,794.58,1294.67,593.33,894.1933333333333,3
Carrots,Ampara,2024-04-15,376.0,460.0,794.58,1294.67,849.75,4
Carrots,Ampara,2024-05-15,283.33,376.0,460.0,794.58,543.5266666666666,5
Carrots,Ampara,2024-06-15,283.33,283.33,376.0,460.0,373.10999999999996,6
Carrots,Ampara,2024-07-15,472.5,283.33,283.33,376.0,314.21999999999997,7
Carrots,Ampara,2024-08-15,361.25,472.5,283.33,283.33,346.3866666666666,8
Carrots,Ampara,2024-09-15,288.0,361.25,472.5,283.33,372.35999999999996,9
Carrots,Ampara,2024-10-15,196.67,288.0,361.25,472.5,373.9166666666667,10
Carrots,Ampara,2024-11-15,206.67,196.67,288.0,361.25,281.9733333333333,11
Carrots,Ampara,2024-12-15,305.33,206.67,196.67,288.0,230.44666666666663,12
Carrots,Ampara,2025-01-15,366.88,305.33,206.67,196.67,236.22333333333333,1
Carrots,Ampara,2025-02-15,714.17,366.88,305.33,206.67,292.96,2
Carrots,Ampara,2025-03-15,707.33,714.17,366.88,305.33,462.1266666666667,3
Carrots,Ampara,2025-04-15,562.22,707.33,714.17,366.88,596.1266666666667,4
Carrots,Ampara,2025-05-15,853.33,562.22,707.33,714.17,661.24,5
Carrots,Ampara,2025-06-15,630.67,853.33,562.22,707.33,707.6266666666667,6
Carrots,Ampara,2025-07-15,421.67,630.67,853.33,562.22,682.0733333333334,7
Carrots,Ampara,2025-08-15,492.5,421.67,630.67,853.33,635.2233333333334,8
Carrots,Ampara,2025-09-15,345.33,492.5,421.67,630.67,514.9466666666667,9
Carrots,Anuradhapura,2023-09-15,344.0,503.0,547.2,459.0,503.06666666666666,9
Carrots,Anuradhapura,2023-10-15,318.4,344.0,503.0,547.2,464.73333333333335,10
Carrots,Anuradhapura,2023-11-15,426.0,318.4,344.0,503.0,388.4666666666667,11
Carrots,Anuradhapura,2023-12-15,570.0,426.0,318.4,344.0,362.8,12
Carrots,Anuradhapura,2024-01-15,1394.4,570.0,426.0,318.4,438.1333333333334,1
Carrots,Anuradhapura,2024-02-15,802.0,1394.4,570.0,426.0,796.8000000000001,2
Carrots,Anuradhapura,2024-03-15,490.0,802.0,1394.4,570.0,922.1333333333333,3
Carrots,Anuradhapura,2024-04-15,387.2,490.0,802.0,1394.4,895.4666666666667,4
Carrots,Anuradhapura,2024-05-15,301.0,387.2,490.0,802.0,559.7333333333333,5
Carrots,Anuradhapura,2024-06-15,520.0,301.0,387.2,490.0,392.73333333333335,6
Carrots,Anuradhapura,2024-07-15,553.6,520.0,301.0,387.2,402.73333333333335,7
Carrots,Anuradhapura,2024-08-15,398.0,553.6,520.0,301.0,458.2,8
Carrots,Anuradhapura,2024-09-15,345.4,398.0,553.6,520.0,490.5333333333333,9
Carrots,Anuradhapura,2024-10-15,242.0,345.4,398.0,553.6,432.3333333333333,10
Carrots,Anuradhapura,2024-11-15,238.0,242.0,345.4,398.0,328.46666666666664,11
Carrots,Anuradhapura,2024-12-15,348.0,238.0,242.0,345.4,275.1333333333333,12
Carrots,Anuradhapura,2025-01-15,395.0,348.0,238.0,242.0,276.0,1
Carrots,Anuradhapura,2025-02-15,931.0,395.0,348.0,238.0,327.0,2
Carrots,Anuradhapura,2025-03-15,857.6,931.0,395.0,348.0,558.0,3
Carrots,Anuradhapura,2025-04-15,541.0,857.6,931.0,395.0,727.8666666666667,4
Carrots,Anuradhapura,2025-05-15,942.0,541.0,857.6,931.0,776.5333333333333,5
Carrots,Anuradhapura,2025-06-15,708.0,942.0,541.0,857.6,780.1999999999999,6
Carrots,Anuradhapura,2025-07-15,500.0,708.0,942.0,541.0,730.3333333333334,7
Carrots,Anuradhapura,2025-08-15,553.0,500.0,708.0,942.0,716.6666666666666,8
Carrots,Anuradhapura,2025-09-15,410.4,553.0,500.0,708.0,587.0,9
Carrots,Badulla,2023-09-15,289.0,432.0,491.2,420.0,447.73333333333335,9
Carrots,Badulla,2023-10-15,293.6,289.0,432.0,491.2,404.06666666666666,10
Carrots,Badulla,2023-11-15,373.0,293.6,289.0,432.0,338.2,11
Carrots,Badulla,2023-12-15,479.0,373.0,293.6,289.0,318.5333333333333,12
Carrots,Badulla,2024-01-15,1093.75,479.0,373.0,293.6,381.8666666666666,1
Carrots,Badulla,2024-02-15,647.08,1093.75,479.0,373.0,648.5833333333334,2
Carrots,Badulla,2024-03-15,395.12,647.08,1093.75,479.0,739.9433333333333,3
Carrots,Badulla,2024-04-15,314.8,395.12,647.08,1093.75,711.9833333333332,4
Carrots,Badulla,2024-05-15,255.5,314.8,395.12,647.08,452.3333333333333,5
Carrots,Badulla,2024-06-15,448.0,255.5,314.8,395.12,321.8066666666667,6
Carrots,Badulla,2024-07-15,515.5,448.0,255.5,314.8,339.43333333333334,7
Carrots,Badulla,2024-08-15,337.5,515.5,448.0,255.5,406.3333333333333,8
Carrots,Badulla,2024-09-15,267.5,337.5,515.5,448.0,433.6666666666667,9
Carrots,Badulla,2024-10-15,230.0,267.5,337.5,515.5,373.5,10
Carrots,Badulla,2024-11-15,210.0,230.0,267.5,337.5,278.3333333333333,11
Carrots,Badulla,2024-12-15,305.4,210.0,230.0,267.5,235.83333333333334,12
Carrots,Badulla,2025-01-15,370.0,305.4,210.0,230.0,248.46666666666667,1
Carrots,Badulla,2025-02-15,490.0,370.0,305.4,210.0,295.1333333333333,2
Carrots,Badulla,2025-03-15,598.75,490.0,370.0,305.4,388.4666666666667,3
Carrots,Badulla,2025-04-15,569.17,598.75,490.0,370.0,486.25,4
Carrots,Badulla,2025-05-15,811.25,569.17,598.75,490.0,552.64,5
Carrots,Badulla,2025-06-15,532.67,811.25,569.17,598.75,659.7233333333334,6
Carrots,Badulla,2025-07-15,390.0,532.67,811.25,569.17,637.6966666666666,7
Carrots,Badulla,2025-08-15,467.5,390.0,532.67,811.25,577.9733333333334,8
Carrots,Badulla,2025-09-15,280.0,467.5,390.0,532.67,463.39000000000004,9
Carrots,Bandarawela,2023-09-15,253.0,402.0,442.0,393.0,412.3333333333333,9
Carrots,Bandarawela,2023-10-15,256.0,253.0,402.0,442.0,365.6666666666667,10
Carrots,Bandarawela,2023-11-15,348.0,256.0,253.0,402.0,303.6666666666667,11
Carrots,Bandarawela,2023-12-15,430.0,348.0,256.0,253.0,285.6666666666667,12
Carrots,Bandarawela,2024-01-15,992.8,430.0,348.0,256.0,344.6666666666667,1
Carrots,Bandarawela,2024-02-15,790.0,992.8,430.0,348.0,590.2666666666667,2
Carrots,Bandarawela,2024-05-15,308.0,790.0,992.8,430.0,737.6,5
Carrots,Bandarawela,2024-06-15,451.5,308.0,790.0,992.8,696.9333333333334,6
Carrots,Bandarawela,2024-07-15,454.8,451.5,308.0,790.0,516.5,7
Carrots,Bandarawela,2024-08-15,347.0,454.8,451.5,308.0,404.76666666666665,8
Carrots,Bandarawela,2024-09-15,281.6,347.0,454.8,451.5,417.76666666666665,9
Carrots,Bandarawela,2024-10-15,184.0,281.6,347.0,454.8,361.1333333333334,10
Carrots,Bandarawela,2024-11-15,201.0,184.0,281.6,347.0,270.86666666666673,11
Carrots,Bandarawela,2024-12-15,255.2,201.0,184.0,281.6,222.20000000000002,12
Carrots,Bandarawela,2025-01-15,325.0,255.2,201.0,184.0,213.4,1
Carrots,Bandarawela,2025-02-15,754.0,325.0,255.2,201.0,260.40000000000003,2
Carrots,Bandarawela,2025-03-15,677.6,754.0,325.0,255.2,444.73333333333335,3
Carrots,Bandarawela,2025-04-15,502.0,677.6,754.0,325.0,585.5333333333333,4
Carrots,Bandarawela,2025-05-15,814.0,502.0,677.6,754.0,644.5333333333333,5
Carrots,Bandarawela,2025-06-15,546.4,814.0,502.0,677.6,664.5333333333333,6
Carrots,Bandarawela,2025-07-15,391.0,546.4,814.0,502.0,620.8000000000001,7
Carrots,Bandarawela,2025-08-15,412.0,391.0,546.4,814.0,583.8000000000001,8
Carrots,Bandarawela,2025-09-15,289.6,412.0,391.0,546.4,449.8,9
Carrots,Batticaloa,2023-09-15,350.0,522.0,581.6,523.5,542.3666666666667,9
Carrots,Batticaloa,2023-10-15,358.0,350.0,522.0,581.6,484.5333333333333,10
Carrots,Batticaloa,2023-11-15,458.0,358.0,350.0,522.0,410.0,11
Carrots,Batticaloa,2023-12-15,606.5,458.0,358.0,350.0,388.6666666666667,12
Carrots,Batticaloa,2024-01-15,1375.6,606.5,458.0,358.0,474.1666666666667,1
Carrots,Batticaloa,2024-02-15,804.5,1375.6,606.5,458.0,813.3666666666667,2
Carrots,Batticaloa,2024-03-15,563.0,804.5,1375.6,606.5,928.8666666666667,3
Carrots,Batticaloa,2024-04-15,374.4,563.0,804.5,1375.6,914.3666666666667,4
Carrots,Batticaloa,2024-05-15,287.0,374.4,563.0,804.5,580.6333333333333,5
Carrots,Batticaloa,2024-06-15,287.0,287.0,374.4,563.0,408.1333333333334,6
Carrots,Batticaloa,2024-07-15,579.2,287.0,287.0,374.4,316.1333333333333,7
Carrots,Batticaloa,2024-08-15,411.0,579.2,287.0,287.0,384.40000000000003,8
Carrots,Batticaloa,2024-12-15,280.67,411.0,579.2,287.0,425.73333333333335,12
Carrots,Batticaloa,2025-01-15,350.62,280.67,411.0,579.2,423.6233333333334,1
Carrots,Batticaloa,2025-02-15,745.62,350.62,280.67,411.0,347.43,2
Carrots,Batticaloa,2025-03-15,781.0,745.62,350.62,280.67,458.97,3
Carrots,Batticaloa,2025-04-15,432.5,781.0,745.62,350.62,625.7466666666667,4
Carrots,Batticaloa,2025-06-15,651.5,432.5,781.0,745.62,653.0400000000001,6
Carrots,Batticaloa,2025-07-15,437.5,651.5,432.5,781.0,621.6666666666666,7
Carrots,Batticaloa,2025-08-15,451.88,437.5,651.5,432.5,507.1666666666667,8
Carrots,Batticaloa,2025-09-15,338.5,451.88,437.5,651.5,513.6266666666667,9
Carrots,Colombo City,2023-09-15,315.88,448.36,502.53,435.65,462.18,9
Carrots,Colombo City,2023-10-15,303.51,315.88,448.36,502.53,422.25666666666666,10
Carrots,Colombo City,2023-11-15,381.28,303.51,315.88,448.36,355.9166666666667,11
Carrots,Colombo City,2023-12-15,506.31,381.28,303.51,315.88,333.5566666666667,12
Carrots,Colombo City,2024-01-15,1229.05,506.31,381.28,303.51,397.0333333333333,1
Carrots,Colombo City,2024-02-15,779.77,1229.05,506.31,381.28,705.5466666666666,2
Carrots,Colombo City,2024-03-15,464.17,779.77,1229.05,506.31,838.3766666666667,3
Carrots,Colombo City,2024-04-15,336.55,464.17,779.77,1229.05,824.3299999999999,4
Carrots,Colombo City,2024-05-15,255.28,336.55,464.17,779.77,526.83,5
Carrots,Colombo City,2024-06-15,428.36,255.28,336.55,464.17,352.0,6
Carrots,Colombo City,2024-07-15,498.21,428.36,255.28,336.55,340.06333333333333,7
Carrots,Colombo City,2024-08-15,353.52,498.21,428.36,255.28,393.95,8
Carrots,Colombo City,2024-09-15,276.26,353.52,498.21,428.36,426.69666666666666,9
Carrots,Colombo City,2024-10-15,219.66,276.26,353.52,498.21,375.99666666666667,10
Carrots,Colombo City,2024-11-15,212.0,219.66,276.26,353.52,283.14666666666665,11
Carrots,Colombo City,2024-12-15,291.18,212.0,219.66,276.26,235.97333333333333,12
Carrots,Colombo City,2025-01-15,361.67,291.18,212.0,219.66,240.9466666666667,1
Carrots,Colombo City,2025-02-15,736.74,361.67,291.18,212.0,288.28333333333336,2
Carrots,Colombo City,2025-03-15,749.74,736.74,361.67,291.18,463.1966666666667,3
Carrots,Colombo City,2025-04-15,572.02,749.74,736.74,361.67,616.0500000000001,4
Carrots,Colombo City,2025-05-15,791.17,572.02,749.74,736.74,686.1666666666666,5
Carrots,Colombo City,2025-06-15,609.88,791.17,572.02,749.74,704.31,6
Carrots,Colombo City,2025-07-15,423.02,609.88,791.17,572.02,657.6899999999999,7
Carrots,Colombo City,2025-08-15,482.3,423.02,609.88,791.17,608.0233333333333,8
Carrots,Colombo City,2025-09-15,355.77,482.3,423.02,609.88,505.06666666666666,9
Carrots,Dammbagalla,2023-09-15,304.0,520.0,565.6,471.5,519.0333333333333,9
Carrots,Dammbagalla,2023-10-15,296.0,304.0,520.0,565.6,463.2,10
Carrots,Dammbagalla,2023-11-15,447.0,296.0,304.0,520.0,373.3333333333333,11
Carrots,Dammbagalla,2023-12-15,532.0,447.0,296.0,304.0,349.0,12
Carrots,Dammbagalla,2024-01-15,1400.27,532.0,447.0,296.0,425.0,1
Carrots,Dammbagalla,2024-02-15,802.5,1400.27,532.0,447.0,793.09,2
Carrots,Dammbagalla,2024-03-15,436.0,802.5,1400.27,532.0,911.59,3
Carrots,Dammbagalla,2024-04-15,345.2,436.0,802.5,1400.27,879.59,4
Carrots,Dammbagalla,2024-05-15,264.0,345.2,436.0,802.5,527.9,5
Carrots,Dammbagalla,2024-06-15,264.0,264.0,345.2,436.0,348.40000000000003,6
Carrots,Dammbagalla,2024-07-15,529.2,264.0,264.0,345.2,291.06666666666666,7
Carrots,Dammbagalla,2024-08-15,380.5,529.2,264.0,264.0,352.40000000000003,8
Carrots,Dammbagalla,2024-09-15,329.6,380.5,529.2,264.0,391.23333333333335,9
Carrots,Dammbagalla,2024-10-15,192.0,329.6,380.5,529.2,413.1000000000001,10
Carrots,Dammbagalla,2024-11-15,179.0,192.0,329.6,380.5,300.7,11
Carrots,Dammbagalla,2024-12-15,299.6,179.0,192.0,329.6,233.53333333333333,12
Carrots,Dammbagalla,2025-01-15,358.0,299.6,179.0,192.0,223.53333333333333,1
Carrots,Dammbagalla,2025-02-15,820.67,358.0,299.6,179.0,278.8666666666667,2
Carrots,Dammbagalla,2025-03-15,864.8,820.67,358.0,299.6,492.75666666666666,3
Carrots,Dammbagalla,2025-04-15,588.67,864.8,820.67,358.0,681.1566666666666,4
Carrots,Dammbagalla,2025-05-15,977.5,588.67,864.8,820.67,758.0466666666666,5
Carrots,Dammbagalla,2025-06-15,631.0,977.5,588.67,864.8,810.3233333333333,6
Carrots,Dammbagalla,2025-07-15,430.0,631.0,977.5,588.67,732.39,7
Carrots,Dammbagalla,2025-08-15,585.0,430.0,631.0,977.5,679.5,8
Carrots,Dammbagalla,2025-09-15,373.6,585.0,430.0,631.0,548.6666666666666,9
Carrots,Dehiattakandiya,2023-09-15,326.67,543.33,537.33,478.33,519.6633333333333,9
Carrots,Dehiattakandiya,2023-10-15,314.67,326.67,543.33,537.33,469.11000000000007,10
Carrots,Dehiattakandiya,2023-11-15,441.67,314.67,326.67,543.33,394.89000000000004,11
Carrots,Dehiattakandiya,2023-12-15,498.33,441.67,314.67,326.67,361.00333333333333,12
Carrots,Dehiattakandiya,2024-01-15,1190.33,498.33,441.67,314.67,418.2233333333333,1
Carrots,Dehiattakandiya,2024-02-15,811.67,1190.33,498.33,441.67,710.11,2
Carrots,Dehiattakandiya,2024-03-15,455.83,811.67,1190.33,498.33,833.4433333333333,3
Carrots,Dehiattakandiya,2024-04-15,380.67,455.83,811.67,1190.33,819.2766666666666,4
Carrots,Dehiattakandiya,2024-05-15,263.33,380.67,455.83,811.67,549.39,5
Carrots,Dehiattakandiya,2024-06-15,574.17,263.33,380.67,455.83,366.60999999999996,6
Carrots,Dehiattakandiya,2024-07-15,568.0,574.17,263.33,380.67,406.0566666666667,7
Carrots,Dehiattakandiya,2024-08-15,374.17,568.0,574.17,263.33,468.5,8
Carrots,Dehiattakandiya,2024-09-15,271.33,374.17,568.0,574.17,505.4466666666667,9
Carrots,Dehiattakandiya,2024-10-15,209.17,271.33,374.17,568.0,404.5,10
Carrots,Dehiattakandiya,2024-11-15,250.0,209.17,271.33,374.17,284.89,11
Carrots,Dehiattakandiya,2024-12-15,348.67,250.0,209.17,271.33,243.5,12
Carrots,Dehiattakandiya,2025-01-15,406.67,348.67,250.0,209.17,269.28,1
Carrots,Dehiattakandiya,2025-02-15,747.5,406.67,348.67,250.0,335.11333333333334,2
Carrots,Dehiattakandiya,2025-03-15,770.0,747.5,406.67,348.67,500.9466666666667,3
Carrots,Dehiattakandiya,2025-04-15,655.56,770.0,747.5,406.67,641.39,4
Carrots,Dehiattakandiya,2025-05-15,820.0,655.56,770.0,747.5,724.3533333333334,5
Carrots,Dehiattakandiya,2025-06-15,648.0,820.0,655.56,770.0,748.52,6
Carrots,Dehiattakandiya,2025-07-15,392.5,648.0,820.0,655.56,707.8533333333334,7
Carrots,Dehiattakandiya,2025-08-15,478.33,392.5,648.0,820.0,620.1666666666666,8
Carrots,Dehiattakandiya,2025-09-15,333.33,478.33,392.5,648.0,506.27666666666664,9
Carrots,Economic Centre - Peliyagoda,2022-10-15,408.15,332.8,388.97,350.91,357.56,10
Carrots,Economic Centre - Peliyagoda,2022-11-15,479.63,408.15,332.8,388.97,376.64000000000004,11
Carrots,Economic Centre - Peliyagoda,2022-12-15,240.0,479.63,408.15,332.8,406.85999999999996,12
Carrots,Economic Centre - Peliyagoda,2023-01-15,322.5,240.0,479.63,408.15,375.9266666666667,1
Carrots,Economic Centre - Peliyagoda,2023-02-15,97.0,322.5,240.0,479.63,347.3766666666667,2
Carrots,Economic Centre - Peliyagoda,2023-03-15,203.33,97.0,322.5,240.0,219.83333333333334,3
Carrots,Economic Centre - Peliyagoda,2023-04-15,254.81,203.33,97.0,322.5,207.61,4
Carrots,Economic Centre - Peliyagoda,2023-05-15,302.0,254.81,203.33,97.0,185.04666666666665,5
Carrots,Economic Centre-Dambulla,2020-04-15,90.5,162.33,249.94,365.05,259.1066666666667,4
Carrots,Economic Centre-Dambulla,2020-05-15,85.17,90.5,162.33,249.94,167.59,5
Carrots,Economic Centre-Dambulla,2020-06-15,144.1,85.17,90.5,162.33,112.66666666666667,6
Carrots,Economic Centre-Dambulla,2020-07-15,122.83,144.1,85.17,90.5,106.58999999999999,7
Carrots,Economic Centre-Dambulla,2020-08-15,114.25,122.83,144.1,85.17,117.36666666666667,8
Carrots,Economic Centre-Dambulla,2020-09-15,138.83,114.25,122.83,144.1,127.06,9
Carrots,Economic Centre-Dambulla,2020-10-15,138.83,138.83,114.25,122.83,125.30333333333334,10
Carrots,Economic Centre-Pettah,2020-06-15,156.25,184.44,300.28,430.0,304.9066666666667,6
Carrots,Economic Centre-Pettah,2020-07-15,131.09,156.25,184.44,300.28,213.65666666666667,7
Carrots,Economic Centre-Pettah,2020-08-15,141.57,131.09,156.25,184.44,157.26,8
Carrots,Economic Centre-Pettah,2020-09-15,153.17,141.57,131.09,156.25,142.97,9
Carrots,Economic Centre-Pettah,2020-10-15,153.17,153.17,141.57,131.09,141.94333333333333,10
Carrots,Embilipitiya,2023-09-15,314.17,479.92,520.0,436.75,478.89000000000004,9
Carrots,Embilipitiya,2023-10-15,320.14,314.17,479.92,520.0,438.03000000000003,10
Carrots,Embilipitiya,2023-11-15,411.13,320.14,314.17,479.92,371.41,11
Carrots,Embilipitiya,2023-12-15,534.38,411.13,320.14,314.17,348.48,12
Carrots,Embilipitiya,2024-01-15,1253.67,534.38,411.13,320.14,421.8833333333334,1
Carrots,Embilipitiya,2024-02-15,708.0,1253.67,534.38,411.13,733.0600000000001,2
Carrots,Embilipitiya,2024-03-15,480.83,708.0,1253.67,534.38,832.0166666666668,3
Carrots,Embilipitiya,2024-04-15,352.27,480.83,708.0,1253.67,814.1666666666669,4
Carrots,Embilipitiya,2024-05-15,343.25,352.27,480.83,708.0,513.7,5
Carrots,Embilipitiya,2024-06-15,491.75,343.25,352.27,480.83,392.11666666666673,6
Carrots,Embilipitiya,2024-07-15,542.13,491.75,343.25,352.27,395.7566666666667,7
Carrots,Embilipitiya,2024-08-15,370.83,542.13,491.75,343.25,459.04333333333346,8
Carrots,Embilipitiya,2024-09-15,270.4,370.83,542.13,491.75,468.23666666666674,9
Carrots,Embilipitiya,2024-10-15,169.5,270.4,370.83,542.13,394.45333333333343,10
Carrots,Embilipitiya,2024-11-15,203.5,169.5,270.4,370.83,270.2433333333334,11
Carrots,Embilipitiya,2024-12-15,276.4,203.5,169.5,270.4,214.46666666666673,12
Carrots,Embilipitiya,2025-01-15,349.5,276.4,203.5,169.5,216.46666666666673,1
Carrots,Embilipitiya,2025-02-15,681.67,349.5,276.4,203.5,276.46666666666675,2
Carrots,Embilipitiya,2025-03-15,741.4,681.67,349.5,276.4,435.85666666666674,3
Carrots,Embilipitiya,2025-04-15,581.38,741.4,681.67,349.5,590.8566666666667,4
Carrots,Embilipitiya,2025-05-15,914.88,581.38,741.4,681.67,668.15,5
Carrots,Embilipitiya,2025-06-15,611.7,914.88,581.38,741.4,745.8866666666668,6
Carrots,Embilipitiya,2025-07-15,398.0,611.7,914.88,581.38,702.6533333333333,7
Carrots,Embilipitiya,2025-08-15,438.75,398.0,611.7,914.88,641.5266666666668,8
Carrots,Embilipitiya,2025-09-15,367.47,438.75,398.0,611.7,482.8166666666668,9
Carrots,Galenbindunuwewa,2023-09-15,334.0,534.0,580.4,466.0,526.8000000000001,9
Carrots,Galenbindunuwewa,2023-10-15,313.6,334.0,534.0,580.4,482.8,10
Carrots,Galenbindunuwewa,2023-11-15,430.33,313.6,334.0,534.0,393.8666666666666,11
Carrots,Galenbindunuwewa,2023-12-15,564.0,430.33,313.6,334.0,359.31,12
Carrots,Galenbindunuwewa,2024-01-15,1228.0,564.0,430.33,313.6,435.9766666666667,1
Carrots,Galenbindunuwewa,2024-02-15,784.0,1228.0,564.0,430.33,740.7766666666666,2
Carrots,Galenbindunuwewa,2024-03-15,509.0,784.0,1228.0,564.0,858.6666666666666,3
Carrots,Galenbindunuwewa,2024-04-15,380.0,509.0,784.0,1228.0,840.3333333333334,4
Carrots,Galenbindunuwewa,2024-05-15,280.0,380.0,509.0,784.0,557.6666666666666,5
Carrots,Galenbindunuwewa,2024-06-15,511.0,280.0,380.0,509.0,389.6666666666667,6
Carrots,Galenbindunuwewa,2024-07-15,588.0,511.0,280.0,380.0,390.3333333333333,7
Carrots,Galenbindunuwewa,2024-12-15,352.0,588.0,511.0,280.0,459.6666666666667,12
Carrots,Galenbindunuwewa,2025-01-15,339.0,352.0,588.0,511.0,483.6666666666667,1
Carrots,Galenbindunuwewa,2025-02-15,801.88,339.0,352.0,588.0,426.3333333333333,2
Carrots,Galenbindunuwewa,2025-03-15,852.5,801.88,339.0,352.0,497.6266666666667,3
Carrots,Galenbindunuwewa,2025-04-15,685.0,852.5,801.88,339.0,664.46,4
Carrots,Galenbindunuwewa,2025-06-15,667.25,685.0,852.5,801.88,779.7933333333334,6
Carrots,Galenbindunuwewa,2025-07-15,470.5,667.25,685.0,852.5,734.9166666666666,7
Carrots,Galenbindunuwewa,2025-08-15,569.25,470.5,667.25,685.0,607.5833333333334,8
Carrots,Galenbindunuwewa,2025-09-15,387.6,569.25,470.5,667.25,569.0,9
Carrots,Galle,2023-09-15,303.0,496.0,537.3,482.0,505.09999999999997,9
Carrots,Galle,2023-10-15,306.6,303.0,496.0,537.3,445.43333333333334,10
Carrots,Galle,2023-11-15,399.0,306.6,303.0,496.0,368.5333333333333,11
Carrots,Galle,2023-12-15,566.25,399.0,306.6,303.0,336.2,12
Carrots,Galle,2024-01-15,1338.33,566.25,399.0,306.6,423.95,1
Carrots,Galle,2024-02-15,722.5,1338.33,566.25,399.0,767.86,2
Carrots,Galle,2024-03-15,397.21,722.5,1338.33,566.25,875.6933333333333,3
Carrots,Galle,2024-04-15,338.75,397.21,722.5,1338.33,819.3466666666667,4
Carrots,Galle,2024-05-15,238.75,338.75,397.21,722.5,486.15333333333336,5
Carrots,Galle,2024-06-15,451.88,238.75,338.75,397.21,324.90333333333336,6
Carrots,Galle,2024-07-15,522.5,451.88,238.75,338.75,343.1266666666666,7
Carrots,Galle,2024-08-15,395.0,522.5,451.88,238.75,404.3766666666666,8
Carrots,Galle,2024-09-15,338.83,395.0,522.5,451.88,456.46,9
Carrots,Galle,2024-10-15,198.75,338.83,395.0,522.5,418.77666666666664,10
Carrots,Galle,2024-11-15,190.0,198.75,338.83,395.0,310.85999999999996,11
Carrots,Galle,2024-12-15,321.0,190.0,198.75,338.83,242.52666666666664,12
Carrots,Galle,2025-01-15,368.33,321.0,190.0,198.75,236.58333333333334,1
Carrots,Galle,2025-02-15,898.33,368.33,321.0,190.0,293.10999999999996,2
Carrots,Galle,2025-03-15,901.0,898.33,368.33,321.0,529.22,3
Carrots,Galle,2025-04-15,715.0,901.0,898.33,368.33,722.5533333333333,4
Carrots,Galle,2025-05-15,942.5,715.0,901.0,898.33,838.11,5
Carrots,Galle,2025-06-15,628.33,942.5,715.0,901.0,852.8333333333334,6
Carrots,Galle,2025-07-15,436.25,628.33,942.5,715.0,761.9433333333333,7
Carrots,Galle,2025-08-15,560.62,436.25,628.33,942.5,669.0266666666666,8
Carrots,Galle,2025-09-15,380.0,560.62,436.25,628.33,541.7333333333333,9
Carrots,Gampaha,2023-09-15,330.0,477.5,480.87,429.0,462.45666666666665,9
Carrots,Gampaha,2023-10-15,294.13,330.0,477.5,480.87,429.45666666666665,10
Carrots,Gampaha,2023-11-15,393.5,294.13,330.0,477.5,367.21000000000004,11
Carrots,Gampaha,2023-12-15,555.0,393.5,294.13,330.0,339.21,12
Carrots,Gampaha,2024-01-15,1241.67,555.0,393.5,294.13,414.21000000000004,1
Carrots,Gampaha,2024-02-15,794.38,1241.67,555.0,393.5,730.0566666666667,2
Carrots,Gampaha,2024-07-15,464.0,794.38,1241.67,555.0,863.6833333333334,7
Carrots,Gampaha,2024-08-15,365.5,464.0,794.38,1241.67,833.35,8
Carrots,Gampaha,2024-09-15,286.4,365.5,464.0,794.38,541.2933333333334,9
Carrots,Gampaha,2024-10-15,225.0,286.4,365.5,464.0,371.9666666666667,10
Carrots,Gampaha,2024-11-15,230.0,225.0,286.4,365.5,292.3,11
Carrots,Gampaha,2024-12-15,316.0,230.0,225.0,286.4,247.13333333333333,12
Carrots,Gampaha,2025-01-15,435.0,316.0,230.0,225.0,257.0,1
Carrots,Gampaha,2025-02-15,722.5,435.0,316.0,230.0,327.0,2
Carrots,Gampaha,2025-03-15,811.5,722.5,435.0,316.0,491.1666666666667,3
Carrots,Gampaha,2025-04-15,577.5,811.5,722.5,435.0,656.3333333333334,4
Carrots,Gampaha,2025-05-15,975.21,577.5,811.5,722.5,703.8333333333334,5
Carrots,Gampaha,2025-06-15,621.0,975.21,577.5,811.5,788.07,6
Carrots,Gampaha,2025-07-15,457.5,621.0,975.21,577.5,724.57,7
Carrots,Gampaha,2025-08-15,543.75,457.5,621.0,975.21,684.57,8
Carrots,Gampaha,2025-09-15,368.0,543.75,457.5,621.0,540.75,9
Carrots,Hambantota,2023-09-15,290.0,487.26,527.67,470.83,495.2533333333333,9
Carrots,Hambantota,2023-10-15,290.33,290.0,487.26,527.67,434.97666666666663,10
Carrots,Hambantota,2023-11-15,400.0,290.33,290.0,487.26,355.8633333333333,11
Carrots,Hambantota,2023-12-15,541.25,400.0,290.33,290.0,326.77666666666664,12
Carrots,Hambantota,2024-01-15,1186.33,541.25,400.0,290.33,410.52666666666664,1
Carrots,Hambantota,2024-02-15,756.25,1186.33,541.25,400.0,709.1933333333333,2
Carrots,Hambantota,2024-03-15,437.71,756.25,1186.33,541.25,827.9433333333333,3
Carrots,Hambantota,2024-04-15,366.25,437.71,756.25,1186.33,793.43,4
Carrots,Hambantota,2024-05-15,282.08,366.25,437.71,756.25,520.07,5
Carrots,Hambantota,2024-06-15,430.0,282.08,366.25,437.71,362.0133333333333,6
Carrots,Hambantota,2024-07-15,582.5,430.0,282.08,366.25,359.4433333333333,7
Carrots,Hambantota,2024-08-15,368.0,582.5,430.0,282.08,431.52666666666664,8
Carrots,Hambantota,2024-09-15,324.4,368.0,582.5,430.0,460.1666666666667,9
Carrots,Hambantota,2024-10-15,197.0,324.4,368.0,582.5,424.9666666666667,10
Carrots,Hambantota,2024-11-15,240.5,197.0,324.4,368.0,296.46666666666664,11
Carrots,Hambantota,2024-12-15,350.8,240.5,197.0,324.4,253.96666666666667,12
Carrots,Hambantota,2025-01-15,409.0,350.8,240.5,197.0,262.76666666666665,1
Carrots,Hambantota,2025-02-15,1325.75,409.0,350.8,240.5,333.43333333333334,2
Carrots,Hambantota,2025-03-15,801.0,1325.75,409.0,350.8,695.1833333333334,3
Carrots,Hambantota,2025-04-15,599.5,801.0,1325.75,409.0,845.25,4
Carrots,Hambantota,2025-05-15,985.42,599.5,801.0,1325.75,908.75,5
Carrots,Hambantota,2025-08-15,491.33,985.42,599.5,801.0,795.3066666666667,8
Carrots,Hambantota,2025-09-15,322.4,491.33,985.42,599.5,692.0833333333334,9
Carrots,Hanguranketha,2023-09-15,224.0,400.5,476.0,379.0,418.5,9
Carrots,Hanguranketha,2023-10-15,242.8,224.0,400.5,476.0,366.8333333333333,10
Carrots,Hanguranketha,2023-11-15,341.5,242.8,224.0,400.5,289.09999999999997,11
Carrots,Hanguranketha,2023-12-15,403.0,341.5,242.8,224.0,269.43333333333334,12
Carrots,Hanguranketha,2024-01-15,1256.4,403.0,341.5,242.8,329.09999999999997,1
Carrots,Hanguranketha,2024-02-15,734.5,1256.4,403.0,341.5,666.9666666666667,2
Carrots,Hanguranketha,2024-03-15,376.5,734.5,1256.4,403.0,797.9666666666667,3
Carrots,Hanguranketha,2024-04-15,276.0,376.5,734.5,1256.4,789.1333333333333,4
Carrots,Hanguranketha,2024-05-15,182.0,276.0,376.5,734.5,462.3333333333333,5
Carrots,Hanguranketha,2024-06-15,206.0,182.0,276.0,376.5,278.1666666666667,6
Carrots,Hanguranketha,2024-07-15,413.7,206.0,182.0,276.0,221.33333333333334,7
Carrots,Hanguranketha,2024-08-15,249.5,413.7,206.0,182.0,267.23333333333335,8
Carrots,Hanguranketha,2024-09-15,185.6,249.5,413.7,206.0,289.73333333333335,9
Carrots,Hanguranketha,2024-10-15,122.5,185.6,249.5,413.7,282.93333333333334,10
Carrots,Hanguranketha,2024-11-15,120.12,122.5,185.6,249.5,185.86666666666667,11
Carrots,Hanguranketha,2024-12-15,219.93,120.12,122.5,185.6,142.74,12
Carrots,Hanguranketha,2025-01-15,275.38,219.93,120.12,122.5,154.18333333333334,1
Carrots,Hanguranketha,2025-02-15,413.0,275.38,219.93,120.12,205.14333333333335,2
Carrots,Hanguranketha,2025-03-15,577.83,413.0,275.38,219.93,302.77,3
Carrots,Hanguranketha,2025-04-15,390.42,577.83,413.0,275.38,422.07,4
Carrots,Hanguranketha,2025-05-15,810.0,390.42,577.83,413.0,460.41666666666674,5
Carrots,Hanguranketha,2025-08-15,375.42,810.0,390.42,577.83,592.7500000000001,8
Carrots,Hanguranketha,2025-09-15,220.5,375.42,810.0,390.42,525.2800000000001,9
Carrots,Jaffna,2023-09-15,278.0,448.33,536.0,429.58,471.3033333333333,9
Carrots,Jaffna,2023-10-15,284.0,278.0,448.33,536.0,420.77666666666664,10
Carrots,Jaffna,2023-11-15,371.25,284.0,278.0,448.33,336.77666666666664,11
Carrots,Jaffna,2023-12-15,502.5,371.25,284.0,278.0,311.0833333333333,12
Carrots,Jaffna,2024-01-15,1417.6,502.5,371.25,284.0,385.9166666666667,1
Carrots,Jaffna,2024-02-15,737.5,1417.6,502.5,371.25,763.7833333333333,2
Carrots,Jaffna,2024-03-15,427.5,737.5,1417.6,502.5,885.8666666666667,3
Carrots,Jaffna,2024-04-15,345.2,427.5,737.5,1417.6,860.8666666666667,4
Carrots,Jaffna,2024-05-15,230.5,345.2,427.5,737.5,503.40000000000003,5
Carrots,Jaffna,2024-06-15,410.0,230.5,345.2,427.5,334.40000000000003,6
Carrots,Jaffna,2024-07-15,474.5,410.0,230.5,345.2,328.56666666666666,7
Carrots,Jaffna,2024-08-15,359.5,474.5,410.0,230.5,371.6666666666667,8
Carrots,Jaffna,2024-09-15,280.4,359.5,474.5,410.0,414.6666666666667,9
Carrots,Jaffna,2024-10-15,181.0,280.4,359.5,474.5,371.46666666666664,10
Carrots,Jaffna,2024-11-15,192.0,181.0,280.4,359.5,273.63333333333327,11
Carrots,Jaffna,2024-12-15,271.6,192.0,181.0,280.4,217.79999999999998,12
Carrots,Jaffna,2025-01-15,335.0,271.6,192.0,181.0,214.86666666666667,1
Carrots,Jaffna,2025-02-15,898.0,335.0,271.6,192.0,266.2,2
Carrots,Jaffna,2025-03-15,862.0,898.0,335.0,271.6,501.5333333333333,3
Carrots,Jaffna,2025-07-15,477.5,862.0,898.0,335.0,698.3333333333334,7
Carrots,Jaffna,2025-08-15,489.5,477.5,862.0,898.0,745.8333333333334,8
Carrots,Jaffna,2025-09-15,312.0,489.5,477.5,862.0,609.6666666666666,9
Carrots,Kalutara,2023-09-15,310.5,444.0,494.0,423.5,453.8333333333333,9
Carrots,Kalutara,2023-10-15,264.1,310.5,444.0,494.0,416.1666666666667,10
Carrots,Kalutara,2023-11-15,357.25,264.1,310.5,444.0,339.53333333333336,11
Carrots,Kalutara,2023-12-15,499.5,357.25,264.1,310.5,310.6166666666667,12
Carrots,Kalutara,2024-01-15,1320.0,499.5,357.25,264.1,373.6166666666666,1
Carrots,Kalutara,2024-02-15,753.0,1320.0,499.5,357.25,725.5833333333334,2
Carrots,Kalutara,2024-03-15,399.33,753.0,1320.0,499.5,857.5,3
Carrots,Kalutara,2024-04-15,358.13,399.33,753.0,1320.0,824.11,4
Carrots,Kalutara,2024-05-15,243.0,358.13,399.33,753.0,503.4866666666667,5
Carrots,Kalutara,2024-06-15,410.67,243.0,358.13,399.33,333.4866666666667,6
Carrots,Kalutara,2024-07-15,453.0,410.67,243.0,358.13,337.2666666666667,7
Carrots,Kalutara,2024-09-15,265.0,453.0,410.67,243.0,368.89000000000004,9
Carrots,Kalutara,2024-10-15,207.0,265.0,453.0,410.67,376.22333333333336,10
Carrots,Kalutara,2024-11-15,195.0,207.0,265.0,453.0,308.3333333333333,11
Carrots,Kalutara,2024-12-15,281.6,195.0,207.0,265.0,222.33333333333334,12
Carrots,Kalutara,2025-01-15,400.0,281.6,195.0,207.0,227.86666666666667,1
Carrots,Kalutara,2025-02-15,618.0,400.0,281.6,195.0,292.2,2
Carrots,Kalutara,2025-03-15,789.6,618.0,400.0,281.6,433.2,3
Carrots,Kalutara,2025-04-15,600.0,789.6,618.0,400.0,602.5333333333333,4
Carrots,Kalutara,2025-05-15,790.33,600.0,789.6,618.0,669.1999999999999,5
Carrots,Kalutara,2025-06-15,604.0,790.33,600.0,789.6,726.6433333333334,6
Carrots,Kalutara,2025-07-15,427.0,604.0,790.33,600.0,664.7766666666668,7
Carrots,Kalutara,2025-08-15,485.0,427.0,604.0,790.33,607.11,8
Carrots,Kalutara,2025-09-15,365.6,485.0,427.0,604.0,505.3333333333333,9
Carrots,Kandy,2023-09-15,320.0,514.0,546.4,503.0,521.1333333333333,9
Carrots,Kandy,2023-10-15,304.4,320.0,514.0,546.4,460.1333333333334,10
Carrots,Kandy,2023-11-15,452.0,304.4,320.0,514.0,379.4666666666667,11
Carrots,Kandy,2023-12-15,573.0,452.0,304.4,320.0,358.8,12
Carrots,Kandy,2024-01-15,1288.0,573.0,452.0,304.4,443.1333333333334,1
Carrots,Kandy,2024-02-15,770.0,1288.0,573.0,452.0,771.0,2
Carrots,Kandy,2024-03-15,510.0,770.0,1288.0,573.0,877.0,3
Carrots,Kandy,2024-04-15,402.4,510.0,770.0,1288.0,856.0,4
Carrots,Kandy,2024-05-15,215.0,402.4,510.0,770.0,560.8000000000001,5
Carrots,Kandy,2024-06-15,481.0,215.0,402.4,510.0,375.8,6
Carrots,Kandy,2024-07-15,570.4,481.0,215.0,402.4,366.1333333333334,7
Carrots,Kandy,2024-08-15,389.0,570.4,481.0,215.0,422.1333333333334,8
Carrots,Kandy,2024-09-15,272.8,389.0,570.4,481.0,480.1333333333334,9
Carrots,Kandy,2024-10-15,183.0,272.8,389.0,570.4,410.73333333333335,10
Carrots,Kandy,2024-11-15,192.0,183.0,272.8,389.0,281.59999999999997,11
Carrots,Kandy,2024-12-15,270.4,192.0,183.0,272.8,215.9333333333333,12
Carrots,Kandy,2025-01-15,412.0,270.4,192.0,183.0,215.13333333333333,1
Carrots,Kandy,2025-02-15,830.0,412.0,270.4,192.0,291.46666666666664,2
Carrots,Kandy,2025-03-15,850.0,830.0,412.0,270.4,504.1333333333334,3
Carrots,Kandy,2025-04-15,529.33,850.0,830.0,412.0,697.3333333333334,4
Carrots,Kandy,2025-05-15,912.5,529.33,850.0,830.0,736.4433333333333,5
Carrots,Kandy,2025-06-15,691.6,912.5,529.33,850.0,763.9433333333333,6
Carrots,Kandy,2025-07-15,474.5,691.6,912.5,529.33,711.1433333333333,7
Carrots,Kandy,2025-08-15,515.0,474.5,691.6,912.5,692.8666666666667,8
Carrots,Kandy,2025-09-15,361.2,515.0,474.5,691.6,560.3666666666667,9
Carrots,Kegalle,2023-09-15,375.5,516.5,564.4,471.5,517.4666666666667,9
Carrots,Kegalle,2023-10-15,329.6,375.5,516.5,564.4,485.4666666666667,10
Carrots,Kegalle,2023-11-15,435.5,329.6,375.5,516.5,407.2,11
Carrots,Kegalle,2023-12-15,589.0,435.5,329.6,375.5,380.2,12
Carrots,Kegalle,2024-01-15,1341.2,589.0,435.5,329.6,451.3666666666666,1
Carrots,Kegalle,2024-02-15,829.0,1341.2,589.0,435.5,788.5666666666667,2
Carrots,Kegalle,2024-03-15,521.0,829.0,1341.2,589.0,919.7333333333335,3
Carrots,Kegalle,2024-04-15,450.13,521.0,829.0,1341.2,897.0666666666667,4
Carrots,Kegalle,2024-05-15,310.0,450.13,521.0,829.0,600.0433333333334,5
Carrots,Kegalle,2024-06-15,310.0,310.0,450.13,521.0,427.04333333333335,6
Carrots,Kegalle,2024-07-15,588.0,310.0,310.0,450.13,356.71000000000004,7
Carrots,Kegalle,2024-08-15,449.0,588.0,310.0,310.0,402.6666666666667,8
Carrots,Kegalle,2024-09-15,328.0,449.0,588.0,310.0,449.0,9
Carrots,Kegalle,2024-10-15,266.0,328.0,449.0,588.0,455.0,10
Carrots,Kegalle,2024-11-15,256.0,266.0,328.0,449.0,347.6666666666667,11
Carrots,Kegalle,2024-12-15,360.0,256.0,266.0,328.0,283.3333333333333,12
Carrots,Kegalle,2025-01-15,456.0,360.0,256.0,266.0,294.0,1
Carrots,Kegalle,2025-02-15,835.0,456.0,360.0,256.0,357.3333333333333,2
Carrots,Kegalle,2025-03-15,957.6,835.0,456.0,360.0,550.3333333333334,3
Carrots,Kegalle,2025-04-15,616.0,957.6,835.0,456.0,749.5333333333333,4
Carrots,Kegalle,2025-05-15,1087.0,616.0,957.6,835.0,802.8666666666667,5
Carrots,Kegalle,2025-06-15,754.4,1087.0,616.0,957.6,886.8666666666667,6
Carrots,Kegalle,2025-07-15,516.0,754.4,1087.0,616.0,819.1333333333333,7
Carrots,Kegalle,2025-08-15,596.0,516.0,754.4,1087.0,785.8000000000001,8
Carrots,Kegalle,2025-09-15,440.0,596.0,516.0,754.4,622.1333333333333,9
Carrots,Keppetipola (DEC},2023-09-15,224.5,377.0,427.6,369.5,391.3666666666666,9
Carrots,Keppetipola (DEC},2023-10-15,250.8,224.5,377.0,427.6,343.0333333333333,10
Carrots,Keppetipola (DEC},2023-11-15,337.0,250.8,224.5,377.0,284.09999999999997,11
Carrots,Keppetipola (DEC},2023-12-15,432.0,337.0,250.8,224.5,270.76666666666665,12
Carrots,Keppetipola (DEC},2024-01-15,1118.6,432.0,337.0,250.8,339.93333333333334,1
Carrots,Keppetipola (DEC},2024-02-15,508.75,1118.6,432.0,337.0,629.1999999999999,2
Carrots,Keppetipola (DEC},2024-03-15,354.5,508.75,1118.6,432.0,686.4499999999999,3
Carrots,Keppetipola (DEC},2024-04-15,286.0,354.5,508.75,1118.6,660.6166666666667,4
Carrots,Keppetipola (DEC},2024-05-15,176.5,286.0,354.5,508.75,383.0833333333333,5
Carrots,Keppetipola (DEC},2024-06-15,323.0,176.5,286.0,354.5,272.3333333333333,6
Carrots,Keppetipola (DEC},2024-07-15,418.0,323.0,176.5,286.0,261.8333333333333,7
Carrots,Keppetipola (DEC},2024-08-15,258.5,418.0,323.0,176.5,305.8333333333333,8
Carrots,Keppetipola (DEC},2024-09-15,231.2,258.5,418.0,323.0,333.1666666666667,9
Carrots,Keppetipola (DEC},2024-10-15,151.0,231.2,258.5,418.0,302.56666666666666,10
Carrots,Keppetipola (DEC},2024-11-15,169.0,151.0,231.2,258.5,213.5666666666667,11
Carrots,Keppetipola (DEC},2024-12-15,211.6,169.0,151.0,231.2,183.73333333333335,12
Carrots,Keppetipola (DEC},2025-01-15,295.0,211.6,169.0,151.0,177.20000000000002,1
Carrots,Keppetipola (DEC},2025-02-15,539.0,295.0,211.6,169.0,225.20000000000002,2
Carrots,Keppetipola (DEC},2025-03-15,526.4,539.0,295.0,211.6,348.5333333333333,3
Carrots,Keppetipola (DEC},2025-04-15,439.5,526.4,539.0,295.0,453.4666666666667,4
Carrots,Keppetipola (DEC},2025-05-15,710.5,439.5,526.4,539.0,501.6333333333334,5
Carrots,Keppetipola (DEC},2025-06-15,478.8,710.5,439.5,526.4,558.8000000000001,6
Carrots,Keppetipola (DEC},2025-07-15,313.5,478.8,710.5,439.5,542.9333333333333,7
Carrots,Keppetipola (DEC},2025-08-15,385.0,313.5,478.8,710.5,500.9333333333334,8
Carrots,Keppetipola (DEC},2025-09-15,222.4,385.0,313.5,478.8,392.43333333333334,9
Carrots,Kilinochchi,2023-09-15,432.17,547.5,578.4,506.0,543.9666666666667,9
Carrots,Kilinochchi,2023-10-15,401.6,432.17,547.5,578.4,519.3566666666667,10
Carrots,Kilinochchi,2023-11-15,480.0,401.6,432.17,547.5,460.42333333333335,11
Carrots,Kilinochchi,2023-12-15,636.5,480.0,401.6,432.17,437.92333333333335,12
Carrots,Kilinochchi,2024-01-15,1468.8,636.5,480.0,401.6,506.0333333333333,1
Carrots,Kilinochchi,2024-02-15,937.5,1468.8,636.5,480.0,861.7666666666668,2
Carrots,Kilinochchi,2024-03-15,610.0,937.5,1468.8,636.5,1014.2666666666668,3
Carrots,Kilinochchi,2024-04-15,444.13,610.0,937.5,1468.8,1005.4333333333334,4
Carrots,Kilinochchi,2024-05-15,404.0,444.13,610.0,937.5,663.8766666666667,5
Carrots,Kilinochchi,2024-06-15,404.0,404.0,444.13,610.0,486.04333333333335,6
Carrots,Kilinochchi,2024-07-15,593.2,404.0,404.0,444.13,417.3766666666667,7
Carrots,Kilinochchi,2024-08-15,500.5,593.2,404.0,404.0,467.06666666666666,8
Carrots,Kilinochchi,2024-09-15,393.73,500.5,593.2,404.0,499.23333333333335,9
Carrots,Kilinochchi,2024-10-15,257.5,393.73,500.5,593.2,495.81,10
Carrots,Kilinochchi,2024-11-15,252.0,257.5,393.73,500.5,383.91,11
Carrots,Kilinochchi,2024-12-15,396.8,252.0,257.5,393.73,301.07666666666665,12
Carrots,Kilinochchi,2025-01-15,475.5,396.8,252.0,257.5,302.09999999999997,1
Carrots,Kilinochchi,2025-02-15,940.5,475.5,396.8,252.0,374.76666666666665,2
Carrots,Kilinochchi,2025-03-15,870.8,940.5,475.5,396.8,604.2666666666667,3
Carrots,Kilinochchi,2025-04-15,693.5,870.8,940.5,475.5,762.2666666666668,4
Carrots,Kilinochchi,2025-05-15,978.0,693.5,870.8,940.5,834.9333333333334,5
Carrots,Kilinochchi,2025-06-15,933.5,978.0,693.5,870.8,847.4333333333334,6
Carrots,Kilinochchi,2025-09-15,447.7,933.5,978.0,693.5,868.3333333333334,9
Carrots,Kurunegala,2023-09-15,341.0,504.0,578.13,476.0,519.3766666666667,9
Carrots,Kurunegala,2023-10-15,351.8,341.0,504.0,578.13,474.3766666666667,10
Carrots,Kurunegala,2023-11-15,460.0,351.8,341.0,504.0,398.93333333333334,11
Carrots,Kurunegala,2023-12-15,604.0,460.0,351.8,341.0,384.26666666666665,12
Carrots,Kurunegala,2024-01-15,1426.8,604.0,460.0,351.8,471.93333333333334,1
Carrots,Kurunegala,2024-02-15,764.12,1426.8,604.0,460.0,830.2666666666668,2
Carrots,Kurunegala,2024-03-15,494.62,764.12,1426.8,604.0,931.64,3
Carrots,Kurunegala,2024-04-15,406.6,494.62,764.12,1426.8,895.18,4
Carrots,Kurunegala,2024-05-15,337.88,406.6,494.62,764.12,555.1133333333333,5
Carrots,Kurunegala,2024-06-15,512.5,337.88,406.6,494.62,413.0333333333333,6
Carrots,Kurunegala,2024-09-15,318.33,512.5,337.88,406.6,418.99333333333334,9
Carrots,Kurunegala,2024-10-15,247.92,318.33,512.5,337.88,389.57,10
Carrots,Kurunegala,2024-11-15,230.28,247.92,318.33,512.5,359.5833333333333,11
Carrots,Kurunegala,2024-12-15,329.17,230.28,247.92,318.33,265.51,12
Carrots,Kurunegala,2025-01-15,429.38,329.17,230.28,247.92,269.12333333333333,1
Carrots,Kurunegala,2025-02-15,695.0,429.38,329.17,230.28,329.61,2
Carrots,Kurunegala,2025-03-15,791.83,695.0,429.38,329.17,484.51666666666665,3
Carrots,Kurunegala,2025-04-15,554.58,791.83,695.0,429.38,638.7366666666667,4
Carrots,Kurunegala,2025-05-15,955.62,554.58,791.83,695.0,680.47,5
Carrots,Kurunegala,2025-06-15,605.0,955.62,554.58,791.83,767.3433333333334,6
Carrots,Kurunegala,2025-07-15,454.58,605.0,955.62,554.58,705.0666666666667,7
Carrots,Kurunegala,2025-08-15,540.62,454.58,605.0,955.62,671.7333333333333,8
Carrots,Kurunegala,2025-09-15,369.83,540.62,454.58,605.0,533.4,9
Carrots,Mannar,2023-09-15,343.5,521.0,550.4,512.0,527.8000000000001,9
Carrots,Mannar,2023-10-15,351.6,343.5,521.0,550.4,471.6333333333334,10
Carrots,Mannar,2023-11-15,491.5,351.6,343.5,521.0,405.3666666666666,11
Carrots,Mannar,2023-12-15,621.5,491.5,351.6,343.5,395.5333333333333,12
Carrots,Mannar,2024-01-15,1406.0,621.5,491.5,351.6,488.2,1
Carrots,Mannar,2024-02-15,898.0,1406.0,621.5,491.5,839.6666666666666,2
Carrots,Mannar,2024-03-15,626.0,898.0,1406.0,621.5,975.1666666666666,3
Carrots,Mannar,2024-04-15,358.67,626.0,898.0,1406.0,976.6666666666666,4
Carrots,Mannar,2024-05-15,351.33,358.67,626.0,898.0,627.5566666666667,5
Carrots,Mannar,2024-06-15,351.33,351.33,358.67,626.0,445.3333333333333,6
Carrots,Mannar,2024-07-15,628.0,351.33,351.33,358.67,353.77666666666664,7
Carrots,Mannar,2024-08-15,394.5,628.0,351.33,351.33,443.5533333333333,8
Carrots,Mannar,2024-09-15,349.2,394.5,628.0,351.33,457.9433333333333,9
Carrots,Mannar,2024-10-15,268.5,349.2,394.5,628.0,457.23333333333335,10
Carrots,Mannar,2024-11-15,238.5,268.5,349.2,394.5,337.40000000000003,11
Carrots,Mannar,2024-12-15,311.5,238.5,268.5,349.2,285.40000000000003,12
Carrots,Mannar,2025-01-15,458.5,311.5,238.5,268.5,272.8333333333333,1
Carrots,Mannar,2025-06-15,752.5,458.5,311.5,238.5,336.1666666666667,6
Carrots,Mannar,2025-07-15,562.5,752.5,458.5,311.5,507.5,7
Carrots,Mannar,2025-08-15,367.5,562.5,752.5,458.5,591.1666666666666,8
Carrots,Mannar,2025-09-15,391.0,367.5,562.5,752.5,560.8333333333334,9
Carrots,Matale,2023-09-15,314.0,511.0,556.8,469.0,512.2666666666667,9
Carrots,Matale,2023-10-15,339.2,314.0,511.0,556.8,460.59999999999997,10
Carrots,Matale,2023-11-15,404.0,339.2,314.0,511.0,388.06666666666666,11
Carrots,Matale,2023-12-15,540.0,404.0,339.2,314.0,352.40000000000003,12
Carrots,Matale,2024-01-15,1410.4,540.0,404.0,339.2,427.73333333333335,1
Carrots,Matale,2024-02-15,722.0,1410.4,540.0,404.0,784.8000000000001,2
Carrots,Matale,2024-03-15,416.0,722.0,1410.4,540.0,890.8000000000001,3
Carrots,Matale,2024-04-15,363.2,416.0,722.0,1410.4,849.4666666666667,4
Carrots,Matale,2024-05-15,213.33,363.2,416.0,722.0,500.40000000000003,5
Carrots,Matale,2024-06-15,213.33,213.33,363.2,416.0,330.8433333333333,6
Carrots,Matale,2024-07-15,560.8,213.33,213.33,363.2,263.2866666666667,7
Carrots,Matale,2024-08-15,355.0,560.8,213.33,213.33,329.15333333333336,8
Carrots,Matale,2024-09-15,281.6,355.0,560.8,213.33,376.3766666666667,9
Carrots,Matale,2024-10-15,183.0,281.6,355.0,560.8,399.1333333333334,10
Carrots,Matale,2024-11-15,187.0,183.0,281.6,355.0,273.20000000000005,11
Carrots,Matale,2024-12-15,284.0,187.0,183.0,281.6,217.20000000000005,12
Carrots,Matale,2025-01-15,370.0,284.0,187.0,183.0,218.00000000000003,1
Carrots,Matale,2025-02-15,896.0,370.0,284.0,187.0,280.33333333333337,2
Carrots,Matale,2025-03-15,834.4,896.0,370.0,284.0,516.6666666666666,3
Carrots,Matale,2025-04-15,528.0,834.4,896.0,370.0,700.1333333333333,4
Carrots,Matale,2025-05-15,988.0,528.0,834.4,896.0,752.8000000000001,5
Carrots,Matale,2025-06-15,704.0,988.0,528.0,834.4,783.4666666666667,6
Carrots,Matale,2025-07-15,445.0,704.0,988.0,528.0,740.0,7
Carrots,Matale,2025-08-15,570.0,445.0,704.0,988.0,712.3333333333334,8
Carrots,Matale,2025-09-15,326.0,570.0,445.0,704.0,573.0,9
Carrots,Matara,2023-09-15,272.5,455.62,514.0,480.0,483.20666666666665,9
Carrots,Matara,2023-10-15,296.0,272.5,455.62,514.0,414.03999999999996,10
Carrots,Matara,2023-11-15,397.5,296.0,272.5,455.62,341.3733333333333,11
Carrots,Matara,2023-12-15,545.0,397.5,296.0,272.5,322.0,12
Carrots,Matara,2024-01-15,1237.5,545.0,397.5,296.0,412.8333333333333,1
Carrots,Matara,2024-02-15,731.25,1237.5,545.0,397.5,726.6666666666666,2
Carrots,Matara,2024-03-15,425.83,731.25,1237.5,545.0,837.9166666666666,3
Carrots,Matara,2024-04-15,371.0,425.83,731.25,1237.5,798.1933333333333,4
Carrots,Matara,2024-05-15,269.38,371.0,425.83,731.25,509.35999999999996,5
Carrots,Matara,2024-06-15,476.25,269.38,371.0,425.83,355.40333333333336,6
Carrots,Matara,2024-07-15,567.0,476.25,269.38,371.0,372.21000000000004,7
Carrots,Matara,2024-08-15,381.25,567.0,476.25,269.38,437.54333333333335,8
Carrots,Matara,2024-09-15,274.5,381.25,567.0,476.25,474.8333333333333,9
Carrots,Matara,2024-10-15,176.25,274.5,381.25,567.0,407.5833333333333,10
Carrots,Matara,2024-11-15,188.12,176.25,274.5,381.25,277.3333333333333,11
Carrots,Matara,2024-12-15,294.0,188.12,176.25,274.5,212.95666666666668,12
Carrots,Matara,2025-01-15,375.0,294.0,188.12,176.25,219.45666666666668,1
Carrots,Matara,2025-02-15,785.0,375.0,294.0,188.12,285.70666666666665,2
Carrots,Matara,2025-03-15,867.5,785.0,375.0,294.0,484.6666666666667,3
Carrots,Matara,2025-04-15,555.83,867.5,785.0,375.0,675.8333333333334,4
Carrots,Matara,2025-05-15,955.0,555.83,867.5,785.0,736.11,5
Carrots,Matara,2025-06-15,633.0,955.0,555.83,867.5,792.7766666666666,6
Carrots,Matara,2025-07-15,427.5,633.0,955.0,555.83,714.61,7
Carrots,Matara,2025-08-15,508.75,427.5,633.0,955.0,671.8333333333334,8
Carrots,Matara,2025-09-15,286.0,508.75,427.5,633.0,523.0833333333334,9
Carrots,Meegoda(DEC),2023-09-15,308.0,477.0,541.33,446.0,488.10999999999996,9
Carrots,Meegoda(DEC),2023-10-15,325.6,308.0,477.0,541.33,442.10999999999996,10
Carrots,Meegoda(DEC),2023-11-15,417.0,325.6,308.0,477.0,370.2,11
Carrots,Meegoda(DEC),2023-12-15,567.0,417.0,325.6,308.0,350.2,12
Carrots,Meegoda(DEC),2024-01-15,1528.0,567.0,417.0,325.6,436.5333333333333,1
Carrots,Meegoda(DEC),2024-02-15,782.0,1528.0,567.0,417.0,837.3333333333334,2
Carrots,Meegoda(DEC),2024-03-15,457.5,782.0,1528.0,567.0,959.0,3
Carrots,Meegoda(DEC),2024-04-15,341.6,457.5,782.0,1528.0,922.5,4
Carrots,Meegoda(DEC),2024-05-15,267.5,341.6,457.5,782.0,527.0333333333333,5
Carrots,Meegoda(DEC),2024-06-15,454.0,267.5,341.6,457.5,355.5333333333333,6
Carrots,Meegoda(DEC),2024-07-15,538.0,454.0,267.5,341.6,354.3666666666666,7
Carrots,Meegoda(DEC),2024-08-15,363.0,538.0,454.0,267.5,419.8333333333333,8
Carrots,Meegoda(DEC),2024-09-15,300.0,363.0,538.0,454.0,451.6666666666667,9
Carrots,Meegoda(DEC),2024-10-15,204.0,300.0,363.0,538.0,400.3333333333333,10
Carrots,Meegoda(DEC),2024-11-15,264.0,204.0,300.0,363.0,289.0,11
Carrots,Meegoda(DEC),2024-12-15,318.8,264.0,204.0,300.0,256.0,12
Carrots,Meegoda(DEC),2025-01-15,400.0,318.8,264.0,204.0,262.26666666666665,1
Carrots,Meegoda(DEC),2025-02-15,944.0,400.0,318.8,264.0,327.59999999999997,2
Carrots,Meegoda(DEC),2025-03-15,822.4,944.0,400.0,318.8,554.2666666666667,3
Carrots,Meegoda(DEC),2025-04-15,572.0,822.4,944.0,400.0,722.1333333333333,4
Carrots,Meegoda(DEC),2025-05-15,956.0,572.0,822.4,944.0,779.4666666666667,5
Carrots,Meegoda(DEC),2025-06-15,690.4,956.0,572.0,822.4,783.4666666666667,6
Carrots,Meegoda(DEC),2025-07-15,485.0,690.4,956.0,572.0,739.4666666666666,7
Carrots,Meegoda(DEC),2025-08-15,540.5,485.0,690.4,956.0,710.4666666666666,8
Carrots,Meegoda(DEC),2025-09-15,362.8,540.5,485.0,690.4,571.9666666666666,9
Carrots,Monaragala,2023-09-15,312.0,498.0,488.8,460.0,482.26666666666665,9
Carrots,Monaragala,2023-10-15,309.6,312.0,498.0,488.8,432.93333333333334,10
Carrots,Monaragala,2023-11-15,391.67,309.6,312.0,498.0,373.20000000000005,11
Carrots,Monaragala,2023-12-15,482.0,391.67,309.6,312.0,337.7566666666667,12
Carrots,Monaragala,2024-01-15,1246.67,482.0,391.67,309.6,394.42333333333335,1
Carrots,Monaragala,2024-02-15,755.0,1246.67,482.0,391.67,706.7800000000001,2
Carrots,Monaragala,2024-03-15,468.0,755.0,1246.67,482.0,827.89,3
Carrots,Monaragala,2024-04-15,335.2,468.0,755.0,1246.67,823.2233333333334,4
Carrots,Monaragala,2024-05-15,316.0,335.2,468.0,755.0,519.4,5
Carrots,Monaragala,2024-06-15,447.0,316.0,335.2,468.0,373.06666666666666,6
Carrots,Monaragala,2024-07-15,503.2,447.0,316.0,335.2,366.06666666666666,7
Carrots,Monaragala,2024-08-15,330.0,503.2,447.0,316.0,422.0666666666666,8
Carrots,Monaragala,2024-09-15,316.0,330.0,503.2,447.0,426.7333333333333,9
Carrots,Monaragala,2024-10-15,188.0,316.0,330.0,503.2,383.0666666666666,10
Carrots,Monaragala,2024-11-15,223.5,188.0,316.0,330.0,278.0,11
Carrots,Monaragala,2024-12-15,292.8,223.5,188.0,316.0,242.5,12
Carrots,Monaragala,2025-01-15,318.0,292.8,223.5,188.0,234.76666666666665,1
Carrots,Monaragala,2025-02-15,639.0,318.0,292.8,223.5,278.09999999999997,2
Carrots,Monaragala,2025-03-15,756.67,639.0,318.0,292.8,416.59999999999997,3
Carrots,Monaragala,2025-04-15,594.0,756.67,639.0,318.0,571.2233333333334,4
Carrots,Monaragala,2025-05-15,910.0,594.0,756.67,639.0,663.2233333333334,5
Carrots,Monaragala,2025-06-15,630.8,910.0,594.0,756.67,753.5566666666667,6
Carrots,Monaragala,2025-07-15,480.0,630.8,910.0,594.0,711.5999999999999,7
Carrots,Monaragala,2025-08-15,542.0,480.0,630.8,910.0,673.5999999999999,8
Carrots,Monaragala,2025-09-15,348.8,542.0,480.0,630.8,550.9333333333333,9
Carrots,Mullativu,2023-09-15,397.0,503.0,557.2,456.5,505.56666666666666,9
Carrots,Mullativu,2024-05-15,318.67,397.0,503.0,557.2,485.73333333333335,5
Carrots,Mullativu,2024-06-15,551.0,318.67,397.0,503.0,406.22333333333336,6
Carrots,Mullativu,2024-07-15,585.6,551.0,318.67,397.0,422.22333333333336,7
Carrots,Mullativu,2024-08-15,408.5,585.6,551.0,318.67,485.09,8
Carrots,Mullativu,2024-09-15,341.5,408.5,585.6,551.0,515.0333333333333,9
Carrots,Mullativu,2024-10-15,226.5,341.5,408.5,585.6,445.2,10
Carrots,Mullativu,2024-11-15,227.0,226.5,341.5,408.5,325.5,11
Carrots,Mullativu,2024-12-15,393.0,227.0,226.5,341.5,265.0,12
Carrots,Mullativu,2025-01-15,454.5,393.0,227.0,226.5,282.1666666666667,1
Carrots,Mullativu,2025-02-15,842.5,454.5,393.0,227.0,358.1666666666667,2
Carrots,Mullativu,2025-03-15,864.4,842.5,454.5,393.0,563.3333333333334,3
Carrots,Mullativu,2025-04-15,656.5,864.4,842.5,454.5,720.4666666666667,4
Carrots,Mullativu,2025-05-15,996.5,656.5,864.4,842.5,787.8000000000001,5
Carrots,Mullativu,2025-06-15,802.0,996.5,656.5,864.4,839.1333333333333,6
Carrots,Mullativu,2025-07-15,461.0,802.0,996.5,656.5,818.3333333333334,7
Carrots,Mullativu,2025-08-15,578.0,461.0,802.0,996.5,753.1666666666666,8
Carrots,Mullativu,2025-09-15,380.4,578.0,461.0,802.0,613.6666666666666,9
Carrots,Nikaweratiya,2023-09-15,348.75,528.75,545.5,490.0,521.4166666666666,9
Carrots,Nikaweratiya,2023-10-15,358.0,348.75,528.75,545.5,474.3333333333333,10
Carrots,Nikaweratiya,2023-11-15,422.5,358.0,348.75,528.75,411.8333333333333,11
Carrots,Nikaweratiya,2023-12-15,562.5,422.5,358.0,348.75,376.4166666666667,12
Carrots,Nikaweratiya,2024-01-15,1238.0,562.5,422.5,358.0,447.6666666666667,1
Carrots,Nikaweratiya,2024-02-15,764.12,1238.0,562.5,422.5,741.0,2
Carrots,Nikaweratiya,2024-03-15,505.0,764.12,1238.0,562.5,854.8733333333333,3
Carrots,Nikaweratiya,2024-04-15,403.33,505.0,764.12,1238.0,835.7066666666666,4
Carrots,Nikaweratiya,2024-05-15,342.5,403.33,505.0,764.12,557.4833333333333,5
Carrots,Nikaweratiya,2024-07-15,529.27,342.5,403.33,505.0,416.9433333333333,7
Carrots,Nikaweratiya,2024-08-15,421.0,529.27,342.5,403.33,425.0333333333333,8
Carrots,Nikaweratiya,2024-09-15,340.6,421.0,529.27,342.5,430.92333333333335,9
Carrots,Nikaweratiya,2024-10-15,265.0,340.6,421.0,529.27,430.28999999999996,10
Carrots,Nikaweratiya,2024-11-15,273.0,265.0,340.6,421.0,342.2,11
Carrots,Nikaweratiya,2024-12-15,340.5,273.0,265.0,340.6,292.8666666666667,12
Carrots,Nikaweratiya,2025-03-15,781.0,340.5,273.0,265.0,292.8333333333333,3
Carrots,Nikaweratiya,2025-04-15,606.5,781.0,340.5,273.0,464.8333333333333,4
Carrots,Nikaweratiya,2025-05-15,921.38,606.5,781.0,340.5,576.0,5
Carrots,Nikaweratiya,2025-06-15,714.1,921.38,606.5,781.0,769.6266666666667,6
Carrots,Nikaweratiya,2025-07-15,474.25,714.1,921.38,606.5,747.3266666666667,7
Carrots,Nikaweratiya,2025-08-15,514.5,474.25,714.1,921.38,703.2433333333333,8
Carrots,Nikaweratiya,2025-09-15,462.0,514.5,474.25,714.1,567.6166666666667,9
Carrots,Nuwara Eliya,2023-09-15,255.0,435.5,477.6,410.0,441.0333333333333,9
Carrots,Nuwara Eliya,2023-10-15,313.2,255.0,435.5,477.6,389.3666666666666,10
Carrots,Nuwara Eliya,2023-11-15,369.0,313.2,255.0,435.5,334.56666666666666,11
Carrots,Nuwara Eliya,2023-12-15,494.0,369.0,313.2,255.0,312.40000000000003,12
Carrots,Nuwara Eliya,2024-01-15,1272.2,494.0,369.0,313.2,392.06666666666666,1
Carrots,Nuwara Eliya,2024-02-15,736.17,1272.2,494.0,369.0,711.7333333333332,2
Carrots,Nuwara Eliya,2024-03-15,396.0,736.17,1272.2,494.0,834.1233333333333,3
Carrots,Nuwara Eliya,2024-04-15,315.33,396.0,736.17,1272.2,801.4566666666666,4
Carrots,Nuwara Eliya,2024-05-15,212.0,315.33,396.0,736.17,482.5,5
Carrots,Nuwara Eliya,2024-06-15,402.0,212.0,315.33,396.0,307.77666666666664,6
Carrots,Nuwara Eliya,2024-07-15,473.6,402.0,212.0,315.33,309.77666666666664,7
Carrots,Nuwara Eliya,2024-08-15,322.5,473.6,402.0,212.0,362.53333333333336,8
Carrots,Nuwara Eliya,2024-09-15,255.5,322.5,473.6,402.0,399.36666666666673,9
Carrots,Nuwara Eliya,2024-10-15,179.0,255.5,322.5,473.6,350.53333333333336,10
Carrots,Nuwara Eliya,2024-11-15,216.0,179.0,255.5,322.5,252.33333333333334,11
Carrots,Nuwara Eliya,2024-12-15,275.2,216.0,179.0,255.5,216.83333333333334,12
Carrots,Nuwara Eliya,2025-01-15,344.0,275.2,216.0,179.0,223.4,1
Carrots,Nuwara Eliya,2025-02-15,760.62,344.0,275.2,216.0,278.40000000000003,2
Carrots,Nuwara Eliya,2025-03-15,654.8,760.62,344.0,275.2,459.94,3
Carrots,Nuwara Eliya,2025-04-15,545.33,654.8,760.62,344.0,586.4733333333332,4
Carrots,Nuwara Eliya,2025-05-15,774.5,545.33,654.8,760.62,653.5833333333334,5
Carrots,Nuwara Eliya,2025-06-15,593.6,774.5,545.33,654.8,658.21,6
Carrots,Nuwara Eliya,2025-07-15,394.5,593.6,774.5,545.33,637.8100000000001,7
Carrots,Nuwara Eliya,2025-08-15,464.67,394.5,593.6,774.5,587.5333333333333,8
Carrots,Nuwara Eliya,2025-09-15,307.2,464.67,394.5,593.6,484.25666666666666,9
Carrots,Polonnaruwa,2023-09-15,333.5,513.0,531.83,470.0,504.9433333333333,9
Carrots,Polonnaruwa,2023-10-15,300.0,333.5,513.0,531.83,459.4433333333333,10
Carrots,Polonnaruwa,2023-11-15,393.5,300.0,333.5,513.0,382.1666666666667,11
Carrots,Polonnaruwa,2023-12-15,518.67,393.5,300.0,333.5,342.3333333333333,12
Carrots,Polonnaruwa,2024-01-15,1498.4,518.67,393.5,300.0,404.0566666666667,1
Carrots,Polonnaruwa,2024-02-15,904.33,1498.4,518.67,393.5,803.5233333333334,2
Carrots,Polonnaruwa,2024-03-15,521.0,904.33,1498.4,518.67,973.8000000000001,3
Carrots,Polonnaruwa,2024-04-15,352.0,521.0,904.33,1498.4,974.5766666666667,4
Carrots,Polonnaruwa,2024-05-15,296.67,352.0,521.0,904.33,592.4433333333333,5
Carrots,Polonnaruwa,2024-08-15,417.0,296.67,352.0,521.0,389.89000000000004,8
Carrots,Polonnaruwa,2024-09-15,324.4,417.0,296.67,352.0,355.22333333333336,9
Carrots,Polonnaruwa,2024-10-15,216.5,324.4,417.0,296.67,346.0233333333333,10
Carrots,Polonnaruwa,2024-11-15,249.0,216.5,324.4,417.0,319.29999999999995,11
Carrots,Polonnaruwa,2024-12-15,325.2,249.0,216.5,324.4,263.29999999999995,12
Carrots,Polonnaruwa,2025-01-15,408.0,325.2,249.0,216.5,263.56666666666666,1
Carrots,Polonnaruwa,2025-02-15,915.5,408.0,325.2,249.0,327.40000000000003,2
Carrots,Polonnaruwa,2025-03-15,883.2,915.5,408.0,325.2,549.5666666666667,3
Carrots,Polonnaruwa,2025-04-15,575.5,883.2,915.5,408.0,735.5666666666666,4
Carrots,Polonnaruwa,2025-05-15,1088.0,575.5,883.2,915.5,791.4,5
Carrots,Polonnaruwa,2025-06-15,686.4,1088.0,575.5,883.2,848.9,6
Carrots,Polonnaruwa,2025-07-15,497.0,686.4,1088.0,575.5,783.3000000000001,7
Carrots,Polonnaruwa,2025-08-15,596.5,497.0,686.4,1088.0,757.1333333333333,8
Carrots,Polonnaruwa,2025-09-15,451.33,596.5,497.0,686.4,593.3000000000001,9
Carrots,Puttalam,2023-09-15,357.0,512.0,563.2,486.0,520.4,9
Carrots,Puttalam,2023-10-15,370.4,357.0,512.0,563.2,477.40000000000003,10
Carrots,Puttalam,2023-11-15,458.0,370.4,357.0,512.0,413.1333333333334,11
Carrots,Puttalam,2023-12-15,598.0,458.0,370.4,357.0,395.1333333333334,12
Carrots,Puttalam,2024-01-15,1464.8,598.0,458.0,370.4,475.4666666666667,1
Carrots,Puttalam,2024-02-15,825.0,1464.8,598.0,458.0,840.2666666666665,2
Carrots,Puttalam,2024-03-15,533.0,825.0,1464.8,598.0,962.5999999999999,3
Carrots,Puttalam,2024-04-15,400.8,533.0,825.0,1464.8,940.9333333333333,4
Carrots,Puttalam,2024-05-15,339.5,400.8,533.0,825.0,586.2666666666667,5
Carrots,Puttalam,2024-06-15,339.5,339.5,400.8,533.0,424.43333333333334,6
Carrots,Puttalam,2024-07-15,578.38,339.5,339.5,400.8,359.93333333333334,7
Carrots,Puttalam,2024-08-15,394.5,578.38,339.5,339.5,419.1266666666667,8
Carrots,Puttalam,2024-09-15,338.33,394.5,578.38,339.5,437.46000000000004,9
Carrots,Puttalam,2024-10-15,233.33,338.33,394.5,578.38,437.07,10
Carrots,Puttalam,2024-11-15,241.67,233.33,338.33,394.5,322.05333333333334,11
Carrots,Puttalam,2024-12-15,377.92,241.67,233.33,338.33,271.10999999999996,12
Carrots,Puttalam,2025-01-15,411.67,377.92,241.67,233.33,284.3066666666667,1
Carrots,Puttalam,2025-02-15,862.5,411.67,377.92,241.67,343.75333333333333,2
Carrots,Puttalam,2025-03-15,925.0,862.5,411.67,377.92,550.6966666666667,3
Carrots,Puttalam,2025-04-15,637.5,925.0,862.5,411.67,733.0566666666667,4
Carrots,Puttalam,2025-05-15,1050.0,637.5,925.0,862.5,808.3333333333334,5
Carrots,Puttalam,2025-06-15,797.0,1050.0,637.5,925.0,870.8333333333334,6
Carrots,Puttalam,2025-07-15,497.5,797.0,1050.0,637.5,828.1666666666666,7
Carrots,Puttalam,2025-09-15,380.67,497.5,797.0,1050.0,781.5,9
Carrots,Rathnapura,2023-09-15,315.0,475.0,499.4,464.75,479.7166666666667,9
Carrots,Rathnapura,2023-10-15,326.0,315.0,475.0,499.4,429.8,10
Carrots,Rathnapura,2024-01-15,1621.67,326.0,315.0,475.0,372.0,1
Carrots,Rathnapura,2024-02-15,804.38,1621.67,326.0,315.0,754.2233333333334,2
Carrots,Rathnapura,2024-03-15,451.0,804.38,1621.67,326.0,917.35,3
Carrots,Rathnapura,2024-04-15,321.6,451.0,804.38,1621.67,959.0166666666668,4
Carrots,Rathnapura,2024-05-15,267.0,321.6,451.0,804.38,525.66,5
Carrots,Rathnapura,2024-06-15,544.0,267.0,321.6,451.0,346.5333333333333,6
Carrots,Rathnapura,2024-07-15,466.0,544.0,267.0,321.6,377.5333333333333,7
Carrots,Rathnapura,2024-08-15,349.0,466.0,544.0,267.0,425.6666666666667,8
Carrots,Rathnapura,2024-09-15,291.6,349.0,466.0,544.0,453.0,9
Carrots,Rathnapura,2024-10-15,223.5,291.6,349.0,466.0,368.8666666666666,10
Carrots,Rathnapura,2024-11-15,208.0,223.5,291.6,349.0,288.03333333333336,11
Carrots,Rathnapura,2024-12-15,282.0,208.0,223.5,291.6,241.03333333333333,12
Carrots,Rathnapura,2025-01-15,325.5,282.0,208.0,223.5,237.83333333333334,1
Carrots,Rathnapura,2025-02-15,690.5,325.5,282.0,208.0,271.8333333333333,2
Carrots,Rathnapura,2025-03-15,698.4,690.5,325.5,282.0,432.6666666666667,3
Carrots,Rathnapura,2025-04-15,492.58,698.4,690.5,325.5,571.4666666666667,4
Carrots,Rathnapura,2025-05-15,808.0,492.58,698.4,690.5,627.16,5
Carrots,Rathnapura,2025-06-15,641.6,808.0,492.58,698.4,666.3266666666667,6
Carrots,Rathnapura,2025-07-15,437.5,641.6,808.0,492.58,647.3933333333333,7
Carrots,Rathnapura,2025-08-15,470.5,437.5,641.6,808.0,629.0333333333333,8
Carrots,Rathnapura,2025-09-15,306.4,470.5,437.5,641.6,516.5333333333333,9
Carrots,Thambuttegama,2023-09-15,266.0,474.0,502.8,452.0,476.26666666666665,9
Carrots,Thambuttegama,2023-10-15,307.13,266.0,474.0,502.8,414.26666666666665,10
Carrots,Thambuttegama,2023-11-15,408.42,307.13,266.0,474.0,349.04333333333335,11
Carrots,Thambuttegama,2023-12-15,561.5,408.42,307.13,266.0,327.18333333333334,12
Carrots,Thambuttegama,2024-01-15,1498.4,561.5,408.42,307.13,425.68333333333334,1
Carrots,Thambuttegama,2024-02-15,799.58,1498.4,561.5,408.42,822.7733333333334,2
Carrots,Thambuttegama,2024-03-15,429.92,799.58,1498.4,561.5,953.16,3
Carrots,Thambuttegama,2024-04-15,332.07,429.92,799.58,1498.4,909.3000000000001,4
Carrots,Thambuttegama,2024-05-15,243.33,332.07,429.92,799.58,520.5233333333334,5
Carrots,Thambuttegama,2024-07-15,434.0,243.33,332.07,429.92,335.1066666666667,7
Carrots,Thambuttegama,2024-08-15,330.5,434.0,243.33,332.07,336.4666666666667,8
Carrots,Thambuttegama,2024-09-15,306.8,330.5,434.0,243.33,335.9433333333333,9
Carrots,Thambuttegama,2024-10-15,181.0,306.8,330.5,434.0,357.09999999999997,10
Carrots,Thambuttegama,2024-11-15,214.5,181.0,306.8,330.5,272.76666666666665,11
Carrots,Thambuttegama,2024-12-15,316.4,214.5,181.0,306.8,234.1,12
Carrots,Thambuttegama,2025-01-15,390.0,316.4,214.5,181.0,237.29999999999998,1
Carrots,Thambuttegama,2025-02-15,963.0,390.0,316.4,214.5,306.96666666666664,2
Carrots,Thambuttegama,2025-03-15,829.2,963.0,390.0,316.4,556.4666666666667,3
Carrots,Thambuttegama,2025-04-15,556.67,829.2,963.0,390.0,727.4,4
Carrots,Thambuttegama,2025-05-15,1020.0,556.67,829.2,963.0,782.9566666666666,5
Carrots,Thambuttegama,2025-06-15,712.0,1020.0,556.67,829.2,801.9566666666666,6
Carrots,Thambuttegama,2025-07-15,521.0,712.0,1020.0,556.67,762.89,7
Carrots,Thambuttegama,2025-08-15,600.75,521.0,712.0,1020.0,751.0,8
Carrots,Thambuttegama,2025-09-15,411.0,600.75,521.0,712.0,611.25,9
Carrots,Tissamaharama,2023-09-15,285.5,447.5,502.0,426.88,458.79333333333335,9
Carrots,Tissamaharama,2023-10-15,306.0,285.5,447.5,502.0,411.6666666666667,10
Carrots,Tissamaharama,2023-11-15,404.0,306.0,285.5,447.5,346.3333333333333,11
Carrots,Tissamaharama,2023-12-15,499.0,404.0,306.0,285.5,331.8333333333333,12
Carrots,Tissamaharama,2024-01-15,1272.0,499.0,404.0,306.0,403.0,1
Carrots,Tissamaharama,2024-02-15,682.5,1272.0,499.0,404.0,725.0,2
Carrots,Tissamaharama,2024-03-15,411.5,682.5,1272.0,499.0,817.8333333333334,3
Carrots,Tissamaharama,2024-04-15,292.8,411.5,682.5,1272.0,788.6666666666666,4
Carrots,Tissamaharama,2024-05-15,231.0,292.8,411.5,682.5,462.26666666666665,5
Carrots,Tissamaharama,2024-09-15,260.67,231.0,292.8,411.5,311.76666666666665,9
Carrots,Tissamaharama,2024-10-15,173.38,260.67,231.0,292.8,261.49,10
Carrots,Tissamaharama,2024-11-15,195.5,173.38,260.67,231.0,221.6833333333333,11
Carrots,Tissamaharama,2024-12-15,277.27,195.5,173.38,260.67,209.85,12
Carrots,Tissamaharama,2025-01-15,323.5,277.27,195.5,173.38,215.38333333333333,1
Carrots,Tissamaharama,2025-02-15,813.75,323.5,277.27,195.5,265.42333333333335,2
Carrots,Tissamaharama,2025-03-15,749.7,813.75,323.5,277.27,471.50666666666666,3
Carrots,Tissamaharama,2025-04-15,447.5,749.7,813.75,323.5,628.9833333333333,4
Carrots,Tissamaharama,2025-06-15,523.75,447.5,749.7,813.75,670.3166666666667,6
Carrots,Tissamaharama,2025-07-15,441.88,523.75,447.5,749.7,573.65,7
Carrots,Tissamaharama,2025-08-15,468.12,441.88,523.75,447.5,471.04333333333335,8
Carrots,Tissamaharama,2025-09-15,298.5,468.12,441.88,523.75,477.9166666666667,9
Carrots,Trincomalee,2023-09-15,324.5,497.0,542.0,465.25,501.4166666666667,9
Carrots,Trincomalee,2023-10-15,352.4,324.5,497.0,542.0,454.5,10
Carrots,Trincomalee,2023-11-15,441.5,352.4,324.5,497.0,391.3,11
Carrots,Trincomalee,2023-12-15,646.5,441.5,352.4,324.5,372.8,12
Carrots,Trincomalee,2024-01-15,1299.2,646.5,441.5,352.4,480.1333333333334,1
Carrots,Trincomalee,2024-02-15,922.5,1299.2,646.5,441.5,795.7333333333332,2
Carrots,Trincomalee,2024-03-15,558.67,922.5,1299.2,646.5,956.0666666666666,3
Carrots,Trincomalee,2024-04-15,448.67,558.67,922.5,1299.2,926.79,4
Carrots,Trincomalee,2024-05-15,337.0,448.67,558.67,922.5,643.28,5
Carrots,Trincomalee,2024-06-15,337.0,337.0,448.67,558.67,448.1133333333333,6
Carrots,Trincomalee,2024-07-15,580.0,337.0,337.0,448.67,374.22333333333336,7
Carrots,Trincomalee,2024-08-15,419.0,580.0,337.0,337.0,418.0,8
Carrots,Trincomalee,2024-09-15,364.8,419.0,580.0,337.0,445.3333333333333,9
Carrots,Trincomalee,2024-10-15,238.5,364.8,419.0,580.0,454.59999999999997,10
Carrots,Trincomalee,2024-11-15,251.0,238.5,364.8,419.0,340.76666666666665,11
Carrots,Trincomalee,2024-12-15,327.96,251.0,238.5,364.8,284.76666666666665,12
Carrots,Trincomalee,2025-01-15,382.0,327.96,251.0,238.5,272.4866666666667,1
Carrots,Trincomalee,2025-02-15,720.0,382.0,327.96,251.0,320.32,2
Carrots,Trincomalee,2025-03-15,920.0,720.0,382.0,327.96,476.65333333333336,3
Carrots,Trincomalee,2025-04-15,804.75,920.0,720.0,382.0,674.0,4
Carrots,Trincomalee,2025-05-15,954.0,804.75,920.0,720.0,814.9166666666666,5
Carrots,Trincomalee,2025-06-15,861.0,954.0,804.75,920.0,892.9166666666666,6
Carrots,Trincomalee,2025-07-15,457.0,861.0,954.0,804.75,873.25,7
Carrots,Trincomalee,2025-08-15,425.33,457.0,861.0,954.0,757.3333333333334,8
Carrots,Trincomalee,2025-09-15,394.0,425.33,457.0,861.0,581.11,9
Carrots,Vavuniya,2023-09-15,331.5,550.5,597.5,478.5,542.1666666666666,9
Carrots,Vavuniya,2023-10-15,378.8,331.5,550.5,597.5,493.1666666666667,10
Carrots,Vavuniya,2023-11-15,458.0,378.8,331.5,550.5,420.26666666666665,11
Carrots,Vavuniya,2023-12-15,615.5,458.0,378.8,331.5,389.43333333333334,12
Carrots,Vavuniya,2024-01-15,1620.2,615.5,458.0,378.8,484.09999999999997,1
Carrots,Vavuniya,2024-02-15,1090.0,1620.2,615.5,458.0,897.9,2
Carrots,Vavuniya,2024-03-15,610.5,1090.0,1620.2,615.5,1108.5666666666666,3
Carrots,Vavuniya,2024-04-15,408.4,610.5,1090.0,1620.2,1106.8999999999999,4
Carrots,Vavuniya,2024-05-15,330.5,408.4,610.5,1090.0,702.9666666666667,5
Carrots,Vavuniya,2024-06-15,607.0,330.5,408.4,610.5,449.8,6
Carrots,Vavuniya,2024-07-15,656.4,607.0,330.5,408.4,448.6333333333334,7
Carrots,Vavuniya,2024-08-15,497.5,656.4,607.0,330.5,531.3000000000001,8
Carrots,Vavuniya,2024-09-15,368.8,497.5,656.4,607.0,586.9666666666667,9
Carrots,Vavuniya,2024-10-15,226.25,368.8,497.5,656.4,507.56666666666666,10
Carrots,Vavuniya,2024-11-15,217.75,226.25,368.8,497.5,364.18333333333334,11
Carrots,Vavuniya,2024-12-15,370.0,217.75,226.25,368.8,270.93333333333334,12
Carrots,Vavuniya,2025-01-15,393.83,370.0,217.75,226.25,271.3333333333333,1
Carrots,Vavuniya,2025-02-15,1013.0,393.83,370.0,217.75,327.1933333333333,2
Carrots,Vavuniya,2025-03-15,874.4,1013.0,393.83,370.0,592.2766666666666,3
Carrots,Vavuniya,2025-04-15,717.5,874.4,1013.0,393.83,760.41,4
Carrots,Vavuniya,2025-05-15,1022.5,717.5,874.4,1013.0,868.3000000000001,5
Carrots,Vavuniya,2025-06-15,778.83,1022.5,717.5,874.4,871.4666666666667,6
Carrots,Vavuniya,2025-07-15,580.75,778.83,1022.5,717.5,839.61,7
Carrots,Vavuniya,2025-08-15,602.67,580.75,778.83,1022.5,794.0266666666666,8
Carrots,Vavuniya,2025-09-15,357.6,602.67,580.75,778.83,654.0833333333334,9
Eggplants,Ampara,2023-09-15,275.42,365.83,367.33,346.67,359.9433333333333,9
Eggplants,Ampara,2023-10-15,312.0,275.42,365.83,367.33,336.1933333333333,10
Eggplants,Ampara,2023-11-15,395.0,312.0,275.42,365.83,317.75,11
Eggplants,Ampara,2023-12-15,478.33,395.0,312.0,275.42,327.47333333333336,12
Eggplants,Ampara,2024-01-15,682.0,478.33,395.0,312.0,395.10999999999996,1
Eggplants,Ampara,2024-02-15,381.67,682.0,478.33,395.0,518.4433333333333,2
Eggplants,Ampara,2024-03-15,308.33,381.67,682.0,478.33,514.0,3
Eggplants,Ampara,2024-04-15,246.67,308.33,381.67,682.0,457.3333333333333,4
Eggplants,Ampara,2024-05-15,284.17,246.67,308.33,381.67,312.2233333333333,5
Eggplants,Ampara,2024-06-15,284.17,284.17,246.67,308.33,279.72333333333336,6
Eggplants,Ampara,2024-07-15,297.08,284.17,284.17,246.67,271.67,7
Eggplants,Ampara,2024-08-15,292.08,297.08,284.17,284.17,288.47333333333336,8
Eggplants,Ampara,2024-09-15,240.33,292.08,297.08,284.17,291.10999999999996,9
Eggplants,Ampara,2024-10-15,241.67,240.33,292.08,297.08,276.4966666666666,10
Eggplants,Ampara,2024-11-15,296.67,241.67,240.33,292.08,258.02666666666664,11
Eggplants,Ampara,2024-12-15,442.0,296.67,241.67,240.33,259.5566666666667,12
Eggplants,Ampara,2025-01-15,426.67,442.0,296.67,241.67,326.78,1
Eggplants,Ampara,2025-02-15,460.0,426.67,442.0,296.67,388.4466666666667,2
Eggplants,Ampara,2025-03-15,344.0,460.0,426.67,442.0,442.89000000000004,3
Eggplants,Ampara,2025-04-15,527.78,344.0,460.0,426.67,410.22333333333336,4
Eggplants,Ampara,2025-05-15,466.67,527.78,344.0,460.0,443.9266666666667,5
Eggplants,Ampara,2025-06-15,378.67,466.67,527.78,344.0,446.15000000000003,6
Eggplants,Ampara,2025-07-15,328.33,378.67,466.67,527.78,457.70666666666665,7
Eggplants,Ampara,2025-08-15,257.5,328.33,378.67,466.67,391.22333333333336,8
Eggplants,Ampara,2025-09-15,298.67,257.5,328.33,378.67,321.5,9
Eggplants,Anuradhapura,2023-09-15,293.0,295.0,343.2,334.0,324.06666666666666,9
Eggplants,Anuradhapura,2023-10-15,332.8,293.0,295.0,343.2,310.40000000000003,10
Eggplants,Anuradhapura,2023-11-15,378.0,332.8,293.0,295.0,306.93333333333334,11
Eggplants,Anuradhapura,2023-12-15,468.0,378.0,332.8,293.0,334.59999999999997,12
Eggplants,Anuradhapura,2024-01-15,576.0,468.0,378.0,332.8,392.93333333333334,1
Eggplants,Anuradhapura,2024-02-15,331.0,576.0,468.0,378.0,474.0,2
Eggplants,Anuradhapura,2024-03-15,256.0,331.0,576.0,468.0,458.3333333333333,3
Eggplants,Anuradhapura,2024-04-15,252.8,256.0,331.0,576.0,387.6666666666667,4
Eggplants,Anuradhapura,2024-05-15,258.0,252.8,256.0,331.0,279.93333333333334,5
Eggplants,Anuradhapura,2024-06-15,456.0,258.0,252.8,256.0,255.6,6
Eggplants,Anuradhapura,2024-07-15,331.2,456.0,258.0,252.8,322.26666666666665,7
Eggplants,Anuradhapura,2024-08-15,321.0,331.2,456.0,258.0,348.40000000000003,8
Eggplants,Anuradhapura,2024-09-15,348.8,321.0,331.2,456.0,369.40000000000003,9
Eggplants,Anuradhapura,2024-10-15,264.0,348.8,321.0,331.2,333.6666666666667,10
Eggplants,Anuradhapura,2024-11-15,318.0,264.0,348.8,321.0,311.26666666666665,11
Eggplants,Anuradhapura,2024-12-15,444.8,318.0,264.0,348.8,310.26666666666665,12
Eggplants,Anuradhapura,2025-01-15,357.0,444.8,318.0,264.0,342.2666666666667,1
Eggplants,Anuradhapura,2025-02-15,522.0,357.0,444.8,318.0,373.2666666666667,2
Eggplants,Anuradhapura,2025-03-15,313.6,522.0,357.0,444.8,441.2666666666667,3
Eggplants,Anuradhapura,2025-04-15,464.0,313.6,522.0,357.0,397.5333333333333,4
Eggplants,Anuradhapura,2025-05-15,456.0,464.0,313.6,522.0,433.2,5
Eggplants,Anuradhapura,2025-06-15,428.8,456.0,464.0,313.6,411.2,6
Eggplants,Anuradhapura,2025-07-15,397.0,428.8,456.0,464.0,449.59999999999997,7
Eggplants,Anuradhapura,2025-08-15,370.0,397.0,428.8,456.0,427.26666666666665,8
Eggplants,Anuradhapura,2025-09-15,385.6,370.0,397.0,428.8,398.59999999999997,9
Eggplants,Badulla,2023-09-15,300.0,320.0,350.4,350.0,340.1333333333333,9
Eggplants,Badulla,2023-10-15,300.8,300.0,320.0,350.4,323.46666666666664,10
Eggplants,Badulla,2023-11-15,368.0,300.8,300.0,320.0,306.93333333333334,11
Eggplants,Badulla,2023-12-15,414.75,368.0,300.8,300.0,322.93333333333334,12
Eggplants,Badulla,2024-01-15,652.75,414.75,368.0,300.8,361.18333333333334,1
Eggplants,Badulla,2024-02-15,429.25,652.75,414.75,368.0,478.5,2
Eggplants,Badulla,2024-03-15,263.5,429.25,652.75,414.75,498.9166666666667,3
Eggplants,Badulla,2024-04-15,274.93,263.5,429.25,652.75,448.5,4
Eggplants,Badulla,2024-05-15,256.75,274.93,263.5,429.25,322.56,5
Eggplants,Badulla,2024-06-15,520.0,256.75,274.93,263.5,265.06,6
Eggplants,Badulla,2024-07-15,353.67,520.0,256.75,274.93,350.56,7
Eggplants,Badulla,2024-08-15,303.75,353.67,520.0,256.75,376.8066666666667,8
Eggplants,Badulla,2024-09-15,315.0,303.75,353.67,520.0,392.47333333333336,9
Eggplants,Badulla,2024-10-15,225.0,315.0,303.75,353.67,324.14000000000004,10
Eggplants,Badulla,2024-11-15,266.0,225.0,315.0,303.75,281.25,11
Eggplants,Badulla,2024-12-15,363.5,266.0,225.0,315.0,268.6666666666667,12
Eggplants,Badulla,2025-01-15,425.0,363.5,266.0,225.0,284.8333333333333,1
Eggplants,Badulla,2025-02-15,600.0,425.0,363.5,266.0,351.5,2
Eggplants,Badulla,2025-03-15,328.33,600.0,425.0,363.5,462.8333333333333,3
Eggplants,Badulla,2025-04-15,538.75,328.33,600.0,425.0,451.10999999999996,4
Eggplants,Badulla,2025-05-15,433.75,538.75,328.33,600.0,489.02666666666664,5
Eggplants,Badulla,2025-06-15,433.0,433.75,538.75,328.33,433.60999999999996,6
Eggplants,Badulla,2025-07-15,422.5,433.0,433.75,538.75,468.5,7
Eggplants,Badulla,2025-08-15,361.25,422.5,433.0,433.75,429.75,8
Eggplants,Badulla,2025-09-15,285.0,361.25,422.5,433.0,405.5833333333333,9
Eggplants,Bandarawela,2023-09-15,273.0,288.0,358.0,305.0,317.0,9
Eggplants,Bandarawela,2023-10-15,277.6,273.0,288.0,358.0,306.3333333333333,10
Eggplants,Bandarawela,2023-11-15,319.0,277.6,273.0,288.0,279.53333333333336,11
Eggplants,Bandarawela,2023-12-15,397.0,319.0,277.6,273.0,289.8666666666667,12
Eggplants,Bandarawela,2024-01-15,543.2,397.0,319.0,277.6,331.2,1
Eggplants,Bandarawela,2024-02-15,400.0,543.2,397.0,319.0,419.73333333333335,2
Eggplants,Bandarawela,2024-05-15,308.0,400.0,543.2,397.0,446.73333333333335,5
Eggplants,Bandarawela,2024-06-15,452.5,308.0,400.0,543.2,417.06666666666666,6
Eggplants,Bandarawela,2024-07-15,268.4,452.5,308.0,400.0,386.8333333333333,7
Eggplants,Bandarawela,2024-08-15,293.0,268.4,452.5,308.0,342.9666666666667,8
Eggplants,Bandarawela,2024-09-15,238.0,293.0,268.4,452.5,337.96666666666664,9
Eggplants,Bandarawela,2024-10-15,207.0,238.0,293.0,268.4,266.46666666666664,10
Eggplants,Bandarawela,2024-11-15,263.0,207.0,238.0,293.0,246.0,11
Eggplants,Bandarawela,2024-12-15,321.2,263.0,207.0,238.0,236.0,12
Eggplants,Bandarawela,2025-01-15,377.0,321.2,263.0,207.0,263.73333333333335,1
Eggplants,Bandarawela,2025-02-15,526.0,377.0,321.2,263.0,320.40000000000003,2
Eggplants,Bandarawela,2025-03-15,318.4,526.0,377.0,321.2,408.06666666666666,3
Eggplants,Bandarawela,2025-04-15,506.0,318.4,526.0,377.0,407.1333333333334,4
Eggplants,Bandarawela,2025-05-15,425.0,506.0,318.4,526.0,450.1333333333334,5
Eggplants,Bandarawela,2025-06-15,365.6,425.0,506.0,318.4,416.4666666666667,6
Eggplants,Bandarawela,2025-07-15,358.0,365.6,425.0,506.0,432.2,7
Eggplants,Bandarawela,2025-08-15,365.0,358.0,365.6,425.0,382.8666666666666,8
Eggplants,Bandarawela,2025-09-15,308.0,365.0,358.0,365.6,362.8666666666666,9
Eggplants,Batticaloa,2023-09-15,257.5,283.5,332.4,383.5,333.1333333333333,9
Eggplants,Batticaloa,2023-10-15,301.2,257.5,283.5,332.4,291.1333333333333,10
Eggplants,Batticaloa,2023-11-15,404.0,301.2,257.5,283.5,280.73333333333335,11
Eggplants,Batticaloa,2023-12-15,547.5,404.0,301.2,257.5,320.90000000000003,12
Eggplants,Batticaloa,2024-01-15,765.2,547.5,404.0,301.2,417.56666666666666,1
Eggplants,Batticaloa,2024-02-15,459.5,765.2,547.5,404.0,572.2333333333333,2
Eggplants,Batticaloa,2024-03-15,381.0,459.5,765.2,547.5,590.7333333333333,3
Eggplants,Batticaloa,2024-04-15,269.6,381.0,459.5,765.2,535.2333333333333,4
Eggplants,Batticaloa,2024-05-15,259.5,269.6,381.0,459.5,370.0333333333333,5
Eggplants,Batticaloa,2024-06-15,259.5,259.5,269.6,381.0,303.3666666666667,6
Eggplants,Batticaloa,2024-07-15,337.2,259.5,259.5,269.6,262.8666666666667,7
Eggplants,Batticaloa,2024-08-15,313.0,337.2,259.5,259.5,285.40000000000003,8
Eggplants,Batticaloa,2024-12-15,463.0,313.0,337.2,259.5,303.23333333333335,12
Eggplants,Batticaloa,2025-01-15,426.46,463.0,313.0,337.2,371.06666666666666,1
Eggplants,Batticaloa,2025-02-15,606.25,426.46,463.0,313.0,400.82,2
Eggplants,Batticaloa,2025-03-15,398.0,606.25,426.46,463.0,498.57,3
Eggplants,Batticaloa,2025-04-15,562.5,398.0,606.25,426.46,476.90333333333336,4
Eggplants,Batticaloa,2025-06-15,400.5,562.5,398.0,606.25,522.25,6
Eggplants,Batticaloa,2025-07-15,316.67,400.5,562.5,398.0,453.6666666666667,7
Eggplants,Batticaloa,2025-08-15,197.5,316.67,400.5,562.5,426.5566666666667,8
Eggplants,Batticaloa,2025-09-15,197.5,197.5,316.67,400.5,304.89000000000004,9
Eggplants,Colombo City,2023-09-15,380.39,352.45,407.03,392.24,383.9066666666667,9
Eggplants,Colombo City,2023-10-15,432.84,380.39,352.45,407.03,379.95666666666665,10
Eggplants,Colombo City,2023-11-15,477.55,432.84,380.39,352.45,388.55999999999995,11
Eggplants,Colombo City,2023-12-15,581.27,477.55,432.84,380.39,430.26,12
Eggplants,Colombo City,2024-01-15,710.57,581.27,477.55,432.84,497.22,1
Eggplants,Colombo City,2024-02-15,402.72,710.57,581.27,477.55,589.7966666666667,2
Eggplants,Colombo City,2024-03-15,330.34,402.72,710.57,581.27,564.8533333333334,3
Eggplants,Colombo City,2024-04-15,282.53,330.34,402.72,710.57,481.21000000000004,4
Eggplants,Colombo City,2024-05-15,319.02,282.53,330.34,402.72,338.53,5
Eggplants,Colombo City,2024-06-15,493.53,319.02,282.53,330.34,310.62999999999994,6
Eggplants,Colombo City,2024-07-15,360.27,493.53,319.02,282.53,365.02666666666664,7
Eggplants,Colombo City,2024-08-15,362.38,360.27,493.53,319.02,390.94,8
Eggplants,Colombo City,2024-09-15,346.56,362.38,360.27,493.53,405.3933333333334,9
Eggplants,Colombo City,2024-10-15,307.52,346.56,362.38,360.27,356.40333333333336,10
Eggplants,Colombo City,2024-11-15,346.06,307.52,346.56,362.38,338.82,11
Eggplants,Colombo City,2024-12-15,440.22,346.06,307.52,346.56,333.37999999999994,12
Eggplants,Colombo City,2025-01-15,426.1,440.22,346.06,307.52,364.59999999999997,1
Eggplants,Colombo City,2025-02-15,549.76,426.1,440.22,346.06,404.1266666666667,2
Eggplants,Colombo City,2025-03-15,371.69,549.76,426.1,440.22,472.0266666666667,3
Eggplants,Colombo City,2025-04-15,598.99,371.69,549.76,426.1,449.1833333333334,4
Eggplants,Colombo City,2025-05-15,516.28,598.99,371.69,549.76,506.81333333333333,5
Eggplants,Colombo City,2025-06-15,498.97,516.28,598.99,371.69,495.65333333333336,6
Eggplants,Colombo City,2025-07-15,422.31,498.97,516.28,598.99,538.08,7
Eggplants,Colombo City,2025-08-15,435.57,422.31,498.97,516.28,479.18666666666667,8
Eggplants,Colombo City,2025-09-15,391.0,435.57,422.31,498.97,452.2833333333333,9
Eggplants,Dammbagalla,2023-09-15,352.0,360.0,354.4,320.0,344.8,9
Eggplants,Dammbagalla,2023-10-15,387.2,352.0,360.0,354.4,355.4666666666667,10
Eggplants,Dammbagalla,2023-11-15,456.0,387.2,352.0,360.0,366.40000000000003,11
Eggplants,Dammbagalla,2023-12-15,488.0,456.0,387.2,352.0,398.40000000000003,12
Eggplants,Dammbagalla,2024-01-15,671.6,488.0,456.0,387.2,443.73333333333335,1
Eggplants,Dammbagalla,2024-02-15,327.5,671.6,488.0,456.0,538.5333333333333,2
Eggplants,Dammbagalla,2024-03-15,250.0,327.5,671.6,488.0,495.7,3
Eggplants,Dammbagalla,2024-04-15,226.8,250.0,327.5,671.6,416.3666666666666,4
Eggplants,Dammbagalla,2024-05-15,321.0,226.8,250.0,327.5,268.09999999999997,5
Eggplants,Dammbagalla,2024-06-15,321.0,321.0,226.8,250.0,265.93333333333334,6
Eggplants,Dammbagalla,2024-07-15,318.4,321.0,321.0,226.8,289.59999999999997,7
Eggplants,Dammbagalla,2024-08-15,313.0,318.4,321.0,321.0,320.1333333333334,8
Eggplants,Dammbagalla,2024-09-15,326.4,313.0,318.4,321.0,317.4666666666667,9
Eggplants,Dammbagalla,2024-10-15,259.0,326.4,313.0,318.4,319.26666666666665,10
Eggplants,Dammbagalla,2024-11-15,371.0,259.0,326.4,313.0,299.46666666666664,11
Eggplants,Dammbagalla,2024-12-15,430.4,371.0,259.0,326.4,318.79999999999995,12
Eggplants,Dammbagalla,2025-01-15,366.0,430.4,371.0,259.0,353.4666666666667,1
Eggplants,Dammbagalla,2025-02-15,528.0,366.0,430.4,371.0,389.1333333333334,2
Eggplants,Dammbagalla,2025-03-15,325.6,528.0,366.0,430.4,441.4666666666667,3
Eggplants,Dammbagalla,2025-04-15,492.67,325.6,528.0,366.0,406.5333333333333,4
Eggplants,Dammbagalla,2025-05-15,499.0,492.67,325.6,528.0,448.75666666666666,5
Eggplants,Dammbagalla,2025-06-15,468.0,499.0,492.67,325.6,439.09,6
Eggplants,Dammbagalla,2025-07-15,442.0,468.0,499.0,492.67,486.5566666666667,7
Eggplants,Dammbagalla,2025-08-15,409.0,442.0,468.0,499.0,469.6666666666667,8
Eggplants,Dammbagalla,2025-09-15,368.8,409.0,442.0,468.0,439.6666666666667,9
Eggplants,Dehiattakandiya,2023-09-15,286.67,293.33,296.0,272.5,287.27666666666664,9
Eggplants,Dehiattakandiya,2023-10-15,309.33,286.67,293.33,296.0,292.0,10
Eggplants,Dehiattakandiya,2023-11-15,355.0,309.33,286.67,293.33,296.4433333333333,11
Eggplants,Dehiattakandiya,2023-12-15,416.67,355.0,309.33,286.67,317.0,12
Eggplants,Dehiattakandiya,2024-01-15,573.33,416.67,355.0,309.33,360.3333333333333,1
Eggplants,Dehiattakandiya,2024-02-15,331.67,573.33,416.67,355.0,448.3333333333333,2
Eggplants,Dehiattakandiya,2024-03-15,235.0,331.67,573.33,416.67,440.5566666666667,3
Eggplants,Dehiattakandiya,2024-04-15,209.33,235.0,331.67,573.33,380.0,4
Eggplants,Dehiattakandiya,2024-05-15,245.83,209.33,235.0,331.67,258.6666666666667,5
Eggplants,Dehiattakandiya,2024-06-15,369.17,245.83,209.33,235.0,230.05333333333337,6
Eggplants,Dehiattakandiya,2024-07-15,226.67,369.17,245.83,209.33,274.7766666666667,7
Eggplants,Dehiattakandiya,2024-08-15,265.0,226.67,369.17,245.83,280.5566666666667,8
Eggplants,Dehiattakandiya,2024-09-15,246.67,265.0,226.67,369.17,286.94666666666666,9
Eggplants,Dehiattakandiya,2024-10-15,226.67,246.67,265.0,226.67,246.11333333333332,10
Eggplants,Dehiattakandiya,2024-11-15,285.0,226.67,246.67,265.0,246.11333333333332,11
Eggplants,Dehiattakandiya,2024-12-15,336.0,285.0,226.67,246.67,252.77999999999997,12
Eggplants,Dehiattakandiya,2025-01-15,358.33,336.0,285.0,226.67,282.5566666666667,1
Eggplants,Dehiattakandiya,2025-02-15,478.33,358.33,336.0,285.0,326.4433333333333,2
Eggplants,Dehiattakandiya,2025-03-15,316.67,478.33,358.33,336.0,390.8866666666666,3
Eggplants,Dehiattakandiya,2025-04-15,466.67,316.67,478.33,358.33,384.4433333333333,4
Eggplants,Dehiattakandiya,2025-05-15,438.33,466.67,316.67,478.33,420.5566666666667,5
Eggplants,Dehiattakandiya,2025-06-15,396.0,438.33,466.67,316.67,407.22333333333336,6
Eggplants,Dehiattakandiya,2025-07-15,319.17,396.0,438.33,466.67,433.6666666666667,7
Eggplants,Dehiattakandiya,2025-08-15,328.33,319.17,396.0,438.33,384.5,8
Eggplants,Dehiattakandiya,2025-09-15,298.67,328.33,319.17,396.0,347.8333333333333,9
Eggplants,Economic Centre - Peliyagoda,2022-10-15,407.6,424.55,486.15,391.79,434.16333333333336,10
Eggplants,Economic Centre - Peliyagoda,2022-11-15,444.4,407.6,424.55,486.15,439.4333333333334,11
Eggplants,Economic Centre - Peliyagoda,2022-12-15,192.0,444.4,407.6,424.55,425.51666666666665,12
Eggplants,Economic Centre - Peliyagoda,2023-01-15,273.33,192.0,444.4,407.6,348.0,1
Eggplants,Economic Centre - Peliyagoda,2023-02-15,215.0,273.33,192.0,444.4,303.24333333333334,2
Eggplants,Economic Centre - Peliyagoda,2023-03-15,244.44,215.0,273.33,192.0,226.77666666666664,3
Eggplants,Economic Centre - Peliyagoda,2023-04-15,264.83,244.44,215.0,273.33,244.25666666666666,4
Eggplants,Economic Centre - Peliyagoda,2023-05-15,397.0,264.83,244.44,215.0,241.42333333333332,5
Eggplants,Economic Centre-Dambulla,2020-04-15,60.5,101.67,110.44,143.43,118.51333333333334,4
Eggplants,Economic Centre-Dambulla,2020-05-15,78.33,60.5,101.67,110.44,90.87,5
Eggplants,Economic Centre-Dambulla,2020-06-15,102.4,78.33,60.5,101.67,80.16666666666667,6
Eggplants,Economic Centre-Dambulla,2020-07-15,89.78,102.4,78.33,60.5,80.41,7
Eggplants,Economic Centre-Dambulla,2020-08-15,113.42,89.78,102.4,78.33,90.17,8
Eggplants,Economic Centre-Dambulla,2020-09-15,82.67,113.42,89.78,102.4,101.86666666666667,9
Eggplants,Economic Centre-Dambulla,2020-10-15,82.67,82.67,113.42,89.78,95.29,10
Eggplants,Economic Centre-Pettah,2020-06-15,132.0,122.78,118.33,165.24,135.45000000000002,6
Eggplants,Economic Centre-Pettah,2020-07-15,90.09,132.0,122.78,118.33,124.37,7
Eggplants,Economic Centre-Pettah,2020-08-15,153.71,90.09,132.0,122.78,114.95666666666666,8
Eggplants,Economic Centre-Pettah,2020-09-15,110.17,153.71,90.09,132.0,125.26666666666667,9
Eggplants,Economic Centre-Pettah,2020-10-15,110.17,110.17,153.71,90.09,117.99000000000001,10
Eggplants,Embilipitiya,2023-09-15,323.88,327.8,338.4,303.33,323.1766666666667,9
Eggplants,Embilipitiya,2023-10-15,394.57,323.88,327.8,338.4,330.0266666666667,10
Eggplants,Embilipitiya,2023-11-15,403.81,394.57,323.88,327.8,348.75,11
Eggplants,Embilipitiya,2023-12-15,483.0,403.81,394.57,323.88,374.08666666666664,12
Eggplants,Embilipitiya,2024-01-15,597.83,483.0,403.81,394.57,427.1266666666667,1
Eggplants,Embilipitiya,2024-02-15,263.25,597.83,483.0,403.81,494.88000000000005,2
Eggplants,Embilipitiya,2024-03-15,261.67,263.25,597.83,483.0,448.02666666666664,3
Eggplants,Embilipitiya,2024-04-15,231.4,261.67,263.25,597.83,374.25,4
Eggplants,Embilipitiya,2024-05-15,285.25,231.4,261.67,263.25,252.10666666666668,5
Eggplants,Embilipitiya,2024-06-15,350.88,285.25,231.4,261.67,259.44,6
Eggplants,Embilipitiya,2024-07-15,270.53,350.88,285.25,231.4,289.1766666666667,7
Eggplants,Embilipitiya,2024-08-15,312.5,270.53,350.88,285.25,302.21999999999997,8
Eggplants,Embilipitiya,2024-09-15,324.0,312.5,270.53,350.88,311.30333333333334,9
Eggplants,Embilipitiya,2024-10-15,254.0,324.0,312.5,270.53,302.3433333333333,10
Eggplants,Embilipitiya,2024-11-15,301.0,254.0,324.0,312.5,296.8333333333333,11
Eggplants,Embilipitiya,2024-12-15,320.2,301.0,254.0,324.0,293.0,12
Eggplants,Embilipitiya,2025-01-15,413.0,320.2,301.0,254.0,291.73333333333335,1
Eggplants,Embilipitiya,2025-02-15,468.0,413.0,320.2,301.0,344.73333333333335,2
Eggplants,Embilipitiya,2025-03-15,306.33,468.0,413.0,320.2,400.40000000000003,3
Eggplants,Embilipitiya,2025-04-15,552.0,306.33,468.0,413.0,395.77666666666664,4
Eggplants,Embilipitiya,2025-05-15,468.12,552.0,306.33,468.0,442.10999999999996,5
Eggplants,Embilipitiya,2025-06-15,379.3,468.12,552.0,306.33,442.1499999999999,6
Eggplants,Embilipitiya,2025-07-15,374.12,379.3,468.12,552.0,466.47333333333336,7
Eggplants,Embilipitiya,2025-08-15,367.5,374.12,379.3,468.12,407.18,8
Eggplants,Embilipitiya,2025-09-15,352.0,367.5,374.12,379.3,373.64000000000004,9
Eggplants,Galenbindunuwewa,2023-09-15,277.0,284.0,336.8,336.0,318.93333333333334,9
Eggplants,Galenbindunuwewa,2023-10-15,317.6,277.0,284.0,336.8,299.26666666666665,10
Eggplants,Galenbindunuwewa,2023-11-15,356.0,317.6,277.0,284.0,292.86666666666673,11
Eggplants,Galenbindunuwewa,2023-12-15,404.0,356.0,317.6,277.0,316.86666666666673,12
Eggplants,Galenbindunuwewa,2024-01-15,529.6,404.0,356.0,317.6,359.20000000000005,1
Eggplants,Galenbindunuwewa,2024-02-15,298.0,529.6,404.0,356.0,429.8666666666666,2
Eggplants,Galenbindunuwewa,2024-03-15,248.0,298.0,529.6,404.0,410.5333333333333,3
Eggplants,Galenbindunuwewa,2024-04-15,214.4,248.0,298.0,529.6,358.5333333333333,4
Eggplants,Galenbindunuwewa,2024-05-15,282.0,214.4,248.0,298.0,253.46666666666667,5
Eggplants,Galenbindunuwewa,2024-06-15,434.0,282.0,214.4,248.0,248.13333333333333,6
Eggplants,Galenbindunuwewa,2024-07-15,308.0,434.0,282.0,214.4,310.1333333333333,7
Eggplants,Galenbindunuwewa,2024-12-15,452.67,308.0,434.0,282.0,341.3333333333333,12
Eggplants,Galenbindunuwewa,2025-01-15,286.04,452.67,308.0,434.0,398.22333333333336,1
Eggplants,Galenbindunuwewa,2025-02-15,470.0,286.04,452.67,308.0,348.90333333333336,2
Eggplants,Galenbindunuwewa,2025-03-15,382.0,470.0,286.04,452.67,402.90333333333336,3
Eggplants,Galenbindunuwewa,2025-04-15,630.0,382.0,470.0,286.04,379.34666666666664,4
Eggplants,Galenbindunuwewa,2025-06-15,428.25,630.0,382.0,470.0,494.0,6
Eggplants,Galenbindunuwewa,2025-07-15,374.5,428.25,630.0,382.0,480.0833333333333,7
Eggplants,Galenbindunuwewa,2025-08-15,382.5,374.5,428.25,630.0,477.5833333333333,8
Eggplants,Galenbindunuwewa,2025-09-15,335.2,382.5,374.5,428.25,395.0833333333333,9
Eggplants,Galle,2023-09-15,293.0,296.0,353.2,364.12,337.7733333333333,9
Eggplants,Galle,2023-10-15,334.4,293.0,296.0,353.2,314.06666666666666,10
Eggplants,Galle,2023-11-15,405.5,334.4,293.0,296.0,307.79999999999995,11
Eggplants,Galle,2023-12-15,476.25,405.5,334.4,293.0,344.29999999999995,12
Eggplants,Galle,2024-01-15,724.0,476.25,405.5,334.4,405.38333333333327,1
Eggplants,Galle,2024-02-15,347.5,724.0,476.25,405.5,535.25,2
Eggplants,Galle,2024-03-15,235.83,347.5,724.0,476.25,515.9166666666666,3
Eggplants,Galle,2024-04-15,235.0,235.83,347.5,724.0,435.77666666666664,4
Eggplants,Galle,2024-05-15,235.0,235.0,235.83,347.5,272.7766666666667,5
Eggplants,Galle,2024-06-15,550.0,235.0,235.0,235.83,235.27666666666667,6
Eggplants,Galle,2024-07-15,340.0,550.0,235.0,235.0,340.0,7
Eggplants,Galle,2024-08-15,328.75,340.0,550.0,235.0,375.0,8
Eggplants,Galle,2024-09-15,351.0,328.75,340.0,550.0,406.25,9
Eggplants,Galle,2024-10-15,230.0,351.0,328.75,340.0,339.9166666666667,10
Eggplants,Galle,2024-11-15,322.5,230.0,351.0,328.75,303.25,11
Eggplants,Galle,2024-12-15,427.67,322.5,230.0,351.0,301.1666666666667,12
Eggplants,Galle,2025-01-15,369.58,427.67,322.5,230.0,326.72333333333336,1
Eggplants,Galle,2025-02-15,517.5,369.58,427.67,322.5,373.25,2
Eggplants,Galle,2025-03-15,397.0,517.5,369.58,427.67,438.25,3
Eggplants,Galle,2025-04-15,633.89,397.0,517.5,369.58,428.02666666666664,4
Eggplants,Galle,2025-05-15,559.17,633.89,397.0,517.5,516.13,5
Eggplants,Galle,2025-06-15,458.0,559.17,633.89,397.0,530.02,6
Eggplants,Galle,2025-07-15,390.0,458.0,559.17,633.89,550.3533333333334,7
Eggplants,Galle,2025-08-15,456.25,390.0,458.0,559.17,469.0566666666667,8
Eggplants,Galle,2025-09-15,412.0,456.25,390.0,458.0,434.75,9
Eggplants,Gampaha,2023-09-15,366.25,411.88,431.6,367.25,403.57666666666665,9
Eggplants,Gampaha,2023-10-15,414.5,366.25,411.88,431.6,403.24333333333334,10
Eggplants,Gampaha,2023-11-15,467.5,414.5,366.25,411.88,397.54333333333335,11
Eggplants,Gampaha,2023-12-15,575.0,467.5,414.5,366.25,416.0833333333333,12
Eggplants,Gampaha,2024-01-15,729.0,575.0,467.5,414.5,485.6666666666667,1
Eggplants,Gampaha,2024-02-15,415.0,729.0,575.0,467.5,590.5,2
Eggplants,Gampaha,2024-07-15,332.0,415.0,729.0,575.0,573.0,7
Eggplants,Gampaha,2024-08-15,346.75,332.0,415.0,729.0,492.0,8
Eggplants,Gampaha,2024-09-15,343.67,346.75,332.0,415.0,364.5833333333333,9
Eggplants,Gampaha,2024-10-15,323.33,343.67,346.75,332.0,340.8066666666667,10
Eggplants,Gampaha,2024-11-15,357.92,323.33,343.67,346.75,337.9166666666667,11
Eggplants,Gampaha,2024-12-15,484.0,357.92,323.33,343.67,341.64000000000004,12
Eggplants,Gampaha,2025-01-15,491.67,484.0,357.92,323.33,388.4166666666667,1
Eggplants,Gampaha,2025-02-15,527.22,491.67,484.0,357.92,444.53000000000003,2
Eggplants,Gampaha,2025-03-15,376.67,527.22,491.67,484.0,500.9633333333333,3
Eggplants,Gampaha,2025-04-15,543.89,376.67,527.22,491.67,465.18666666666667,4
Eggplants,Gampaha,2025-05-15,584.58,543.89,376.67,527.22,482.5933333333334,5
Eggplants,Gampaha,2025-06-15,529.67,584.58,543.89,376.67,501.71333333333337,6
Eggplants,Gampaha,2025-07-15,477.08,529.67,584.58,543.89,552.7133333333333,7
Eggplants,Gampaha,2025-08-15,497.71,477.08,529.67,584.58,530.4433333333334,8
Eggplants,Gampaha,2025-09-15,436.17,497.71,477.08,529.67,501.4866666666667,9
Eggplants,Hambantota,2023-09-15,285.83,280.0,315.86,318.84,304.90000000000003,9
Eggplants,Hambantota,2023-10-15,338.67,285.83,280.0,315.86,293.8966666666667,10
Eggplants,Hambantota,2023-11-15,437.92,338.67,285.83,280.0,301.5,11
Eggplants,Hambantota,2023-12-15,505.83,437.92,338.67,285.83,354.14000000000004,12
Eggplants,Hambantota,2024-01-15,549.71,505.83,437.92,338.67,427.47333333333336,1
Eggplants,Hambantota,2024-02-15,298.33,549.71,505.83,437.92,497.82,2
Eggplants,Hambantota,2024-03-15,240.83,298.33,549.71,505.83,451.28999999999996,3
Eggplants,Hambantota,2024-04-15,243.75,240.83,298.33,549.71,362.9566666666667,4
Eggplants,Hambantota,2024-05-15,242.5,243.75,240.83,298.33,260.96999999999997,5
Eggplants,Hambantota,2024-06-15,416.67,242.5,243.75,240.83,242.36,6
Eggplants,Hambantota,2024-07-15,277.5,416.67,242.5,243.75,300.9733333333333,7
Eggplants,Hambantota,2024-08-15,288.5,277.5,416.67,242.5,312.2233333333333,8
Eggplants,Hambantota,2024-09-15,294.2,288.5,277.5,416.67,327.5566666666667,9
Eggplants,Hambantota,2024-10-15,232.0,294.2,288.5,277.5,286.73333333333335,10
Eggplants,Hambantota,2024-11-15,312.5,232.0,294.2,288.5,271.56666666666666,11
Eggplants,Hambantota,2024-12-15,354.8,312.5,232.0,294.2,279.56666666666666,12
Eggplants,Hambantota,2025-01-15,396.0,354.8,312.5,232.0,299.76666666666665,1
Eggplants,Hambantota,2025-02-15,447.5,396.0,354.8,312.5,354.43333333333334,2
Eggplants,Hambantota,2025-03-15,369.6,447.5,396.0,354.8,399.43333333333334,3
Eggplants,Hambantota,2025-04-15,510.62,369.6,447.5,396.0,404.3666666666666,4
Eggplants,Hambantota,2025-05-15,510.62,510.62,369.6,447.5,442.5733333333333,5
Eggplants,Hambantota,2025-08-15,406.5,510.62,510.62,369.6,463.6133333333334,8
Eggplants,Hambantota,2025-09-15,355.6,406.5,510.62,510.62,475.91333333333336,9
Eggplants,Hanguranketha,2023-09-15,253.88,276.5,341.2,302.25,306.65000000000003,9
Eggplants,Hanguranketha,2023-10-15,284.8,253.88,276.5,341.2,290.52666666666664,10
Eggplants,Hanguranketha,2023-11-15,342.0,284.8,253.88,276.5,271.72666666666663,11
Eggplants,Hanguranketha,2023-12-15,371.0,342.0,284.8,253.88,293.56,12
Eggplants,Hanguranketha,2024-01-15,584.8,371.0,342.0,284.8,332.59999999999997,1
Eggplants,Hanguranketha,2024-02-15,319.5,584.8,371.0,342.0,432.59999999999997,2
Eggplants,Hanguranketha,2024-03-15,263.5,319.5,584.8,371.0,425.09999999999997,3
Eggplants,Hanguranketha,2024-04-15,209.2,263.5,319.5,584.8,389.26666666666665,4
Eggplants,Hanguranketha,2024-05-15,226.0,209.2,263.5,319.5,264.06666666666666,5
Eggplants,Hanguranketha,2024-06-15,366.0,226.0,209.2,263.5,232.9,6
Eggplants,Hanguranketha,2024-07-15,224.0,366.0,226.0,209.2,267.06666666666666,7
Eggplants,Hanguranketha,2024-08-15,209.0,224.0,366.0,226.0,272.0,8
Eggplants,Hanguranketha,2024-09-15,190.4,209.0,224.0,366.0,266.3333333333333,9
Eggplants,Hanguranketha,2024-10-15,158.88,190.4,209.0,224.0,207.79999999999998,10
Eggplants,Hanguranketha,2024-11-15,202.0,158.88,190.4,209.0,186.09333333333333,11
Eggplants,Hanguranketha,2024-12-15,286.6,202.0,158.88,190.4,183.76,12
Eggplants,Hanguranketha,2025-01-15,322.17,286.6,202.0,158.88,215.82666666666668,1
Eggplants,Hanguranketha,2025-02-15,436.33,322.17,286.6,202.0,270.25666666666666,2
Eggplants,Hanguranketha,2025-03-15,264.4,436.33,322.17,286.6,348.3666666666666,3
Eggplants,Hanguranketha,2025-04-15,462.92,264.4,436.33,322.17,340.96666666666664,4
Eggplants,Hanguranketha,2025-05-15,440.0,462.92,264.4,436.33,387.8833333333334,5
Eggplants,Hanguranketha,2025-08-15,321.25,440.0,462.92,264.4,389.1066666666666,8
Eggplants,Hanguranketha,2025-09-15,246.0,321.25,440.0,462.92,408.0566666666667,9
Eggplants,Jaffna,2023-09-15,202.33,226.67,271.0,248.33,248.66666666666666,9
Eggplants,Jaffna,2023-10-15,221.8,202.33,226.67,271.0,233.33333333333334,10
Eggplants,Jaffna,2023-11-15,336.5,221.8,202.33,226.67,216.9333333333333,11
Eggplants,Jaffna,2023-12-15,499.25,336.5,221.8,202.33,253.54333333333338,12
Eggplants,Jaffna,2024-01-15,696.0,499.25,336.5,221.8,352.51666666666665,1
Eggplants,Jaffna,2024-02-15,340.0,696.0,499.25,336.5,510.5833333333333,2
Eggplants,Jaffna,2024-03-15,162.0,340.0,696.0,499.25,511.75,3
Eggplants,Jaffna,2024-04-15,125.6,162.0,340.0,696.0,399.3333333333333,4
Eggplants,Jaffna,2024-05-15,191.5,125.6,162.0,340.0,209.20000000000002,5
Eggplants,Jaffna,2024-06-15,442.5,191.5,125.6,162.0,159.70000000000002,6
Eggplants,Jaffna,2024-07-15,263.0,442.5,191.5,125.6,253.20000000000002,7
Eggplants,Jaffna,2024-08-15,231.5,263.0,442.5,191.5,299.0,8
Eggplants,Jaffna,2024-09-15,202.4,231.5,263.0,442.5,312.3333333333333,9
Eggplants,Jaffna,2024-10-15,243.5,202.4,231.5,263.0,232.29999999999998,10
Eggplants,Jaffna,2024-11-15,255.0,243.5,202.4,231.5,225.79999999999998,11
Eggplants,Jaffna,2024-12-15,548.8,255.0,243.5,202.4,233.63333333333333,12
Eggplants,Jaffna,2025-01-15,299.0,548.8,255.0,243.5,349.09999999999997,1
Eggplants,Jaffna,2025-02-15,546.5,299.0,548.8,255.0,367.59999999999997,2
Eggplants,Jaffna,2025-03-15,151.0,546.5,299.0,548.8,464.76666666666665,3
Eggplants,Jaffna,2025-06-15,330.0,151.0,546.5,299.0,332.1666666666667,6
Eggplants,Jaffna,2025-07-15,247.0,330.0,151.0,546.5,342.5,7
Eggplants,Jaffna,2025-08-15,159.5,247.0,330.0,151.0,242.66666666666666,8
Eggplants,Jaffna,2025-09-15,217.2,159.5,247.0,330.0,245.5,9
Eggplants,Kalutara,2023-09-15,345.0,327.0,397.6,400.5,375.0333333333333,9
Eggplants,Kalutara,2023-10-15,399.2,345.0,327.0,397.6,356.5333333333333,10
Eggplants,Kalutara,2023-11-15,414.0,399.2,345.0,327.0,357.06666666666666,11
Eggplants,Kalutara,2023-12-15,501.5,414.0,399.2,345.0,386.06666666666666,12
Eggplants,Kalutara,2024-01-15,639.2,501.5,414.0,399.2,438.23333333333335,1
Eggplants,Kalutara,2024-02-15,361.0,639.2,501.5,414.0,518.2333333333333,2
Eggplants,Kalutara,2024-03-15,281.0,361.0,639.2,501.5,500.56666666666666,3
Eggplants,Kalutara,2024-04-15,273.2,281.0,361.0,639.2,427.06666666666666,4
Eggplants,Kalutara,2024-05-15,315.0,273.2,281.0,361.0,305.06666666666666,5
Eggplants,Kalutara,2024-06-15,483.0,315.0,273.2,281.0,289.73333333333335,6
Eggplants,Kalutara,2024-07-15,356.0,483.0,315.0,273.2,357.06666666666666,7
Eggplants,Kalutara,2024-09-15,410.5,356.0,483.0,315.0,384.6666666666667,9
Eggplants,Kalutara,2024-10-15,356.5,410.5,356.0,483.0,416.5,10
Eggplants,Kalutara,2024-11-15,358.0,356.5,410.5,356.0,374.3333333333333,11
Eggplants,Kalutara,2024-12-15,475.2,358.0,356.5,410.5,375.0,12
Eggplants,Kalutara,2025-01-15,404.88,475.2,358.0,356.5,396.5666666666666,1
Eggplants,Kalutara,2025-02-15,438.0,404.88,475.2,358.0,412.6933333333333,2
Eggplants,Kalutara,2025-03-15,358.0,438.0,404.88,475.2,439.35999999999996,3
Eggplants,Kalutara,2025-04-15,596.0,358.0,438.0,404.88,400.29333333333335,4
Eggplants,Kalutara,2025-05-15,564.33,596.0,358.0,438.0,464.0,5
Eggplants,Kalutara,2025-06-15,474.8,564.33,596.0,358.0,506.10999999999996,6
Eggplants,Kalutara,2025-07-15,401.0,474.8,564.33,596.0,545.0433333333334,7
Eggplants,Kalutara,2025-08-15,409.0,401.0,474.8,564.33,480.04333333333335,8
Eggplants,Kalutara,2025-09-15,381.87,409.0,401.0,474.8,428.26666666666665,9
Eggplants,Kandy,2023-09-15,304.0,401.5,500.8,417.0,439.76666666666665,9
Eggplants,Kandy,2023-10-15,306.0,304.0,401.5,500.8,402.09999999999997,10
Eggplants,Kandy,2023-11-15,420.5,306.0,304.0,401.5,337.1666666666667,11
Eggplants,Kandy,2023-12-15,526.0,420.5,306.0,304.0,343.5,12
Eggplants,Kandy,2024-01-15,704.0,526.0,420.5,306.0,417.5,1
Eggplants,Kandy,2024-02-15,391.0,704.0,526.0,420.5,550.1666666666666,2
Eggplants,Kandy,2024-03-15,299.0,391.0,704.0,526.0,540.3333333333334,3
Eggplants,Kandy,2024-04-15,242.4,299.0,391.0,704.0,464.6666666666667,4
Eggplants,Kandy,2024-05-15,230.0,242.4,299.0,391.0,310.8,5
Eggplants,Kandy,2024-06-15,411.5,230.0,242.4,299.0,257.1333333333333,6
Eggplants,Kandy,2024-07-15,319.6,411.5,230.0,242.4,294.6333333333333,7
Eggplants,Kandy,2024-08-15,290.0,319.6,411.5,230.0,320.3666666666667,8
Eggplants,Kandy,2024-09-15,281.6,290.0,319.6,411.5,340.3666666666667,9
Eggplants,Kandy,2024-10-15,209.0,281.6,290.0,319.6,297.06666666666666,10
Eggplants,Kandy,2024-11-15,257.0,209.0,281.6,290.0,260.2,11
Eggplants,Kandy,2024-12-15,418.4,257.0,209.0,281.6,249.20000000000002,12
Eggplants,Kandy,2025-01-15,499.0,418.4,257.0,209.0,294.8,1
Eggplants,Kandy,2025-02-15,627.0,499.0,418.4,257.0,391.4666666666667,2
Eggplants,Kandy,2025-03-15,339.2,627.0,499.0,418.4,514.8000000000001,3
Eggplants,Kandy,2025-04-15,547.5,339.2,627.0,499.0,488.3999999999999,4
Eggplants,Kandy,2025-05-15,480.0,547.5,339.2,627.0,504.5666666666666,5
Eggplants,Kandy,2025-06-15,426.4,480.0,547.5,339.2,455.5666666666666,6
Eggplants,Kandy,2025-07-15,392.0,426.4,480.0,547.5,484.63333333333327,7
Eggplants,Kandy,2025-08-15,336.0,392.0,426.4,480.0,432.79999999999995,8
Eggplants,Kandy,2025-09-15,294.4,336.0,392.0,426.4,384.79999999999995,9
Eggplants,Kegalle,2023-09-15,327.0,350.5,357.2,389.0,365.56666666666666,9
Eggplants,Kegalle,2023-10-15,358.4,327.0,350.5,357.2,344.90000000000003,10
Eggplants,Kegalle,2023-11-15,462.0,358.4,327.0,350.5,345.29999999999995,11
Eggplants,Kegalle,2023-12-15,518.0,462.0,358.4,327.0,382.46666666666664,12
Eggplants,Kegalle,2024-01-15,680.8,518.0,462.0,358.4,446.13333333333327,1
Eggplants,Kegalle,2024-02-15,350.0,680.8,518.0,462.0,553.6,2
Eggplants,Kegalle,2024-03-15,294.0,350.0,680.8,518.0,516.2666666666667,3
Eggplants,Kegalle,2024-04-15,252.0,294.0,350.0,680.8,441.59999999999997,4
Eggplants,Kegalle,2024-05-15,310.0,252.0,294.0,350.0,298.6666666666667,5
Eggplants,Kegalle,2024-06-15,310.0,310.0,252.0,294.0,285.3333333333333,6
Eggplants,Kegalle,2024-07-15,340.0,310.0,310.0,252.0,290.6666666666667,7
Eggplants,Kegalle,2024-08-15,348.0,340.0,310.0,310.0,320.0,8
Eggplants,Kegalle,2024-09-15,320.0,348.0,340.0,310.0,332.6666666666667,9
Eggplants,Kegalle,2024-10-15,276.0,320.0,348.0,340.0,336.0,10
Eggplants,Kegalle,2024-11-15,336.0,276.0,320.0,348.0,314.6666666666667,11
Eggplants,Kegalle,2024-12-15,470.4,336.0,276.0,320.0,310.6666666666667,12
Eggplants,Kegalle,2025-01-15,416.0,470.4,336.0,276.0,360.8,1
Eggplants,Kegalle,2025-02-15,606.0,416.0,470.4,336.0,407.4666666666667,2
Eggplants,Kegalle,2025-03-15,334.4,606.0,416.0,470.4,497.4666666666667,3
Eggplants,Kegalle,2025-04-15,509.33,334.4,606.0,416.0,452.1333333333334,4
Eggplants,Kegalle,2025-05-15,516.0,509.33,334.4,606.0,483.24333333333334,5
Eggplants,Kegalle,2025-06-15,432.0,516.0,509.33,334.4,453.24333333333334,6
Eggplants,Kegalle,2025-07-15,386.0,432.0,516.0,509.33,485.77666666666664,7
Eggplants,Kegalle,2025-08-15,416.0,386.0,432.0,516.0,444.6666666666667,8
Eggplants,Kegalle,2025-09-15,368.0,416.0,386.0,432.0,411.3333333333333,9
Eggplants,Keppetipola (DEC},2023-09-15,256.5,288.0,336.4,285.5,303.3,9
Eggplants,Keppetipola (DEC},2023-10-15,248.0,256.5,288.0,336.4,293.6333333333333,10
Eggplants,Keppetipola (DEC},2023-11-15,301.5,248.0,256.5,288.0,264.1666666666667,11
Eggplants,Keppetipola (DEC},2023-12-15,403.5,301.5,248.0,256.5,268.6666666666667,12
Eggplants,Keppetipola (DEC},2024-01-15,555.2,403.5,301.5,248.0,317.6666666666667,1
Eggplants,Keppetipola (DEC},2024-02-15,334.0,555.2,403.5,301.5,420.06666666666666,2
Eggplants,Keppetipola (DEC},2024-03-15,250.0,334.0,555.2,403.5,430.90000000000003,3
Eggplants,Keppetipola (DEC},2024-04-15,221.6,250.0,334.0,555.2,379.73333333333335,4
Eggplants,Keppetipola (DEC},2024-05-15,176.0,221.6,250.0,334.0,268.53333333333336,5
Eggplants,Keppetipola (DEC},2024-06-15,380.5,176.0,221.6,250.0,215.86666666666667,6
Eggplants,Keppetipola (DEC},2024-07-15,251.6,380.5,176.0,221.6,259.3666666666667,7
Eggplants,Keppetipola (DEC},2024-08-15,266.5,251.6,380.5,176.0,269.3666666666667,8
Eggplants,Keppetipola (DEC},2024-09-15,266.0,266.5,251.6,380.5,299.53333333333336,9
Eggplants,Keppetipola (DEC},2024-10-15,209.5,266.0,266.5,251.6,261.3666666666667,10
Eggplants,Keppetipola (DEC},2024-11-15,223.0,209.5,266.0,266.5,247.33333333333334,11
Eggplants,Keppetipola (DEC},2024-12-15,311.6,223.0,209.5,266.0,232.83333333333334,12
Eggplants,Keppetipola (DEC},2025-01-15,326.0,311.6,223.0,209.5,248.03333333333333,1
Eggplants,Keppetipola (DEC},2025-02-15,472.5,326.0,311.6,223.0,286.8666666666667,2
Eggplants,Keppetipola (DEC},2025-03-15,285.2,472.5,326.0,311.6,370.0333333333333,3
Eggplants,Keppetipola (DEC},2025-04-15,501.0,285.2,472.5,326.0,361.23333333333335,4
Eggplants,Keppetipola (DEC},2025-05-15,396.25,501.0,285.2,472.5,419.56666666666666,5
Eggplants,Keppetipola (DEC},2025-06-15,355.1,396.25,501.0,285.2,394.15000000000003,6
Eggplants,Keppetipola (DEC},2025-07-15,328.5,355.1,396.25,501.0,417.45,7
Eggplants,Keppetipola (DEC},2025-08-15,358.5,328.5,355.1,396.25,359.95,8
Eggplants,Keppetipola (DEC},2025-09-15,274.5,358.5,328.5,355.1,347.3666666666666,9
Eggplants,Kilinochchi,2023-09-15,267.0,287.0,349.2,271.0,302.40000000000003,9
Eggplants,Kilinochchi,2023-10-15,298.4,267.0,287.0,349.2,301.06666666666666,10
Eggplants,Kilinochchi,2023-11-15,415.5,298.4,267.0,287.0,284.13333333333327,11
Eggplants,Kilinochchi,2023-12-15,540.0,415.5,298.4,267.0,326.96666666666664,12
Eggplants,Kilinochchi,2024-01-15,728.8,540.0,415.5,298.4,417.96666666666664,1
Eggplants,Kilinochchi,2024-02-15,410.5,728.8,540.0,415.5,561.4333333333333,2
Eggplants,Kilinochchi,2024-03-15,276.5,410.5,728.8,540.0,559.7666666666667,3
Eggplants,Kilinochchi,2024-04-15,205.4,276.5,410.5,728.8,471.93333333333334,4
Eggplants,Kilinochchi,2024-05-15,232.0,205.4,276.5,410.5,297.46666666666664,5
Eggplants,Kilinochchi,2024-06-15,232.0,232.0,205.4,276.5,237.96666666666667,6
Eggplants,Kilinochchi,2024-07-15,354.4,232.0,232.0,205.4,223.13333333333333,7
Eggplants,Kilinochchi,2024-08-15,287.5,354.4,232.0,232.0,272.8,8
Eggplants,Kilinochchi,2024-09-15,300.8,287.5,354.4,232.0,291.3,9
Eggplants,Kilinochchi,2024-10-15,273.5,300.8,287.5,354.4,314.23333333333335,10
Eggplants,Kilinochchi,2024-11-15,331.5,273.5,300.8,287.5,287.26666666666665,11
Eggplants,Kilinochchi,2024-12-15,545.2,331.5,273.5,300.8,301.93333333333334,12
Eggplants,Kilinochchi,2025-01-15,421.0,545.2,331.5,273.5,383.40000000000003,1
Eggplants,Kilinochchi,2025-02-15,652.5,421.0,545.2,331.5,432.56666666666666,2
Eggplants,Kilinochchi,2025-03-15,305.6,652.5,421.0,545.2,539.5666666666667,3
Eggplants,Kilinochchi,2025-04-15,540.5,305.6,652.5,421.0,459.7,4
Eggplants,Kilinochchi,2025-05-15,540.0,540.5,305.6,652.5,499.5333333333333,5
Eggplants,Kilinochchi,2025-06-15,484.0,540.0,540.5,305.6,462.0333333333333,6
Eggplants,Kilinochchi,2025-09-15,278.8,484.0,540.0,540.5,521.5,9
Eggplants,Kurunegala,2023-09-15,343.0,373.0,408.0,406.5,395.8333333333333,9
Eggplants,Kurunegala,2023-10-15,352.8,343.0,373.0,408.0,374.6666666666667,10
Eggplants,Kurunegala,2023-11-15,431.0,352.8,343.0,373.0,356.26666666666665,11
Eggplants,Kurunegala,2023-12-15,512.25,431.0,352.8,343.0,375.59999999999997,12
Eggplants,Kurunegala,2024-01-15,660.17,512.25,431.0,352.8,432.01666666666665,1
Eggplants,Kurunegala,2024-02-15,355.88,660.17,512.25,431.0,534.4733333333334,2
Eggplants,Kurunegala,2024-03-15,290.0,355.88,660.17,512.25,509.43333333333334,3
Eggplants,Kurunegala,2024-04-15,304.0,290.0,355.88,660.17,435.34999999999997,4
Eggplants,Kurunegala,2024-05-15,304.25,304.0,290.0,355.88,316.62666666666667,5
Eggplants,Kurunegala,2024-06-15,536.0,304.25,304.0,290.0,299.4166666666667,6
Eggplants,Kurunegala,2024-09-15,301.25,536.0,304.25,304.0,381.4166666666667,9
Eggplants,Kurunegala,2024-10-15,288.75,301.25,536.0,304.25,380.5,10
Eggplants,Kurunegala,2024-11-15,334.17,288.75,301.25,536.0,375.3333333333333,11
Eggplants,Kurunegala,2024-12-15,491.33,334.17,288.75,301.25,308.0566666666667,12
Eggplants,Kurunegala,2025-01-15,526.25,491.33,334.17,288.75,371.4166666666667,1
Eggplants,Kurunegala,2025-02-15,539.58,526.25,491.33,334.17,450.5833333333333,2
Eggplants,Kurunegala,2025-03-15,373.0,539.58,526.25,491.33,519.0533333333333,3
Eggplants,Kurunegala,2025-04-15,539.17,373.0,539.58,526.25,479.60999999999996,4
Eggplants,Kurunegala,2025-05-15,569.17,539.17,373.0,539.58,483.9166666666667,5
Eggplants,Kurunegala,2025-06-15,442.5,569.17,539.17,373.0,493.78,6
Eggplants,Kurunegala,2025-07-15,471.25,442.5,569.17,539.17,516.9466666666666,7
Eggplants,Kurunegala,2025-08-15,405.42,471.25,442.5,569.17,494.3066666666667,8
Eggplants,Kurunegala,2025-09-15,414.83,405.42,471.25,442.5,439.72333333333336,9
Eggplants,Mannar,2023-09-15,304.0,310.5,371.6,365.5,349.2,9
Eggplants,Mannar,2023-10-15,353.2,304.0,310.5,371.6,328.7,10
Eggplants,Mannar,2023-11-15,463.0,353.2,304.0,310.5,322.56666666666666,11
Eggplants,Mannar,2023-12-15,584.0,463.0,353.2,304.0,373.40000000000003,12
Eggplants,Mannar,2024-01-15,745.2,584.0,463.0,353.2,466.73333333333335,1
Eggplants,Mannar,2024-02-15,414.5,745.2,584.0,463.0,597.4,2
Eggplants,Mannar,2024-03-15,258.0,414.5,745.2,584.0,581.2333333333333,3
Eggplants,Mannar,2024-04-15,135.11,258.0,414.5,745.2,472.56666666666666,4
Eggplants,Mannar,2024-05-15,222.0,135.11,258.0,414.5,269.2033333333333,5
Eggplants,Mannar,2024-06-15,222.0,222.0,135.11,258.0,205.03666666666666,6
Eggplants,Mannar,2024-07-15,365.0,222.0,222.0,135.11,193.03666666666666,7
Eggplants,Mannar,2024-08-15,300.5,365.0,222.0,222.0,269.6666666666667,8
Eggplants,Mannar,2024-09-15,278.8,300.5,365.0,222.0,295.8333333333333,9
Eggplants,Mannar,2024-10-15,284.0,278.8,300.5,365.0,314.76666666666665,10
Eggplants,Mannar,2024-11-15,415.0,284.0,278.8,300.5,287.76666666666665,11
Eggplants,Mannar,2024-12-15,551.2,415.0,284.0,278.8,325.93333333333334,12
Eggplants,Mannar,2025-01-15,477.5,551.2,415.0,284.0,416.73333333333335,1
Eggplants,Mannar,2025-06-15,499.0,477.5,551.2,415.0,481.23333333333335,6
Eggplants,Mannar,2025-07-15,365.0,499.0,477.5,551.2,509.23333333333335,7
Eggplants,Mannar,2025-08-15,281.88,365.0,499.0,477.5,447.1666666666667,8
Eggplants,Mannar,2025-09-15,366.5,281.88,365.0,499.0,381.96000000000004,9
Eggplants,Matale,2023-09-15,350.0,373.0,420.8,340.0,377.93333333333334,9
Eggplants,Matale,2023-10-15,348.8,350.0,373.0,420.8,381.26666666666665,10
Eggplants,Matale,2023-11-15,408.0,348.8,350.0,373.0,357.2666666666667,11
Eggplants,Matale,2023-12-15,472.0,408.0,348.8,350.0,368.9333333333334,12
Eggplants,Matale,2024-01-15,712.0,472.0,408.0,348.8,409.6000000000001,1
Eggplants,Matale,2024-02-15,370.0,712.0,472.0,408.0,530.6666666666666,2
Eggplants,Matale,2024-03-15,258.0,370.0,712.0,472.0,518.0,3
Eggplants,Matale,2024-04-15,248.0,258.0,370.0,712.0,446.6666666666667,4
Eggplants,Matale,2024-05-15,260.0,248.0,258.0,370.0,292.0,5
Eggplants,Matale,2024-06-15,260.0,260.0,248.0,258.0,255.33333333333334,6
Eggplants,Matale,2024-07-15,319.2,260.0,260.0,248.0,256.0,7
Eggplants,Matale,2024-08-15,306.0,319.2,260.0,260.0,279.73333333333335,8
Eggplants,Matale,2024-09-15,304.0,306.0,319.2,260.0,295.06666666666666,9
Eggplants,Matale,2024-10-15,225.0,304.0,306.0,319.2,309.73333333333335,10
Eggplants,Matale,2024-11-15,281.0,225.0,304.0,306.0,278.3333333333333,11
Eggplants,Matale,2024-12-15,401.6,281.0,225.0,304.0,270.0,12
Eggplants,Matale,2025-01-15,364.67,401.6,281.0,225.0,302.53333333333336,1
Eggplants,Matale,2025-02-15,534.0,364.67,401.6,281.0,349.09,2
Eggplants,Matale,2025-03-15,347.2,534.0,364.67,401.6,433.42333333333335,3
Eggplants,Matale,2025-04-15,573.5,347.2,534.0,364.67,415.28999999999996,4
Eggplants,Matale,2025-05-15,464.0,573.5,347.2,534.0,484.8999999999999,5
Eggplants,Matale,2025-06-15,460.8,464.0,573.5,347.2,461.5666666666666,6
Eggplants,Matale,2025-07-15,424.0,460.8,464.0,573.5,499.4333333333332,7
Eggplants,Matale,2025-08-15,388.0,424.0,460.8,464.0,449.5999999999999,8
Eggplants,Matale,2025-09-15,368.0,388.0,424.0,460.8,424.2666666666666,9
Eggplants,Matara,2023-09-15,333.12,277.5,328.5,331.25,312.4166666666667,9
Eggplants,Matara,2023-10-15,365.5,333.12,277.5,328.5,313.04,10
Eggplants,Matara,2023-11-15,460.0,365.5,333.12,277.5,325.37333333333333,11
Eggplants,Matara,2023-12-15,525.0,460.0,365.5,333.12,386.20666666666665,12
Eggplants,Matara,2024-01-15,610.83,525.0,460.0,365.5,450.1666666666667,1
Eggplants,Matara,2024-02-15,320.0,610.83,525.0,460.0,531.9433333333333,2
Eggplants,Matara,2024-03-15,241.25,320.0,610.83,525.0,485.27666666666664,3
Eggplants,Matara,2024-04-15,250.5,241.25,320.0,610.83,390.6933333333333,4
Eggplants,Matara,2024-05-15,263.75,250.5,241.25,320.0,270.5833333333333,5
Eggplants,Matara,2024-06-15,516.25,263.75,250.5,241.25,251.83333333333334,6
Eggplants,Matara,2024-07-15,300.0,516.25,263.75,250.5,343.5,7
Eggplants,Matara,2024-08-15,301.25,300.0,516.25,263.75,360.0,8
Eggplants,Matara,2024-09-15,306.0,301.25,300.0,516.25,372.5,9
Eggplants,Matara,2024-10-15,255.42,306.0,301.25,300.0,302.4166666666667,10
Eggplants,Matara,2024-11-15,321.25,255.42,306.0,301.25,287.5566666666667,11
Eggplants,Matara,2024-12-15,390.0,321.25,255.42,306.0,294.2233333333333,12
Eggplants,Matara,2025-01-15,375.21,390.0,321.25,255.42,322.2233333333333,1
Eggplants,Matara,2025-02-15,525.0,375.21,390.0,321.25,362.15333333333336,2
Eggplants,Matara,2025-03-15,337.5,525.0,375.21,390.0,430.07,3
Eggplants,Matara,2025-04-15,575.83,337.5,525.0,375.21,412.57,4
Eggplants,Matara,2025-05-15,466.88,575.83,337.5,525.0,479.4433333333333,5
Eggplants,Matara,2025-06-15,433.5,466.88,575.83,337.5,460.07,6
Eggplants,Matara,2025-07-15,383.75,433.5,466.88,575.83,492.07,7
Eggplants,Matara,2025-08-15,423.75,383.75,433.5,466.88,428.04333333333335,8
Eggplants,Matara,2025-09-15,366.0,423.75,383.75,433.5,413.6666666666667,9
Eggplants,Meegoda(DEC),2023-09-15,368.0,383.5,462.67,366.0,404.0566666666667,9
Eggplants,Meegoda(DEC),2023-10-15,444.0,368.0,383.5,462.67,404.72333333333336,10
Eggplants,Meegoda(DEC),2023-11-15,484.0,444.0,368.0,383.5,398.5,11
Eggplants,Meegoda(DEC),2023-12-15,514.0,484.0,444.0,368.0,432.0,12
Eggplants,Meegoda(DEC),2024-01-15,658.8,514.0,484.0,444.0,480.6666666666667,1
Eggplants,Meegoda(DEC),2024-02-15,341.5,658.8,514.0,484.0,552.2666666666667,2
Eggplants,Meegoda(DEC),2024-03-15,285.0,341.5,658.8,514.0,504.76666666666665,3
Eggplants,Meegoda(DEC),2024-04-15,253.2,285.0,341.5,658.8,428.43333333333334,4
Eggplants,Meegoda(DEC),2024-05-15,306.0,253.2,285.0,341.5,293.23333333333335,5
Eggplants,Meegoda(DEC),2024-06-15,532.0,306.0,253.2,285.0,281.40000000000003,6
Eggplants,Meegoda(DEC),2024-07-15,353.6,532.0,306.0,253.2,363.73333333333335,7
Eggplants,Meegoda(DEC),2024-08-15,350.5,353.6,532.0,306.0,397.2,8
Eggplants,Meegoda(DEC),2024-09-15,366.4,350.5,353.6,532.0,412.0333333333333,9
Eggplants,Meegoda(DEC),2024-10-15,282.5,366.4,350.5,353.6,356.8333333333333,10
Eggplants,Meegoda(DEC),2024-11-15,385.0,282.5,366.4,350.5,333.1333333333333,11
Eggplants,Meegoda(DEC),2024-12-15,464.0,385.0,282.5,366.4,344.6333333333334,12
Eggplants,Meegoda(DEC),2025-01-15,383.0,464.0,385.0,282.5,377.1666666666667,1
Eggplants,Meegoda(DEC),2025-02-15,580.0,383.0,464.0,385.0,410.6666666666667,2
Eggplants,Meegoda(DEC),2025-03-15,367.2,580.0,383.0,464.0,475.6666666666667,3
Eggplants,Meegoda(DEC),2025-04-15,549.33,367.2,580.0,383.0,443.40000000000003,4
Eggplants,Meegoda(DEC),2025-05-15,554.0,549.33,367.2,580.0,498.8433333333333,5
Eggplants,Meegoda(DEC),2025-06-15,518.4,554.0,549.33,367.2,490.1766666666667,6
Eggplants,Meegoda(DEC),2025-07-15,458.0,518.4,554.0,549.33,540.5766666666667,7
Eggplants,Meegoda(DEC),2025-08-15,465.0,458.0,518.4,554.0,510.1333333333334,8
Eggplants,Meegoda(DEC),2025-09-15,424.4,465.0,458.0,518.4,480.4666666666667,9
Eggplants,Monaragala,2023-09-15,273.0,275.0,316.0,278.0,289.6666666666667,9
Eggplants,Monaragala,2023-10-15,333.6,273.0,275.0,316.0,288.0,10
Eggplants,Monaragala,2023-11-15,343.0,333.6,273.0,275.0,293.8666666666667,11
Eggplants,Monaragala,2023-12-15,414.5,343.0,333.6,273.0,316.53333333333336,12
Eggplants,Monaragala,2024-01-15,521.6,414.5,343.0,333.6,363.7,1
Eggplants,Monaragala,2024-02-15,339.0,521.6,414.5,343.0,426.3666666666666,2
Eggplants,Monaragala,2024-03-15,291.0,339.0,521.6,414.5,425.0333333333333,3
Eggplants,Monaragala,2024-04-15,266.4,291.0,339.0,521.6,383.8666666666666,4
Eggplants,Monaragala,2024-05-15,246.0,266.4,291.0,339.0,298.8,5
Eggplants,Monaragala,2024-06-15,383.0,246.0,266.4,291.0,267.8,6
Eggplants,Monaragala,2024-07-15,292.0,383.0,246.0,266.4,298.46666666666664,7
Eggplants,Monaragala,2024-08-15,263.0,292.0,383.0,246.0,307.0,8
Eggplants,Monaragala,2024-09-15,276.0,263.0,292.0,383.0,312.6666666666667,9
Eggplants,Monaragala,2024-10-15,206.0,276.0,263.0,292.0,277.0,10
Eggplants,Monaragala,2024-11-15,290.0,206.0,276.0,263.0,248.33333333333334,11
Eggplants,Monaragala,2024-12-15,385.6,290.0,206.0,276.0,257.3333333333333,12
Eggplants,Monaragala,2025-01-15,347.67,385.6,290.0,206.0,293.8666666666667,1
Eggplants,Monaragala,2025-02-15,471.5,347.67,385.6,290.0,341.09,2
Eggplants,Monaragala,2025-03-15,288.0,471.5,347.67,385.6,401.59,3
Eggplants,Monaragala,2025-04-15,430.67,288.0,471.5,347.67,369.0566666666667,4
Eggplants,Monaragala,2025-05-15,420.0,430.67,288.0,471.5,396.72333333333336,5
Eggplants,Monaragala,2025-06-15,368.0,420.0,430.67,288.0,379.5566666666667,6
Eggplants,Monaragala,2025-07-15,382.0,368.0,420.0,430.67,406.22333333333336,7
Eggplants,Monaragala,2025-08-15,307.0,382.0,368.0,420.0,390.0,8
Eggplants,Monaragala,2025-09-15,312.0,307.0,382.0,368.0,352.3333333333333,9
Eggplants,Mullativu,2023-09-15,240.0,252.0,296.0,248.0,265.3333333333333,9
Eggplants,Mullativu,2024-05-15,213.33,240.0,252.0,296.0,262.6666666666667,5
Eggplants,Mullativu,2024-06-15,399.0,213.33,240.0,252.0,235.11,6
Eggplants,Mullativu,2024-07-15,280.4,399.0,213.33,240.0,284.11,7
Eggplants,Mullativu,2024-08-15,262.75,280.4,399.0,213.33,297.57666666666665,8
Eggplants,Mullativu,2024-09-15,218.5,262.75,280.4,399.0,314.05,9
Eggplants,Mullativu,2024-10-15,268.0,218.5,262.75,280.4,253.88333333333333,10
Eggplants,Mullativu,2024-11-15,284.0,268.0,218.5,262.75,249.75,11
Eggplants,Mullativu,2024-12-15,529.0,284.0,268.0,218.5,256.8333333333333,12
Eggplants,Mullativu,2025-01-15,320.42,529.0,284.0,268.0,360.3333333333333,1
Eggplants,Mullativu,2025-02-15,618.5,320.42,529.0,284.0,377.8066666666667,2
Eggplants,Mullativu,2025-03-15,238.0,618.5,320.42,529.0,489.3066666666667,3
Eggplants,Mullativu,2025-04-15,480.5,238.0,618.5,320.42,392.3066666666667,4
Eggplants,Mullativu,2025-05-15,491.0,480.5,238.0,618.5,445.6666666666667,5
Eggplants,Mullativu,2025-06-15,385.4,491.0,480.5,238.0,403.1666666666667,6
Eggplants,Mullativu,2025-07-15,278.83,385.4,491.0,480.5,452.3,7
Eggplants,Mullativu,2025-08-15,232.0,278.83,385.4,491.0,385.07666666666665,8
Eggplants,Mullativu,2025-09-15,251.67,232.0,278.83,385.4,298.74333333333334,9
Eggplants,Nikaweratiya,2023-09-15,317.5,315.0,363.67,320.0,332.89000000000004,9
Eggplants,Nikaweratiya,2023-10-15,349.5,317.5,315.0,363.67,332.0566666666667,10
Eggplants,Nikaweratiya,2023-11-15,401.88,349.5,317.5,315.0,327.3333333333333,11
Eggplants,Nikaweratiya,2023-12-15,492.5,401.88,349.5,317.5,356.2933333333333,12
Eggplants,Nikaweratiya,2024-01-15,568.67,492.5,401.88,349.5,414.6266666666666,1
Eggplants,Nikaweratiya,2024-02-15,355.88,568.67,492.5,401.88,487.68333333333334,2
Eggplants,Nikaweratiya,2024-03-15,258.75,355.88,568.67,492.5,472.3500000000001,3
Eggplants,Nikaweratiya,2024-04-15,263.33,258.75,355.88,568.67,394.4333333333334,4
Eggplants,Nikaweratiya,2024-05-15,302.5,263.33,258.75,355.88,292.65333333333336,5
Eggplants,Nikaweratiya,2024-07-15,295.73,302.5,263.33,258.75,274.85999999999996,7
Eggplants,Nikaweratiya,2024-08-15,299.5,295.73,302.5,263.33,287.18666666666667,8
Eggplants,Nikaweratiya,2024-09-15,266.8,299.5,295.73,302.5,299.24333333333334,9
Eggplants,Nikaweratiya,2024-10-15,233.0,266.8,299.5,295.73,287.34333333333336,10
Eggplants,Nikaweratiya,2024-11-15,277.0,233.0,266.8,299.5,266.43333333333334,11
Eggplants,Nikaweratiya,2024-12-15,378.0,277.0,233.0,266.8,258.93333333333334,12
Eggplants,Nikaweratiya,2025-03-15,289.0,378.0,277.0,233.0,296.0,3
Eggplants,Nikaweratiya,2025-04-15,485.0,289.0,378.0,277.0,314.6666666666667,4
Eggplants,Nikaweratiya,2025-05-15,426.0,485.0,289.0,378.0,384.0,5
Eggplants,Nikaweratiya,2025-06-15,416.0,426.0,485.0,289.0,400.0,6
Eggplants,Nikaweratiya,2025-07-15,395.0,416.0,426.0,485.0,442.3333333333333,7
Eggplants,Nikaweratiya,2025-08-15,399.5,395.0,416.0,426.0,412.3333333333333,8
Eggplants,Nikaweratiya,2025-09-15,400.5,399.5,395.0,416.0,403.5,9
Eggplants,Nuwara Eliya,2023-09-15,289.5,319.5,363.6,314.67,332.59,9
Eggplants,Nuwara Eliya,2023-10-15,290.8,289.5,319.5,363.6,324.2,10
Eggplants,Nuwara Eliya,2023-11-15,362.5,290.8,289.5,319.5,299.93333333333334,11
Eggplants,Nuwara Eliya,2023-12-15,415.0,362.5,290.8,289.5,314.26666666666665,12
Eggplants,Nuwara Eliya,2024-01-15,611.2,415.0,362.5,290.8,356.09999999999997,1
Eggplants,Nuwara Eliya,2024-02-15,504.0,611.2,415.0,362.5,462.90000000000003,2
Eggplants,Nuwara Eliya,2024-03-15,283.5,504.0,611.2,415.0,510.06666666666666,3
Eggplants,Nuwara Eliya,2024-04-15,258.27,283.5,504.0,611.2,466.23333333333335,4
Eggplants,Nuwara Eliya,2024-05-15,244.5,258.27,283.5,504.0,348.59,5
Eggplants,Nuwara Eliya,2024-06-15,449.5,244.5,258.27,283.5,262.09,6
Eggplants,Nuwara Eliya,2024-07-15,305.2,449.5,244.5,258.27,317.42333333333335,7
Eggplants,Nuwara Eliya,2024-08-15,304.5,305.2,449.5,244.5,333.06666666666666,8
Eggplants,Nuwara Eliya,2024-09-15,293.5,304.5,305.2,449.5,353.06666666666666,9
Eggplants,Nuwara Eliya,2024-10-15,236.0,293.5,304.5,305.2,301.06666666666666,10
Eggplants,Nuwara Eliya,2024-11-15,275.38,236.0,293.5,304.5,278.0,11
Eggplants,Nuwara Eliya,2024-12-15,373.6,275.38,236.0,293.5,268.2933333333333,12
Eggplants,Nuwara Eliya,2025-01-15,365.0,373.6,275.38,236.0,294.99333333333334,1
Eggplants,Nuwara Eliya,2025-02-15,481.25,365.0,373.6,275.38,337.99333333333334,2
Eggplants,Nuwara Eliya,2025-03-15,321.67,481.25,365.0,373.6,406.6166666666666,3
Eggplants,Nuwara Eliya,2025-04-15,636.67,321.67,481.25,365.0,389.3066666666667,4
Eggplants,Nuwara Eliya,2025-05-15,439.17,636.67,321.67,481.25,479.8633333333333,5
Eggplants,Nuwara Eliya,2025-06-15,399.0,439.17,636.67,321.67,465.83666666666664,6
Eggplants,Nuwara Eliya,2025-07-15,405.0,399.0,439.17,636.67,491.6133333333333,7
Eggplants,Nuwara Eliya,2025-08-15,400.83,405.0,399.0,439.17,414.39000000000004,8
Eggplants,Nuwara Eliya,2025-09-15,341.5,400.83,405.0,399.0,401.60999999999996,9
Eggplants,Polonnaruwa,2023-09-15,342.5,350.88,366.0,379.5,365.46000000000004,9
Eggplants,Polonnaruwa,2023-10-15,362.0,342.5,350.88,366.0,353.1266666666667,10
Eggplants,Polonnaruwa,2023-11-15,396.0,362.0,342.5,350.88,351.79333333333335,11
Eggplants,Polonnaruwa,2023-12-15,450.0,396.0,362.0,342.5,366.8333333333333,12
Eggplants,Polonnaruwa,2024-01-15,607.6,450.0,396.0,362.0,402.6666666666667,1
Eggplants,Polonnaruwa,2024-02-15,385.0,607.6,450.0,396.0,484.5333333333333,2
Eggplants,Polonnaruwa,2024-03-15,249.0,385.0,607.6,450.0,480.8666666666666,3
Eggplants,Polonnaruwa,2024-04-15,259.2,249.0,385.0,607.6,413.8666666666666,4
Eggplants,Polonnaruwa,2024-05-15,260.67,259.2,249.0,385.0,297.73333333333335,5
Eggplants,Polonnaruwa,2024-08-15,332.0,260.67,259.2,249.0,256.29,8
Eggplants,Polonnaruwa,2024-09-15,336.4,332.0,260.67,259.2,283.95666666666665,9
Eggplants,Polonnaruwa,2024-10-15,251.0,336.4,332.0,260.67,309.69,10
Eggplants,Polonnaruwa,2024-11-15,361.5,251.0,336.4,332.0,306.46666666666664,11
Eggplants,Polonnaruwa,2024-12-15,431.2,361.5,251.0,336.4,316.3,12
Eggplants,Polonnaruwa,2025-01-15,445.5,431.2,361.5,251.0,347.90000000000003,1
Eggplants,Polonnaruwa,2025-02-15,519.5,445.5,431.2,361.5,412.73333333333335,2
Eggplants,Polonnaruwa,2025-03-15,336.4,519.5,445.5,431.2,465.40000000000003,3
Eggplants,Polonnaruwa,2025-04-15,485.25,336.4,519.5,445.5,433.8,4
Eggplants,Polonnaruwa,2025-05-15,522.5,485.25,336.4,519.5,447.05,5
Eggplants,Polonnaruwa,2025-06-15,480.0,522.5,485.25,336.4,448.05,6
Eggplants,Polonnaruwa,2025-07-15,384.0,480.0,522.5,485.25,495.9166666666667,7
Eggplants,Polonnaruwa,2025-08-15,375.0,384.0,480.0,522.5,462.1666666666667,8
Eggplants,Polonnaruwa,2025-09-15,496.67,375.0,384.0,480.0,413.0,9
Eggplants,Puttalam,2023-09-15,339.5,353.5,422.4,404.0,393.3,9
Eggplants,Puttalam,2023-10-15,398.4,339.5,353.5,422.4,371.8,10
Eggplants,Puttalam,2023-11-15,478.0,398.4,339.5,353.5,363.8,11
Eggplants,Puttalam,2023-12-15,606.0,478.0,398.4,339.5,405.3,12
Eggplants,Puttalam,2024-01-15,684.27,606.0,478.0,398.4,494.1333333333334,1
Eggplants,Puttalam,2024-02-15,389.0,684.27,606.0,478.0,589.4233333333333,2
Eggplants,Puttalam,2024-03-15,331.5,389.0,684.27,606.0,559.7566666666667,3
Eggplants,Puttalam,2024-04-15,282.4,331.5,389.0,684.27,468.25666666666666,4
Eggplants,Puttalam,2024-05-15,324.0,282.4,331.5,389.0,334.3,5
Eggplants,Puttalam,2024-06-15,324.0,324.0,282.4,331.5,312.6333333333333,6
Eggplants,Puttalam,2024-07-15,301.04,324.0,324.0,282.4,310.1333333333333,7
Eggplants,Puttalam,2024-08-15,306.0,301.04,324.0,324.0,316.34666666666664,8
Eggplants,Puttalam,2024-09-15,350.83,306.0,301.04,324.0,310.34666666666664,9
Eggplants,Puttalam,2024-10-15,308.33,350.83,306.0,301.04,319.29,10
Eggplants,Puttalam,2024-11-15,387.25,308.33,350.83,306.0,321.71999999999997,11
Eggplants,Puttalam,2024-12-15,498.33,387.25,308.33,350.83,348.8033333333333,12
Eggplants,Puttalam,2025-01-15,384.17,498.33,387.25,308.33,397.96999999999997,1
Eggplants,Puttalam,2025-02-15,612.5,384.17,498.33,387.25,423.25,2
Eggplants,Puttalam,2025-03-15,369.33,612.5,384.17,498.33,498.3333333333333,3
Eggplants,Puttalam,2025-04-15,534.17,369.33,612.5,384.17,455.3333333333333,4
Eggplants,Puttalam,2025-05-15,518.75,534.17,369.33,612.5,505.33333333333326,5
Eggplants,Puttalam,2025-06-15,412.0,518.75,534.17,369.33,474.08333333333326,6
Eggplants,Puttalam,2025-07-15,403.75,412.0,518.75,534.17,488.3066666666666,7
Eggplants,Puttalam,2025-09-15,348.33,403.75,412.0,518.75,444.83333333333326,9
Eggplants,Rathnapura,2023-09-15,339.0,342.5,342.4,351.5,345.4666666666667,9
Eggplants,Rathnapura,2023-10-15,358.67,339.0,342.5,342.4,341.3,10
Eggplants,Rathnapura,2024-01-15,649.0,358.67,339.0,342.5,346.72333333333336,1
Eggplants,Rathnapura,2024-02-15,332.0,649.0,358.67,339.0,448.89000000000004,2
Eggplants,Rathnapura,2024-03-15,229.0,332.0,649.0,358.67,446.5566666666667,3
Eggplants,Rathnapura,2024-04-15,207.2,229.0,332.0,649.0,403.3333333333333,4
Eggplants,Rathnapura,2024-05-15,235.0,207.2,229.0,332.0,256.06666666666666,5
Eggplants,Rathnapura,2024-06-15,310.0,235.0,207.2,229.0,223.73333333333335,6
Eggplants,Rathnapura,2024-07-15,285.6,310.0,235.0,207.2,250.73333333333335,7
Eggplants,Rathnapura,2024-08-15,294.5,285.6,310.0,235.0,276.8666666666666,8
Eggplants,Rathnapura,2024-09-15,289.6,294.5,285.6,310.0,296.7,9
Eggplants,Rathnapura,2024-10-15,237.0,289.6,294.5,285.6,289.90000000000003,10
Eggplants,Rathnapura,2024-11-15,287.5,237.0,289.6,294.5,273.70000000000005,11
Eggplants,Rathnapura,2024-12-15,338.0,287.5,237.0,289.6,271.36666666666673,12
Eggplants,Rathnapura,2025-01-15,365.0,338.0,287.5,237.0,287.5,1
Eggplants,Rathnapura,2025-02-15,508.0,365.0,338.0,287.5,330.1666666666667,2
Eggplants,Rathnapura,2025-03-15,306.8,508.0,365.0,338.0,403.6666666666667,3
Eggplants,Rathnapura,2025-04-15,538.71,306.8,508.0,365.0,393.26666666666665,4
Eggplants,Rathnapura,2025-05-15,458.0,538.71,306.8,508.0,451.17,5
Eggplants,Rathnapura,2025-06-15,443.6,458.0,538.71,306.8,434.50333333333333,6
Eggplants,Rathnapura,2025-07-15,366.0,443.6,458.0,538.71,480.1033333333333,7
Eggplants,Rathnapura,2025-08-15,400.5,366.0,443.6,458.0,422.5333333333333,8
Eggplants,Rathnapura,2025-09-15,339.2,400.5,366.0,443.6,403.3666666666666,9
Eggplants,Thambuttegama,2023-09-15,320.0,305.0,335.14,289.64,309.9266666666667,9
Eggplants,Thambuttegama,2023-10-15,345.33,320.0,305.0,335.14,320.0466666666667,10
Eggplants,Thambuttegama,2023-11-15,362.08,345.33,320.0,305.0,323.4433333333333,11
Eggplants,Thambuttegama,2023-12-15,462.14,362.08,345.33,320.0,342.46999999999997,12
Eggplants,Thambuttegama,2024-01-15,568.74,462.14,362.08,345.33,389.84999999999997,1
Eggplants,Thambuttegama,2024-02-15,258.04,568.74,462.14,362.08,464.32,2
Eggplants,Thambuttegama,2024-03-15,245.12,258.04,568.74,462.14,429.64000000000004,3
Eggplants,Thambuttegama,2024-04-15,230.0,245.12,258.04,568.74,357.3,4
Eggplants,Thambuttegama,2024-05-15,248.57,230.0,245.12,258.04,244.38666666666668,5
Eggplants,Thambuttegama,2024-07-15,288.33,248.57,230.0,245.12,241.23000000000002,7
Eggplants,Thambuttegama,2024-08-15,279.88,288.33,248.57,230.0,255.63333333333333,8
Eggplants,Thambuttegama,2024-09-15,354.0,279.88,288.33,248.57,272.26,9
Eggplants,Thambuttegama,2024-10-15,237.0,354.0,279.88,288.33,307.40333333333336,10
Eggplants,Thambuttegama,2024-11-15,292.0,237.0,354.0,279.88,290.29333333333335,11
Eggplants,Thambuttegama,2024-12-15,411.6,292.0,237.0,354.0,294.3333333333333,12
Eggplants,Thambuttegama,2025-01-15,315.5,411.6,292.0,237.0,313.53333333333336,1
Eggplants,Thambuttegama,2025-02-15,544.5,315.5,411.6,292.0,339.7,2
Eggplants,Thambuttegama,2025-03-15,269.2,544.5,315.5,411.6,423.8666666666666,3
Eggplants,Thambuttegama,2025-04-15,494.67,269.2,544.5,315.5,376.40000000000003,4
Eggplants,Thambuttegama,2025-05-15,500.5,494.67,269.2,544.5,436.1233333333333,5
Eggplants,Thambuttegama,2025-06-15,466.8,500.5,494.67,269.2,421.45666666666665,6
Eggplants,Thambuttegama,2025-07-15,450.62,466.8,500.5,494.67,487.3233333333333,7
Eggplants,Thambuttegama,2025-08-15,456.38,450.62,466.8,500.5,472.64000000000004,8
Eggplants,Thambuttegama,2025-09-15,415.5,456.38,450.62,466.8,457.93333333333334,9
Eggplants,Tissamaharama,2023-09-15,285.62,251.25,293.0,283.75,276.0,9
Eggplants,Tissamaharama,2023-10-15,358.0,285.62,251.25,293.0,276.62333333333333,10
Eggplants,Tissamaharama,2023-11-15,416.5,358.0,285.62,251.25,298.29,11
Eggplants,Tissamaharama,2023-12-15,417.5,416.5,358.0,285.62,353.3733333333333,12
Eggplants,Tissamaharama,2024-01-15,549.1,417.5,416.5,358.0,397.3333333333333,1
Eggplants,Tissamaharama,2024-02-15,282.12,549.1,417.5,416.5,461.0333333333333,2
Eggplants,Tissamaharama,2024-03-15,220.5,282.12,549.1,417.5,416.24,3
Eggplants,Tissamaharama,2024-04-15,226.8,220.5,282.12,549.1,350.5733333333333,4
Eggplants,Tissamaharama,2024-05-15,247.5,226.8,220.5,282.12,243.14000000000001,5
Eggplants,Tissamaharama,2024-09-15,270.83,247.5,226.8,220.5,231.6,9
Eggplants,Tissamaharama,2024-10-15,268.75,270.83,247.5,226.8,248.37666666666667,10
Eggplants,Tissamaharama,2024-11-15,331.25,268.75,270.83,247.5,262.35999999999996,11
Eggplants,Tissamaharama,2024-12-15,382.8,331.25,268.75,270.83,290.27666666666664,12
Eggplants,Tissamaharama,2025-01-15,348.75,382.8,331.25,268.75,327.59999999999997,1
Eggplants,Tissamaharama,2025-02-15,480.0,348.75,382.8,331.25,354.26666666666665,2
Eggplants,Tissamaharama,2025-03-15,306.8,480.0,348.75,382.8,403.84999999999997,3
Eggplants,Tissamaharama,2025-04-15,575.0,306.8,480.0,348.75,378.5166666666667,4
Eggplants,Tissamaharama,2025-06-15,372.5,575.0,306.8,480.0,453.9333333333334,6
Eggplants,Tissamaharama,2025-07-15,360.62,372.5,575.0,306.8,418.1000000000001,7
Eggplants,Tissamaharama,2025-08-15,333.75,360.62,372.5,575.0,436.03999999999996,8
Eggplants,Tissamaharama,2025-09-15,311.0,333.75,360.62,372.5,355.6233333333333,9
Eggplants,Trincomalee,2023-09-15,239.5,256.5,317.2,305.4,293.0333333333333,9
Eggplants,Trincomalee,2023-10-15,279.6,239.5,256.5,317.2,271.06666666666666,10
Eggplants,Trincomalee,2023-11-15,386.5,279.6,239.5,256.5,258.53333333333336,11
Eggplants,Trincomalee,2023-12-15,535.5,386.5,279.6,239.5,301.8666666666667,12
Eggplants,Trincomalee,2024-01-15,698.7,535.5,386.5,279.6,400.5333333333333,1
Eggplants,Trincomalee,2024-02-15,478.5,698.7,535.5,386.5,540.2333333333333,2
Eggplants,Trincomalee,2024-03-15,336.0,478.5,698.7,535.5,570.9,3
Eggplants,Trincomalee,2024-04-15,242.0,336.0,478.5,698.7,504.40000000000003,4
Eggplants,Trincomalee,2024-05-15,245.5,242.0,336.0,478.5,352.1666666666667,5
Eggplants,Trincomalee,2024-06-15,245.5,245.5,242.0,336.0,274.5,6
Eggplants,Trincomalee,2024-07-15,360.4,245.5,245.5,242.0,244.33333333333334,7
Eggplants,Trincomalee,2024-08-15,280.0,360.4,245.5,245.5,283.8,8
Eggplants,Trincomalee,2024-09-15,273.6,280.0,360.4,245.5,295.3,9
Eggplants,Trincomalee,2024-10-15,269.5,273.6,280.0,360.4,304.6666666666667,10
Eggplants,Trincomalee,2024-11-15,359.75,269.5,273.6,280.0,274.3666666666667,11
Eggplants,Trincomalee,2024-12-15,503.2,359.75,269.5,273.6,300.95,12
Eggplants,Trincomalee,2025-01-15,543.75,503.2,359.75,269.5,377.48333333333335,1
Eggplants,Trincomalee,2025-02-15,654.75,543.75,503.2,359.75,468.90000000000003,2
Eggplants,Trincomalee,2025-03-15,428.6,654.75,543.75,503.2,567.2333333333333,3
Eggplants,Trincomalee,2025-04-15,655.5,428.6,654.75,543.75,542.3666666666667,4
Eggplants,Trincomalee,2025-05-15,484.0,655.5,428.6,654.75,579.6166666666667,5
Eggplants,Trincomalee,2025-06-15,486.0,484.0,655.5,428.6,522.6999999999999,6
Eggplants,Trincomalee,2025-07-15,330.0,486.0,484.0,655.5,541.8333333333334,7
Eggplants,Trincomalee,2025-08-15,266.5,330.0,486.0,484.0,433.3333333333333,8
Eggplants,Trincomalee,2025-09-15,284.25,266.5,330.0,486.0,360.8333333333333,9
Eggplants,Vavuniya,2023-09-15,280.0,254.0,376.6,284.62,305.0733333333333,9
Eggplants,Vavuniya,2023-10-15,278.53,280.0,254.0,376.6,303.53333333333336,10
Eggplants,Vavuniya,2023-11-15,388.5,278.53,280.0,254.0,270.8433333333333,11
Eggplants,Vavuniya,2023-12-15,450.5,388.5,278.53,280.0,315.6766666666667,12
Eggplants,Vavuniya,2024-01-15,720.5,450.5,388.5,278.53,372.51,1
Eggplants,Vavuniya,2024-02-15,340.0,720.5,450.5,388.5,519.8333333333334,2
Eggplants,Vavuniya,2024-03-15,282.0,340.0,720.5,450.5,503.6666666666667,3
Eggplants,Vavuniya,2024-04-15,173.0,282.0,340.0,720.5,447.5,4
Eggplants,Vavuniya,2024-05-15,210.5,173.0,282.0,340.0,265.0,5
Eggplants,Vavuniya,2024-06-15,445.5,210.5,173.0,282.0,221.83333333333334,6
Eggplants,Vavuniya,2024-07-15,258.6,445.5,210.5,173.0,276.3333333333333,7
Eggplants,Vavuniya,2024-08-15,244.38,258.6,445.5,210.5,304.8666666666667,8
Eggplants,Vavuniya,2024-09-15,260.0,244.38,258.6,445.5,316.16,9
Eggplants,Vavuniya,2024-10-15,274.0,260.0,244.38,258.6,254.32666666666668,10
Eggplants,Vavuniya,2024-11-15,270.25,274.0,260.0,244.38,259.46,11
Eggplants,Vavuniya,2024-12-15,436.75,270.25,274.0,260.0,268.0833333333333,12
Eggplants,Vavuniya,2025-01-15,254.46,436.75,270.25,274.0,327.0,1
Eggplants,Vavuniya,2025-02-15,584.5,254.46,436.75,270.25,320.4866666666667,2
Eggplants,Vavuniya,2025-03-15,333.0,584.5,254.46,436.75,425.2366666666667,3
Eggplants,Vavuniya,2025-04-15,528.5,333.0,584.5,254.46,390.65333333333336,4
Eggplants,Vavuniya,2025-05-15,484.0,528.5,333.0,584.5,482.0,5
Eggplants,Vavuniya,2025-06-15,354.0,484.0,528.5,333.0,448.5,6
Eggplants,Vavuniya,2025-07-15,302.0,354.0,484.0,528.5,455.5,7
Eggplants,Vavuniya,2025-08-15,293.33,302.0,354.0,484.0,380.0,8
Eggplants,Vavuniya,2025-09-15,209.4,293.33,302.0,354.0,316.4433333333333,9
Potatoes (local),Ampara,2023-09-15,375.0,424.58,395.83,375.42,398.60999999999996,9
Potatoes (local),Ampara,2023-11-15,380.0,375.0,424.58,395.83,398.46999999999997,11
Potatoes (local),Ampara,2023-12-15,423.33,380.0,375.0,424.58,393.1933333333333,12
Potatoes (local),Ampara,2024-01-15,431.33,423.33,380.0,375.0,392.77666666666664,1
Potatoes (local),Ampara,2024-02-15,400.0,431.33,423.33,380.0,411.55333333333334,2
Potatoes (local),Ampara,2024-03-15,387.5,400.0,431.33,423.33,418.22,3
Potatoes (local),Ampara,2024-04-15,370.0,387.5,400.0,431.33,406.27666666666664,4
Potatoes (local),Ampara,2024-05-15,343.75,370.0,387.5,400.0,385.8333333333333,5
Potatoes (local),Ampara,2024-06-15,343.75,343.75,370.0,387.5,367.0833333333333,6
Potatoes (local),Ampara,2024-07-15,442.5,343.75,343.75,370.0,352.5,7
Potatoes (local),Ampara,2024-08-15,465.0,442.5,343.75,343.75,376.6666666666667,8
Potatoes (local),Ampara,2024-09-15,396.67,465.0,442.5,343.75,417.0833333333333,9
Potatoes (local),Ampara,2024-10-15,333.33,396.67,465.0,442.5,434.72333333333336,10
Potatoes (local),Ampara,2024-12-15,412.5,333.33,396.67,465.0,398.3333333333333,12
Potatoes (local),Ampara,2025-01-15,422.5,412.5,333.33,396.67,380.8333333333333,1
Potatoes (local),Ampara,2025-02-15,392.5,422.5,412.5,333.33,389.4433333333333,2
Potatoes (local),Ampara,2025-03-15,400.0,392.5,422.5,412.5,409.1666666666667,3
Potatoes (local),Ampara,2025-05-15,365.83,400.0,392.5,422.5,405.0,5
Potatoes (local),Ampara,2025-06-15,363.67,365.83,400.0,392.5,386.10999999999996,6
Potatoes (local),Ampara,2025-07-15,370.0,363.67,365.83,400.0,376.5,7
Potatoes (local),Ampara,2025-08-15,380.0,370.0,363.67,365.83,366.5,8
Potatoes (local),Ampara,2025-09-15,380.0,380.0,370.0,363.67,371.22333333333336,9
Potatoes (local),Anuradhapura,2025-04-15,376.0,376.0,460.0,380.0,405.3333333333333,4
Potatoes (local),Anuradhapura,2025-05-15,409.33,376.0,376.0,460.0,404.0,5
Potatoes (local),Anuradhapura,2025-06-15,416.67,409.33,376.0,376.0,387.10999999999996,6
Potatoes (local),Anuradhapura,2025-07-15,384.0,416.67,409.33,376.0,400.6666666666667,7
Potatoes (local),Anuradhapura,2025-08-15,410.0,384.0,416.67,409.33,403.3333333333333,8
Potatoes (local),Anuradhapura,2025-09-15,382.0,410.0,384.0,416.67,403.5566666666667,9
Potatoes (local),Badulla,2024-06-15,450.0,330.0,426.67,400.0,385.5566666666667,6
Potatoes (local),Badulla,2024-07-15,446.67,450.0,330.0,426.67,402.22333333333336,7
Potatoes (local),Badulla,2024-08-15,433.33,446.67,450.0,330.0,408.89000000000004,8
Potatoes (local),Badulla,2024-10-15,315.0,433.33,446.67,450.0,443.3333333333333,10
Potatoes (local),Badulla,2024-12-15,450.0,315.0,433.33,446.67,398.3333333333333,12
Potatoes (local),Badulla,2025-01-15,433.33,450.0,315.0,433.33,399.4433333333333,1
Potatoes (local),Badulla,2025-02-15,390.0,433.33,450.0,315.0,399.4433333333333,2
Potatoes (local),Batticaloa,2023-10-15,419.0,433.0,508.0,508.0,483.0,10
Potatoes (local),Batticaloa,2023-11-15,423.0,419.0,433.0,508.0,453.3333333333333,11
Potatoes (local),Batticaloa,2023-12-15,500.5,423.0,419.0,433.0,425.0,12
Potatoes (local),Batticaloa,2024-01-15,492.0,500.5,423.0,419.0,447.5,1
Potatoes (local),Batticaloa,2024-02-15,449.5,492.0,500.5,423.0,471.8333333333333,2
Potatoes (local),Batticaloa,2024-03-15,469.58,449.5,492.0,500.5,480.6666666666667,3
Potatoes (local),Batticaloa,2024-04-15,423.93,469.58,449.5,492.0,470.35999999999996,4
Potatoes (local),Batticaloa,2024-05-15,401.0,423.93,469.58,449.5,447.67,5
Potatoes (local),Batticaloa,2024-06-15,401.0,401.0,423.93,469.58,431.50333333333333,6
Potatoes (local),Batticaloa,2024-07-15,484.89,401.0,401.0,423.93,408.6433333333334,7
Potatoes (local),Batticaloa,2024-08-15,515.78,484.89,401.0,401.0,428.9633333333333,8
Potatoes (local),Batticaloa,2024-12-15,526.67,515.78,484.89,401.0,467.22333333333336,12
Potatoes (local),Batticaloa,2025-01-15,497.5,526.67,515.78,484.89,509.1133333333333,1
Potatoes (local),Batticaloa,2025-02-15,430.0,497.5,526.67,515.78,513.3166666666666,2
Potatoes (local),Batticaloa,2025-03-15,436.88,430.0,497.5,526.67,484.72333333333336,3
Potatoes (local),Batticaloa,2025-06-15,381.25,436.88,430.0,497.5,454.79333333333335,6
Potatoes (local),Batticaloa,2025-07-15,408.12,381.25,436.88,430.0,416.04333333333335,7
Potatoes (local),Batticaloa,2025-08-15,472.5,408.12,381.25,436.88,408.75,8
Potatoes (local),Batticaloa,2025-09-15,442.5,472.5,408.12,381.25,420.6233333333333,9
Potatoes (local),Colombo City,2023-09-15,383.36,431.92,417.33,365.72,404.99,9
Potatoes (local),Colombo City,2023-10-15,356.19,383.36,431.92,417.33,410.87000000000006,10
Potatoes (local),Colombo City,2023-11-15,378.31,356.19,383.36,431.92,390.49,11
Potatoes (local),Colombo City,2023-12-15,407.86,378.31,356.19,383.36,372.62000000000006,12
Potatoes (local),Colombo City,2024-01-15,414.09,407.86,378.31,356.19,380.7866666666667,1
Potatoes (local),Colombo City,2024-02-15,409.6,414.09,407.86,378.31,400.08666666666664,2
Potatoes (local),Colombo City,2024-03-15,404.35,409.6,414.09,407.86,410.51666666666665,3
Potatoes (local),Colombo City,2024-04-15,391.11,404.35,409.6,414.09,409.34666666666664,4
Potatoes (local),Colombo City,2024-05-15,374.63,391.11,404.35,409.6,401.6866666666667,5
Potatoes (local),Colombo City,2024-06-15,399.66,374.63,391.11,404.35,390.03,6
Potatoes (local),Colombo City,2024-07-15,464.08,399.66,374.63,391.11,388.4666666666667,7
Potatoes (local),Colombo City,2024-08-15,504.84,464.08,399.66,374.63,412.78999999999996,8
Potatoes (local),Colombo City,2024-09-15,446.36,504.84,464.08,399.66,456.1933333333333,9
Potatoes (local),Colombo City,2024-10-15,388.54,446.36,504.84,464.08,471.76,10
Potatoes (local),Colombo City,2024-11-15,404.96,388.54,446.36,504.84,446.58,11
Potatoes (local),Colombo City,2024-12-15,432.25,404.96,388.54,446.36,413.2866666666667,12
Potatoes (local),Colombo City,2025-01-15,447.48,432.25,404.96,388.54,408.5833333333333,1
Potatoes (local),Colombo City,2025-02-15,428.86,447.48,432.25,404.96,428.23,2
Potatoes (local),Colombo City,2025-03-15,421.24,428.86,447.48,432.25,436.1966666666667,3
Potatoes (local),Colombo City,2025-04-15,418.47,421.24,428.86,447.48,432.52666666666664,4
Potatoes (local),Colombo City,2025-05-15,419.9,418.47,421.24,428.86,422.85666666666674,5
Potatoes (local),Colombo City,2025-06-15,423.12,419.9,418.47,421.24,419.87000000000006,6
Potatoes (local),Colombo City,2025-07-15,431.85,423.12,419.9,418.47,420.49666666666667,7
Potatoes (local),Colombo City,2025-08-15,430.43,431.85,423.12,419.9,424.95666666666665,8
Potatoes (local),Colombo City,2025-09-15,404.92,430.43,431.85,423.12,428.4666666666667,9
Potatoes (local),Dammbagalla,2023-09-15,373.33,383.33,376.0,367.5,375.60999999999996,9
Potatoes (local),Dammbagalla,2023-12-15,412.5,373.33,383.33,376.0,377.5533333333333,12
Potatoes (local),Dammbagalla,2024-01-15,423.33,412.5,373.33,383.33,389.71999999999997,1
Potatoes (local),Dammbagalla,2024-02-15,410.0,423.33,412.5,373.33,403.05333333333334,2
Potatoes (local),Dammbagalla,2024-04-15,386.67,410.0,423.33,412.5,415.27666666666664,4
Potatoes (local),Dammbagalla,2024-05-15,384.44,386.67,410.0,423.33,406.6666666666667,5
Potatoes (local),Dammbagalla,2024-06-15,384.44,384.44,386.67,410.0,393.7033333333334,6
Potatoes (local),Dammbagalla,2024-07-15,443.33,384.44,384.44,386.67,385.1833333333334,7
Potatoes (local),Dammbagalla,2024-12-15,393.33,443.33,384.44,384.44,404.07,12
Potatoes (local),Dammbagalla,2025-01-15,393.33,393.33,443.33,384.44,407.0333333333333,1
Potatoes (local),Dammbagalla,2025-03-15,390.0,393.33,393.33,443.33,409.99666666666667,3
Potatoes (local),Dammbagalla,2025-04-15,386.67,390.0,393.33,393.33,392.22,4
Potatoes (local),Dammbagalla,2025-05-15,423.33,386.67,390.0,393.33,390.0,5
Potatoes (local),Dammbagalla,2025-06-15,386.67,423.33,386.67,390.0,400.0,6
Potatoes (local),Dammbagalla,2025-07-15,423.33,386.67,423.33,386.67,398.89000000000004,7
Potatoes (local),Dehiattakandiya,2023-09-15,405.0,436.67,393.33,374.44,401.48,9
Potatoes (local),Dehiattakandiya,2023-10-15,450.0,405.0,436.67,393.33,411.6666666666667,10
Potatoes (local),Dehiattakandiya,2023-11-15,400.0,450.0,405.0,436.67,430.5566666666667,11
Potatoes (local),Dehiattakandiya,2024-05-15,426.67,400.0,450.0,405.0,418.3333333333333,5
Potatoes (local),Dehiattakandiya,2024-06-15,384.58,426.67,400.0,450.0,425.5566666666667,6
Potatoes (local),Dehiattakandiya,2024-07-15,462.5,384.58,426.67,400.0,403.75,7
Potatoes (local),Dehiattakandiya,2024-08-15,462.22,462.5,384.58,426.67,424.5833333333333,8
Potatoes (local),Dehiattakandiya,2024-09-15,386.67,462.22,462.5,384.58,436.43333333333334,9
Potatoes (local),Dehiattakandiya,2024-10-15,335.56,386.67,462.22,462.5,437.13000000000005,10
Potatoes (local),Dehiattakandiya,2024-11-15,373.89,335.56,386.67,462.22,394.81666666666666,11
Potatoes (local),Dehiattakandiya,2024-12-15,417.78,373.89,335.56,386.67,365.3733333333334,12
Potatoes (local),Dehiattakandiya,2025-03-15,384.44,417.78,373.89,335.56,375.74333333333334,3
Potatoes (local),Dehiattakandiya,2025-04-15,377.5,384.44,417.78,373.89,392.0366666666667,4
Potatoes (local),Dehiattakandiya,2025-05-15,368.33,377.5,384.44,417.78,393.23999999999995,5
Potatoes (local),Dehiattakandiya,2025-06-15,357.5,368.33,377.5,384.44,376.75666666666666,6
Potatoes (local),Dehiattakandiya,2025-07-15,380.0,357.5,368.33,377.5,367.77666666666664,7
Potatoes (local),Dehiattakandiya,2025-08-15,380.0,380.0,357.5,368.33,368.60999999999996,8
Potatoes (local),Dehiattakandiya,2025-09-15,367.78,380.0,380.0,357.5,372.5,9
Potatoes (local),Economic Centre - Peliyagoda,2022-10-15,416.88,470.71,498.21,536.07,501.66333333333336,10
Potatoes (local),Economic Centre - Peliyagoda,2022-11-15,428.48,416.88,470.71,498.21,461.93333333333334,11
Potatoes (local),Economic Centre - Peliyagoda,2022-12-15,480.0,428.48,416.88,470.71,438.69,12
Potatoes (local),Economic Centre - Peliyagoda,2023-01-15,429.44,480.0,428.48,416.88,441.7866666666667,1
Potatoes (local),Economic Centre - Peliyagoda,2023-02-15,359.35,429.44,480.0,428.48,445.97333333333336,2
Potatoes (local),Economic Centre - Peliyagoda,2023-03-15,339.2,359.35,429.44,480.0,422.93,3
Potatoes (local),Economic Centre - Peliyagoda,2023-04-15,360.0,339.2,359.35,429.44,375.99666666666667,4
Potatoes (local),Economic Centre - Peliyagoda,2023-05-15,260.0,360.0,339.2,359.35,352.84999999999997,5
Potatoes (local),Economic Centre-Dambulla,2020-04-15,115.5,158.78,159.28,107.76,141.94,4
Potatoes (local),Economic Centre-Dambulla,2020-05-15,63.75,115.5,158.78,159.28,144.52,5
Potatoes (local),Economic Centre-Dambulla,2020-06-15,167.58,63.75,115.5,158.78,112.67666666666666,6
Potatoes (local),Economic Centre-Dambulla,2020-07-15,183.44,167.58,63.75,115.5,115.61,7
Potatoes (local),Economic Centre-Dambulla,2020-08-15,157.83,183.44,167.58,63.75,138.25666666666666,8
Potatoes (local),Economic Centre-Dambulla,2020-09-15,130.29,157.83,183.44,167.58,169.61666666666667,9
Potatoes (local),Economic Centre-Dambulla,2020-10-15,130.29,130.29,157.83,183.44,157.18666666666664,10
Potatoes (local),Economic Centre-Pettah,2020-06-15,197.5,134.89,200.0,256.11,197.0,6
Potatoes (local),Economic Centre-Pettah,2020-07-15,218.48,197.5,134.89,200.0,177.46333333333334,7
Potatoes (local),Economic Centre-Pettah,2020-08-15,227.21,218.48,197.5,134.89,183.62333333333333,8
Potatoes (local),Economic Centre-Pettah,2020-09-15,164.58,227.21,218.48,197.5,214.39666666666668,9
Potatoes (local),Economic Centre-Pettah,2020-10-15,164.58,164.58,227.21,218.48,203.42333333333332,10
Potatoes (local),Embilipitiya,2023-09-15,342.5,423.25,401.5,392.5,405.75,9
Potatoes (local),Embilipitiya,2023-12-15,399.5,342.5,423.25,401.5,389.0833333333333,12
Potatoes (local),Embilipitiya,2024-01-15,393.33,399.5,342.5,423.25,388.4166666666667,1
Potatoes (local),Embilipitiya,2024-02-15,383.33,393.33,399.5,342.5,378.4433333333333,2
Potatoes (local),Embilipitiya,2024-03-15,392.5,383.33,393.33,399.5,392.0533333333333,3
Potatoes (local),Embilipitiya,2024-04-15,355.0,392.5,383.33,393.33,389.71999999999997,4
Potatoes (local),Embilipitiya,2024-05-15,364.58,355.0,392.5,383.33,376.9433333333333,5
Potatoes (local),Embilipitiya,2024-06-15,386.88,364.58,355.0,392.5,370.6933333333333,6
Potatoes (local),Embilipitiya,2024-07-15,448.5,386.88,364.58,355.0,368.82,7
Potatoes (local),Embilipitiya,2024-08-15,457.5,448.5,386.88,364.58,399.9866666666667,8
Potatoes (local),Embilipitiya,2024-09-15,367.5,457.5,448.5,386.88,430.96000000000004,9
Potatoes (local),Embilipitiya,2024-12-15,403.33,367.5,457.5,448.5,424.5,12
Potatoes (local),Embilipitiya,2025-01-15,411.33,403.33,367.5,457.5,409.4433333333333,1
Potatoes (local),Embilipitiya,2025-02-15,391.25,411.33,403.33,367.5,394.0533333333333,2
Potatoes (local),Embilipitiya,2025-03-15,370.75,391.25,411.33,403.33,401.96999999999997,3
Potatoes (local),Embilipitiya,2025-05-15,387.78,370.75,391.25,411.33,391.10999999999996,5
Potatoes (local),Embilipitiya,2025-06-15,378.75,387.78,370.75,391.25,383.26,6
Potatoes (local),Embilipitiya,2025-07-15,390.0,378.75,387.78,370.75,379.0933333333333,7
Potatoes (local),Embilipitiya,2025-08-15,390.0,390.0,378.75,387.78,385.51,8
Potatoes (local),Galle,2023-09-15,390.0,417.33,394.4,372.19,394.64000000000004,9
Potatoes (local),Galle,2023-10-15,320.0,390.0,417.33,394.4,400.57666666666665,10
Potatoes (local),Galle,2023-12-15,373.33,320.0,390.0,417.33,375.77666666666664,12
Potatoes (local),Galle,2024-01-15,394.44,373.33,320.0,390.0,361.10999999999996,1
Potatoes (local),Galle,2024-02-15,388.89,394.44,373.33,320.0,362.59,2
Potatoes (local),Galle,2024-03-15,445.42,388.89,394.44,373.33,385.5533333333333,3
Potatoes (local),Galle,2024-04-15,366.67,445.42,388.89,394.44,409.5833333333333,4
Potatoes (local),Galle,2024-05-15,369.17,366.67,445.42,388.89,400.32666666666665,5
Potatoes (local),Galle,2024-06-15,390.0,369.17,366.67,445.42,393.75333333333333,6
Potatoes (local),Galle,2024-07-15,440.0,390.0,369.17,366.67,375.28,7
Potatoes (local),Galle,2024-08-15,472.92,440.0,390.0,369.17,399.72333333333336,8
Potatoes (local),Galle,2024-09-15,391.5,472.92,440.0,390.0,434.3066666666667,9
Potatoes (local),Galle,2024-10-15,359.17,391.5,472.92,440.0,434.8066666666667,10
Potatoes (local),Galle,2024-11-15,375.0,359.17,391.5,472.92,407.8633333333333,11
Potatoes (local),Galle,2024-12-15,398.89,375.0,359.17,391.5,375.22333333333336,12
Potatoes (local),Galle,2025-01-15,420.0,398.89,375.0,359.17,377.68666666666667,1
Potatoes (local),Galle,2025-02-15,380.0,420.0,398.89,375.0,397.9633333333333,2
Potatoes (local),Galle,2025-03-15,404.17,380.0,420.0,398.89,399.62999999999994,3
Potatoes (local),Galle,2025-04-15,390.0,404.17,380.0,420.0,401.39000000000004,4
Potatoes (local),Galle,2025-05-15,376.67,390.0,404.17,380.0,391.39000000000004,5
Potatoes (local),Galle,2025-06-15,383.33,376.67,390.0,404.17,390.28000000000003,6
Potatoes (local),Galle,2025-07-15,387.5,383.33,376.67,390.0,383.3333333333333,7
Potatoes (local),Galle,2025-08-15,380.0,387.5,383.33,376.67,382.5,8
Potatoes (local),Galle,2025-09-15,350.0,380.0,387.5,383.33,383.60999999999996,9
Potatoes (local),Gampaha,2023-09-15,423.33,456.0,438.4,410.0,434.8,9
Potatoes (local),Gampaha,2023-10-15,356.0,423.33,456.0,438.4,439.24333333333334,10
Potatoes (local),Gampaha,2023-11-15,381.33,356.0,423.33,456.0,411.77666666666664,11
Potatoes (local),Gampaha,2023-12-15,439.5,381.33,356.0,423.33,386.8866666666666,12
Potatoes (local),Gampaha,2024-01-15,460.83,439.5,381.33,356.0,392.27666666666664,1
Potatoes (local),Gampaha,2024-02-15,449.0,460.83,439.5,381.33,427.22,2
Potatoes (local),Gampaha,2024-07-15,573.33,449.0,460.83,439.5,449.77666666666664,7
Potatoes (local),Gampaha,2024-08-15,520.0,573.33,449.0,460.83,494.3866666666667,8
Potatoes (local),Gampaha,2024-09-15,433.9,520.0,573.33,449.0,514.11,9
Potatoes (local),Gampaha,2024-10-15,390.0,433.9,520.0,573.33,509.07666666666665,10
Potatoes (local),Gampaha,2024-11-15,402.92,390.0,433.9,520.0,447.9666666666667,11
Potatoes (local),Gampaha,2024-12-15,442.0,402.92,390.0,433.9,408.94,12
Potatoes (local),Gampaha,2025-01-15,469.17,442.0,402.92,390.0,411.64000000000004,1
Potatoes (local),Gampaha,2025-02-15,442.5,469.17,442.0,402.92,438.03000000000003,2
Potatoes (local),Gampaha,2025-03-15,423.33,442.5,469.17,442.0,451.22333333333336,3
Potatoes (local),Gampaha,2025-04-15,415.0,423.33,442.5,469.17,445.0,4
Potatoes (local),Gampaha,2025-05-15,413.33,415.0,423.33,442.5,426.9433333333333,5
Potatoes (local),Gampaha,2025-06-15,417.67,413.33,415.0,423.33,417.21999999999997,6
Potatoes (local),Gampaha,2025-07-15,438.75,417.67,413.33,415.0,415.3333333333333,7
Potatoes (local),Gampaha,2025-08-15,418.75,438.75,417.67,413.33,423.25,8
Potatoes (local),Gampaha,2025-09-15,391.83,418.75,438.75,417.67,425.0566666666667,9
Potatoes (local),Hambantota,2024-11-15,400.0,380.0,455.0,389.17,408.0566666666667,11
Potatoes (local),Hambantota,2024-12-15,425.0,400.0,380.0,455.0,411.6666666666667,12
Potatoes (local),Hambantota,2025-01-15,416.67,425.0,400.0,380.0,401.6666666666667,1
Potatoes (local),Hambantota,2025-02-15,392.5,416.67,425.0,400.0,413.89000000000004,2
Potatoes (local),Hambantota,2025-03-15,398.75,392.5,416.67,425.0,411.39000000000004,3
Potatoes (local),Hambantota,2025-04-15,375.0,398.75,392.5,416.67,402.64000000000004,4
Potatoes (local),Hambantota,2025-05-15,400.0,375.0,398.75,392.5,388.75,5
Potatoes (local),Hanguranketha,2023-09-15,323.19,380.0,371.0,333.89,361.62999999999994,9
Potatoes (local),Hanguranketha,2023-10-15,270.0,323.19,380.0,371.0,358.06333333333333,10
Potatoes (local),Hanguranketha,2023-12-15,395.0,270.0,323.19,380.0,324.3966666666667,12
Potatoes (local),Hanguranketha,2024-01-15,355.0,395.0,270.0,323.19,329.3966666666667,1
Potatoes (local),Hanguranketha,2024-05-15,353.33,355.0,395.0,270.0,340.0,5
Potatoes (local),Hanguranketha,2024-06-15,355.0,353.33,355.0,395.0,367.77666666666664,6
Potatoes (local),Hanguranketha,2024-07-15,428.33,355.0,353.33,355.0,354.4433333333333,7
Potatoes (local),Hanguranketha,2024-08-15,442.22,428.33,355.0,353.33,378.8866666666666,8
Potatoes (local),Hanguranketha,2024-09-15,453.33,442.22,428.33,355.0,408.51666666666665,9
Potatoes (local),Hanguranketha,2024-10-15,458.75,453.33,442.22,428.33,441.29333333333335,10
Potatoes (local),Hanguranketha,2024-11-15,466.67,458.75,453.33,442.22,451.4333333333334,11
Potatoes (local),Hanguranketha,2024-12-15,460.0,466.67,458.75,453.33,459.5833333333333,12
Potatoes (local),Hanguranketha,2025-02-15,355.0,460.0,466.67,458.75,461.8066666666667,2
Potatoes (local),Hanguranketha,2025-08-15,350.0,355.0,460.0,466.67,427.22333333333336,8
Potatoes (local),Hanguranketha,2025-09-15,340.0,350.0,355.0,460.0,388.3333333333333,9
Potatoes (local),Jaffna,2024-05-15,356.0,418.12,392.86,407.5,406.16,5
Potatoes (local),Jaffna,2024-06-15,408.0,356.0,418.12,392.86,388.99333333333334,6
Potatoes (local),Jaffna,2024-07-15,436.0,408.0,356.0,418.12,394.03999999999996,7
Potatoes (local),Jaffna,2024-10-15,342.0,436.0,408.0,356.0,400.0,10
Potatoes (local),Jaffna,2024-11-15,418.0,342.0,436.0,408.0,395.3333333333333,11
Potatoes (local),Kalutara,2023-09-15,420.44,410.0,393.2,374.0,392.40000000000003,9
Potatoes (local),Kalutara,2023-10-15,336.5,420.44,410.0,393.2,407.87999999999994,10
Potatoes (local),Kalutara,2023-11-15,372.0,336.5,420.44,410.0,388.98,11
Potatoes (local),Kalutara,2023-12-15,415.0,372.0,336.5,420.44,376.31333333333333,12
Potatoes (local),Kalutara,2024-01-15,413.6,415.0,372.0,336.5,374.5,1
Potatoes (local),Kalutara,2024-02-15,421.5,413.6,415.0,372.0,400.2,2
Potatoes (local),Kalutara,2024-03-15,417.75,421.5,413.6,415.0,416.7,3
Potatoes (local),Kalutara,2024-04-15,396.8,417.75,421.5,413.6,417.6166666666666,4
Potatoes (local),Kalutara,2024-05-15,369.33,396.8,417.75,421.5,412.01666666666665,5
Potatoes (local),Kalutara,2024-06-15,401.0,369.33,396.8,417.75,394.6266666666667,6
Potatoes (local),Kalutara,2024-07-15,444.5,401.0,369.33,396.8,389.04333333333335,7
Potatoes (local),Kalutara,2024-09-15,387.56,444.5,401.0,369.33,404.9433333333333,9
Potatoes (local),Kalutara,2024-10-15,349.0,387.56,444.5,401.0,411.02,10
Potatoes (local),Kalutara,2024-11-15,374.25,349.0,387.56,444.5,393.68666666666667,11
Potatoes (local),Kalutara,2024-12-15,440.4,374.25,349.0,387.56,370.27,12
Potatoes (local),Kalutara,2025-01-15,461.0,440.4,374.25,349.0,387.8833333333334,1
Potatoes (local),Kalutara,2025-02-15,455.0,461.0,440.4,374.25,425.2166666666667,2
Potatoes (local),Kalutara,2025-03-15,426.12,455.0,461.0,440.4,452.1333333333334,3
Potatoes (local),Kalutara,2025-04-15,392.67,426.12,455.0,461.0,447.3733333333333,4
Potatoes (local),Kalutara,2025-05-15,412.0,392.67,426.12,455.0,424.59666666666664,5
Potatoes (local),Kalutara,2025-06-15,398.0,412.0,392.67,426.12,410.2633333333333,6
Potatoes (local),Kalutara,2025-07-15,404.44,398.0,412.0,392.67,400.89000000000004,7
Potatoes (local),Kalutara,2025-08-15,386.67,404.44,398.0,412.0,404.81333333333333,8
Potatoes (local),Kalutara,2025-09-15,380.67,386.67,404.44,398.0,396.37000000000006,9
Potatoes (local),Kandy,2023-09-15,392.5,439.0,417.2,371.0,409.06666666666666,9
Potatoes (local),Kandy,2023-10-15,347.1,392.5,439.0,417.2,416.23333333333335,10
Potatoes (local),Kandy,2023-11-15,360.62,347.1,392.5,439.0,392.8666666666666,11
Potatoes (local),Kandy,2023-12-15,421.5,360.62,347.1,392.5,366.74,12
Potatoes (local),Kandy,2024-01-15,448.8,421.5,360.62,347.1,376.4066666666667,1
Potatoes (local),Kandy,2024-02-15,429.0,448.8,421.5,360.62,410.3066666666667,2
Potatoes (local),Kandy,2024-03-15,426.0,429.0,448.8,421.5,433.09999999999997,3
Potatoes (local),Kandy,2024-04-15,394.4,426.0,429.0,448.8,434.59999999999997,4
Potatoes (local),Kandy,2024-05-15,376.83,394.4,426.0,429.0,416.4666666666667,5
Potatoes (local),Kandy,2024-06-15,397.0,376.83,394.4,426.0,399.07666666666665,6
Potatoes (local),Kandy,2024-07-15,456.0,397.0,376.83,394.4,389.41,7
Potatoes (local),Kandy,2024-08-15,490.0,456.0,397.0,376.83,409.9433333333333,8
Potatoes (local),Kandy,2024-09-15,424.8,490.0,456.0,397.0,447.6666666666667,9
Potatoes (local),Kandy,2024-10-15,376.0,424.8,490.0,456.0,456.9333333333334,10
Potatoes (local),Kandy,2024-11-15,390.0,376.0,424.8,490.0,430.2666666666667,11
Potatoes (local),Kandy,2024-12-15,400.0,390.0,376.0,424.8,396.9333333333334,12
Potatoes (local),Kandy,2025-01-15,447.0,400.0,390.0,376.0,388.6666666666667,1
Potatoes (local),Kandy,2025-02-15,401.0,447.0,400.0,390.0,412.3333333333333,2
Potatoes (local),Kandy,2025-03-15,398.4,401.0,447.0,400.0,416.0,3
Potatoes (local),Kandy,2025-04-15,389.0,398.4,401.0,447.0,415.4666666666667,4
Potatoes (local),Kandy,2025-05-15,382.0,389.0,398.4,401.0,396.1333333333334,5
Potatoes (local),Kandy,2025-06-15,389.6,382.0,389.0,398.4,389.8,6
Potatoes (local),Kandy,2025-07-15,400.0,389.6,382.0,389.0,386.8666666666666,7
Potatoes (local),Kandy,2025-08-15,403.0,400.0,389.6,382.0,390.5333333333333,8
Potatoes (local),Kandy,2025-09-15,375.2,403.0,400.0,389.6,397.5333333333333,9
Potatoes (local),Kegalle,2023-09-15,350.0,396.67,404.8,372.88,391.45,9
Potatoes (local),Kegalle,2023-12-15,420.17,350.0,396.67,404.8,383.8233333333333,12
Potatoes (local),Kegalle,2024-01-15,426.8,420.17,350.0,396.67,388.9466666666667,1
Potatoes (local),Kegalle,2024-02-15,408.0,426.8,420.17,350.0,398.99,2
Potatoes (local),Kegalle,2024-03-15,422.5,408.0,426.8,420.17,418.3233333333333,3
Potatoes (local),Kegalle,2024-04-15,372.5,422.5,408.0,426.8,419.09999999999997,4
Potatoes (local),Kegalle,2024-05-15,349.17,372.5,422.5,408.0,401.0,5
Potatoes (local),Kegalle,2024-06-15,349.17,349.17,372.5,422.5,381.39000000000004,6
Potatoes (local),Kegalle,2024-07-15,443.33,349.17,349.17,372.5,356.9466666666667,7
Potatoes (local),Kegalle,2024-08-15,490.83,443.33,349.17,349.17,380.5566666666667,8
Potatoes (local),Kegalle,2024-09-15,406.5,490.83,443.33,349.17,427.77666666666664,9
Potatoes (local),Kegalle,2024-10-15,304.0,406.5,490.83,443.33,446.8866666666666,10
Potatoes (local),Kegalle,2024-11-15,386.67,304.0,406.5,490.83,400.4433333333333,11
Potatoes (local),Kegalle,2024-12-15,400.8,386.67,304.0,406.5,365.72333333333336,12
Potatoes (local),Kegalle,2025-01-15,417.0,400.8,386.67,304.0,363.8233333333333,1
Potatoes (local),Kegalle,2025-02-15,394.75,417.0,400.8,386.67,401.49,2
Potatoes (local),Kegalle,2025-03-15,384.4,394.75,417.0,400.8,404.18333333333334,3
Potatoes (local),Kegalle,2025-04-15,366.0,384.4,394.75,417.0,398.7166666666667,4
Potatoes (local),Kegalle,2025-05-15,356.0,366.0,384.4,394.75,381.7166666666667,5
Potatoes (local),Kegalle,2025-06-15,373.4,356.0,366.0,384.4,368.8,6
Potatoes (local),Kegalle,2025-07-15,373.0,373.4,356.0,366.0,365.1333333333334,7
Potatoes (local),Kegalle,2025-08-15,378.0,373.0,373.4,356.0,367.4666666666667,8
Potatoes (local),Kegalle,2025-09-15,364.0,378.0,373.0,373.4,374.8,9
Potatoes (local),Kilinochchi,2024-06-15,338.67,338.67,327.5,313.33,326.5,6
Potatoes (local),Kilinochchi,2024-07-15,474.0,338.67,338.67,327.5,334.9466666666667,7
Potatoes (local),Kilinochchi,2024-10-15,352.0,474.0,338.67,338.67,383.78000000000003,10
Potatoes (local),Kilinochchi,2024-11-15,342.5,352.0,474.0,338.67,388.22333333333336,11
Potatoes (local),Kurunegala,2023-09-15,380.0,423.33,402.83,360.88,395.68,9
Potatoes (local),Kurunegala,2023-11-15,366.67,380.0,423.33,402.83,402.0533333333333,11
Potatoes (local),Kurunegala,2023-12-15,401.33,366.67,380.0,423.33,390.0,12
Potatoes (local),Kurunegala,2024-01-15,421.7,401.33,366.67,380.0,382.6666666666667,1
Potatoes (local),Kurunegala,2024-02-15,395.0,421.7,401.33,366.67,396.56666666666666,2
Potatoes (local),Kurunegala,2024-03-15,435.0,395.0,421.7,401.33,406.01,3
Potatoes (local),Kurunegala,2024-04-15,396.67,435.0,395.0,421.7,417.23333333333335,4
Potatoes (local),Kurunegala,2024-05-15,393.33,396.67,435.0,395.0,408.89000000000004,5
Potatoes (local),Kurunegala,2024-06-15,393.0,393.33,396.67,435.0,408.3333333333333,6
Potatoes (local),Kurunegala,2024-10-15,356.67,393.0,393.33,396.67,394.3333333333333,10
Potatoes (local),Kurunegala,2024-11-15,377.78,356.67,393.0,393.33,381.0,11
Potatoes (local),Kurunegala,2024-12-15,427.33,377.78,356.67,393.0,375.81666666666666,12
Potatoes (local),Kurunegala,2025-01-15,443.75,427.33,377.78,356.67,387.26,1
Potatoes (local),Kurunegala,2025-02-15,420.0,443.75,427.33,377.78,416.28666666666663,2
Potatoes (local),Kurunegala,2025-03-15,390.67,420.0,443.75,427.33,430.35999999999996,3
Potatoes (local),Kurunegala,2025-04-15,385.0,390.67,420.0,443.75,418.14000000000004,4
Potatoes (local),Kurunegala,2025-05-15,383.33,385.0,390.67,420.0,398.5566666666667,5
Potatoes (local),Kurunegala,2025-06-15,373.67,383.33,385.0,390.67,386.3333333333333,6
Potatoes (local),Kurunegala,2025-07-15,374.58,373.67,383.33,385.0,380.6666666666667,7
Potatoes (local),Kurunegala,2025-08-15,388.33,374.58,373.67,383.33,377.1933333333333,8
Potatoes (local),Kurunegala,2025-09-15,381.33,388.33,374.58,373.67,378.85999999999996,9
Potatoes (local),Matale,2023-09-15,366.67,401.67,402.08,365.0,389.5833333333333,9
Potatoes (local),Matale,2023-12-15,427.5,366.67,401.67,402.08,390.14000000000004,12
Potatoes (local),Matale,2024-04-15,386.67,427.5,366.67,401.67,398.6133333333334,4
Potatoes (local),Matale,2024-05-15,337.5,386.67,427.5,366.67,393.6133333333334,5
Potatoes (local),Matale,2024-06-15,337.5,337.5,386.67,427.5,383.89000000000004,6
Potatoes (local),Matale,2024-07-15,457.5,337.5,337.5,386.67,353.89000000000004,7
Potatoes (local),Matale,2024-08-15,488.33,457.5,337.5,337.5,377.5,8
Potatoes (local),Matale,2024-09-15,506.67,488.33,457.5,337.5,427.77666666666664,9
Potatoes (local),Matale,2024-12-15,418.0,506.67,488.33,457.5,484.1666666666667,12
Potatoes (local),Matale,2025-01-15,457.5,418.0,506.67,488.33,471.0,1
Potatoes (local),Matale,2025-02-15,376.25,457.5,418.0,506.67,460.72333333333336,2
Potatoes (local),Matale,2025-03-15,386.67,376.25,457.5,418.0,417.25,3
Potatoes (local),Matale,2025-05-15,366.67,386.67,376.25,457.5,406.8066666666667,5
Potatoes (local),Matale,2025-08-15,390.0,366.67,386.67,376.25,376.53000000000003,8
Potatoes (local),Matale,2025-09-15,320.0,390.0,366.67,386.67,381.1133333333334,9
Potatoes (local),Matara,2023-09-15,365.0,391.42,418.9,373.12,394.48,9
Potatoes (local),Matara,2023-12-15,399.25,365.0,391.42,418.9,391.7733333333333,12
Potatoes (local),Matara,2024-01-15,413.75,399.25,365.0,391.42,385.22333333333336,1
Potatoes (local),Matara,2024-02-15,393.33,413.75,399.25,365.0,392.6666666666667,2
Potatoes (local),Matara,2024-03-15,397.5,393.33,413.75,399.25,402.10999999999996,3
Potatoes (local),Matara,2024-04-15,382.08,397.5,393.33,413.75,401.52666666666664,4
Potatoes (local),Matara,2024-05-15,387.92,382.08,397.5,393.33,390.96999999999997,5
Potatoes (local),Matara,2024-06-15,393.33,387.92,382.08,397.5,389.1666666666667,6
Potatoes (local),Matara,2024-07-15,442.5,393.33,387.92,382.08,387.77666666666664,7
Potatoes (local),Matara,2024-08-15,442.22,442.5,393.33,387.92,407.9166666666667,8
Potatoes (local),Matara,2024-09-15,414.17,442.22,442.5,393.33,426.01666666666665,9
Potatoes (local),Matara,2024-10-15,362.5,414.17,442.22,442.5,432.96333333333337,10
Potatoes (local),Matara,2024-11-15,391.67,362.5,414.17,442.22,406.2966666666667,11
Potatoes (local),Matara,2024-12-15,406.67,391.67,362.5,414.17,389.4466666666667,12
Potatoes (local),Matara,2025-01-15,430.0,406.67,391.67,362.5,386.9466666666667,1
Potatoes (local),Matara,2025-02-15,393.33,430.0,406.67,391.67,409.4466666666667,2
Potatoes (local),Matara,2025-03-15,382.67,393.33,430.0,406.67,410.0,3
Potatoes (local),Matara,2025-04-15,360.0,382.67,393.33,430.0,402.0,4
Potatoes (local),Matara,2025-05-15,373.33,360.0,382.67,393.33,378.6666666666667,5
Potatoes (local),Matara,2025-06-15,360.67,373.33,360.0,382.67,372.0,6
Potatoes (local),Matara,2025-07-15,375.42,360.67,373.33,360.0,364.6666666666667,7
Potatoes (local),Matara,2025-08-15,364.17,375.42,360.67,373.33,369.8066666666667,8
Potatoes (local),Matara,2025-09-15,336.67,364.17,375.42,360.67,366.7533333333334,9
Potatoes (local),Meegoda(DEC),2023-09-15,402.0,428.0,409.33,378.5,405.27666666666664,9
Potatoes (local),Meegoda(DEC),2023-10-15,316.0,402.0,428.0,409.33,413.10999999999996,10
Potatoes (local),Meegoda(DEC),2023-11-15,373.33,316.0,402.0,428.0,382.0,11
Potatoes (local),Meegoda(DEC),2023-12-15,450.75,373.33,316.0,402.0,363.77666666666664,12
Potatoes (local),Meegoda(DEC),2024-01-15,406.0,450.75,373.33,316.0,380.02666666666664,1
Potatoes (local),Meegoda(DEC),2024-02-15,400.92,406.0,450.75,373.33,410.02666666666664,2
Potatoes (local),Meegoda(DEC),2024-03-15,417.5,400.92,406.0,450.75,419.22333333333336,3
Potatoes (local),Meegoda(DEC),2024-04-15,380.0,417.5,400.92,406.0,408.14000000000004,4
Potatoes (local),Meegoda(DEC),2024-05-15,374.67,380.0,417.5,400.92,399.47333333333336,5
Potatoes (local),Meegoda(DEC),2024-06-15,378.33,374.67,380.0,417.5,390.72333333333336,6
Potatoes (local),Meegoda(DEC),2024-07-15,444.4,378.33,374.67,380.0,377.6666666666667,7
Potatoes (local),Meegoda(DEC),2024-08-15,475.0,444.4,378.33,374.67,399.13333333333327,8
Potatoes (local),Meegoda(DEC),2024-09-15,403.2,475.0,444.4,378.33,432.57666666666665,9
Potatoes (local),Meegoda(DEC),2024-10-15,336.83,403.2,475.0,444.4,440.8666666666666,10
Potatoes (local),Meegoda(DEC),2024-11-15,379.0,336.83,403.2,475.0,405.01,11
Potatoes (local),Meegoda(DEC),2024-12-15,423.3,379.0,336.83,403.2,373.01,12
Potatoes (local),Meegoda(DEC),2025-01-15,452.08,423.3,379.0,336.83,379.71000000000004,1
Potatoes (local),Meegoda(DEC),2025-02-15,388.75,452.08,423.3,379.0,418.1266666666667,2
Potatoes (local),Meegoda(DEC),2025-03-15,407.71,388.75,452.08,423.3,421.3766666666667,3
Potatoes (local),Meegoda(DEC),2025-04-15,363.89,407.71,388.75,452.08,416.18,4
Potatoes (local),Meegoda(DEC),2025-05-15,366.88,363.89,407.71,388.75,386.7833333333333,5
Potatoes (local),Meegoda(DEC),2025-06-15,372.8,366.88,363.89,407.71,379.49333333333334,6
Potatoes (local),Meegoda(DEC),2025-07-15,402.0,372.8,366.88,363.89,367.8566666666666,7
Potatoes (local),Meegoda(DEC),2025-08-15,384.75,402.0,372.8,366.88,380.56,8
Potatoes (local),Meegoda(DEC),2025-09-15,360.93,384.75,402.0,372.8,386.51666666666665,9
Potatoes (local),Monaragala,2023-12-15,386.44,410.22,417.6,371.0,399.60666666666674,12
Potatoes (local),Monaragala,2024-01-15,387.87,386.44,410.22,417.6,404.75333333333333,1
Potatoes (local),Monaragala,2024-02-15,383.78,387.87,386.44,410.22,394.8433333333333,2
Potatoes (local),Monaragala,2024-03-15,388.0,383.78,387.87,386.44,386.03,3
Potatoes (local),Monaragala,2024-04-15,400.0,388.0,383.78,387.87,386.54999999999995,4
Potatoes (local),Monaragala,2024-05-15,360.0,400.0,388.0,383.78,390.5933333333333,5
Potatoes (local),Monaragala,2024-06-15,406.0,360.0,400.0,388.0,382.6666666666667,6
Potatoes (local),Monaragala,2024-07-15,456.83,406.0,360.0,400.0,388.6666666666667,7
Potatoes (local),Monaragala,2024-08-15,446.5,456.83,406.0,360.0,407.60999999999996,8
Potatoes (local),Monaragala,2024-09-15,376.0,446.5,456.83,406.0,436.4433333333333,9
Potatoes (local),Monaragala,2024-12-15,411.0,376.0,446.5,456.83,426.4433333333333,12
Potatoes (local),Monaragala,2025-01-15,407.33,411.0,376.0,446.5,411.1666666666667,1
Potatoes (local),Monaragala,2025-02-15,373.5,407.33,411.0,376.0,398.10999999999996,2
Potatoes (local),Monaragala,2025-03-15,395.11,373.5,407.33,411.0,397.27666666666664,3
Potatoes (local),Monaragala,2025-04-15,400.0,395.11,373.5,407.33,391.98,4
Potatoes (local),Monaragala,2025-05-15,376.0,400.0,395.11,373.5,389.5366666666667,5
Potatoes (local),Monaragala,2025-06-15,403.47,376.0,400.0,395.11,390.37000000000006,6
Potatoes (local),Monaragala,2025-07-15,376.0,403.47,376.0,400.0,393.1566666666667,7
Potatoes (local),Monaragala,2025-08-15,376.0,376.0,403.47,376.0,385.1566666666667,8
Potatoes (local),Nikaweratiya,2023-12-15,375.0,400.0,400.0,395.0,398.3333333333333,12
Potatoes (local),Nikaweratiya,2024-01-15,410.0,375.0,400.0,400.0,391.6666666666667,1
Potatoes (local),Nikaweratiya,2024-02-15,395.0,410.0,375.0,400.0,395.0,2
Potatoes (local),Nikaweratiya,2024-05-15,400.0,395.0,410.0,375.0,393.3333333333333,5
Potatoes (local),Nikaweratiya,2024-07-15,410.0,400.0,395.0,410.0,401.6666666666667,7
Potatoes (local),Nuwara Eliya,2023-09-15,283.0,387.5,384.6,354.67,375.59,9
Potatoes (local),Nuwara Eliya,2023-10-15,306.0,283.0,387.5,384.6,351.7,10
Potatoes (local),Nuwara Eliya,2023-11-15,347.5,306.0,283.0,387.5,325.5,11
Potatoes (local),Nuwara Eliya,2023-12-15,406.5,347.5,306.0,283.0,312.1666666666667,12
Potatoes (local),Nuwara Eliya,2024-01-15,388.0,406.5,347.5,306.0,353.3333333333333,1
Potatoes (local),Nuwara Eliya,2024-02-15,365.33,388.0,406.5,347.5,380.6666666666667,2
Potatoes (local),Nuwara Eliya,2024-03-15,369.5,365.33,388.0,406.5,386.60999999999996,3
Potatoes (local),Nuwara Eliya,2024-04-15,343.2,369.5,365.33,388.0,374.27666666666664,4
Potatoes (local),Nuwara Eliya,2024-05-15,346.25,343.2,369.5,365.33,359.3433333333333,5
Potatoes (local),Nuwara Eliya,2024-06-15,371.5,346.25,343.2,369.5,352.98333333333335,6
Potatoes (local),Nuwara Eliya,2024-07-15,441.6,371.5,346.25,343.2,353.65000000000003,7
Potatoes (local),Nuwara Eliya,2024-08-15,471.5,441.6,371.5,346.25,386.45,8
Potatoes (local),Nuwara Eliya,2024-09-15,389.5,471.5,441.6,371.5,428.2,9
Potatoes (local),Nuwara Eliya,2024-10-15,338.0,389.5,471.5,441.6,434.2,10
Potatoes (local),Nuwara Eliya,2024-11-15,384.5,338.0,389.5,471.5,399.6666666666667,11
Potatoes (local),Nuwara Eliya,2024-12-15,387.9,384.5,338.0,389.5,370.6666666666667,12
Potatoes (local),Nuwara Eliya,2025-01-15,437.5,387.9,384.5,338.0,370.1333333333334,1
Potatoes (local),Nuwara Eliya,2025-02-15,376.25,437.5,387.9,384.5,403.3,2
Potatoes (local),Nuwara Eliya,2025-03-15,358.0,376.25,437.5,387.9,400.55,3
Potatoes (local),Nuwara Eliya,2025-04-15,350.0,358.0,376.25,437.5,390.5833333333333,4
Potatoes (local),Nuwara Eliya,2025-05-15,343.12,350.0,358.0,376.25,361.4166666666667,5
Potatoes (local),Nuwara Eliya,2025-06-15,343.5,343.12,350.0,358.0,350.3733333333333,6
Potatoes (local),Nuwara Eliya,2025-07-15,346.88,343.5,343.12,350.0,345.53999999999996,7
Potatoes (local),Nuwara Eliya,2025-08-15,330.83,346.88,343.5,343.12,344.5,8
Potatoes (local),Nuwara Eliya,2025-09-15,289.0,330.83,346.88,343.5,340.40333333333336,9
Potatoes (local),Polonnaruwa,2023-09-15,388.75,410.0,395.83,360.83,388.8866666666666,9
Potatoes (local),Polonnaruwa,2023-11-15,400.0,388.75,410.0,395.83,398.1933333333333,11
Potatoes (local),Polonnaruwa,2023-12-15,402.22,400.0,388.75,410.0,399.5833333333333,12
Potatoes (local),Polonnaruwa,2024-01-15,404.0,402.22,400.0,388.75,396.99,1
Potatoes (local),Polonnaruwa,2024-02-15,410.0,404.0,402.22,400.0,402.0733333333333,2
Potatoes (local),Polonnaruwa,2024-03-15,426.67,410.0,404.0,402.22,405.4066666666667,3
Potatoes (local),Polonnaruwa,2024-04-15,375.0,426.67,410.0,404.0,413.5566666666667,4
Potatoes (local),Polonnaruwa,2024-05-15,333.33,375.0,426.67,410.0,403.89000000000004,5
Potatoes (local),Polonnaruwa,2024-08-15,482.5,333.33,375.0,426.67,378.3333333333333,8
Potatoes (local),Polonnaruwa,2024-10-15,316.67,482.5,333.33,375.0,396.9433333333333,10
Potatoes (local),Polonnaruwa,2024-11-15,356.67,316.67,482.5,333.33,377.5,11
Potatoes (local),Polonnaruwa,2024-12-15,402.5,356.67,316.67,482.5,385.28000000000003,12
Potatoes (local),Polonnaruwa,2025-01-15,408.89,402.5,356.67,316.67,358.6133333333334,1
Potatoes (local),Polonnaruwa,2025-02-15,421.67,408.89,402.5,356.67,389.3533333333333,2
Potatoes (local),Polonnaruwa,2025-03-15,399.33,421.67,408.89,402.5,411.02,3
Potatoes (local),Polonnaruwa,2025-05-15,370.0,399.33,421.67,408.89,409.9633333333333,5
Potatoes (local),Polonnaruwa,2025-06-15,330.0,370.0,399.33,421.67,397.0,6
Potatoes (local),Polonnaruwa,2025-07-15,410.0,330.0,370.0,399.33,366.4433333333333,7
Potatoes (local),Polonnaruwa,2025-08-15,406.67,410.0,330.0,370.0,370.0,8
Potatoes (local),Polonnaruwa,2025-09-15,373.33,406.67,410.0,330.0,382.22333333333336,9
Potatoes (local),Puttalam,2023-09-15,358.25,460.5,400.8,392.0,417.76666666666665,9
Potatoes (local),Puttalam,2023-10-15,346.67,358.25,460.5,400.8,406.51666666666665,10
Potatoes (local),Puttalam,2023-11-15,375.0,346.67,358.25,460.5,388.47333333333336,11
Potatoes (local),Puttalam,2023-12-15,448.0,375.0,346.67,358.25,359.97333333333336,12
Potatoes (local),Puttalam,2024-01-15,446.67,448.0,375.0,346.67,389.89000000000004,1
Potatoes (local),Puttalam,2024-02-15,444.88,446.67,448.0,375.0,423.22333333333336,2
Potatoes (local),Puttalam,2024-03-15,437.5,444.88,446.67,448.0,446.51666666666665,3
Potatoes (local),Puttalam,2024-04-15,408.8,437.5,444.88,446.67,443.01666666666665,4
Potatoes (local),Puttalam,2024-05-15,373.0,408.8,437.5,444.88,430.39333333333326,5
Potatoes (local),Puttalam,2024-06-15,373.0,373.0,408.8,437.5,406.4333333333334,6
Potatoes (local),Puttalam,2024-07-15,436.25,373.0,373.0,408.8,384.9333333333334,7
Potatoes (local),Puttalam,2024-08-15,483.33,436.25,373.0,373.0,394.0833333333333,8
Potatoes (local),Puttalam,2024-09-15,421.11,483.33,436.25,373.0,430.85999999999996,9
Potatoes (local),Puttalam,2024-10-15,313.33,421.11,483.33,436.25,446.8966666666667,10
Potatoes (local),Puttalam,2024-11-15,369.58,313.33,421.11,483.33,405.92333333333335,11
Potatoes (local),Puttalam,2024-12-15,440.0,369.58,313.33,421.11,368.00666666666666,12
Potatoes (local),Puttalam,2025-01-15,475.0,440.0,369.58,313.33,374.3033333333333,1
Potatoes (local),Puttalam,2025-02-15,437.08,475.0,440.0,369.58,428.1933333333333,2
Potatoes (local),Puttalam,2025-03-15,426.33,437.08,475.0,440.0,450.6933333333333,3
Potatoes (local),Puttalam,2025-04-15,436.67,426.33,437.08,475.0,446.1366666666667,4
Potatoes (local),Puttalam,2025-05-15,430.0,436.67,426.33,437.08,433.35999999999996,5
Potatoes (local),Puttalam,2025-06-15,440.0,430.0,436.67,426.33,431.0,6
Potatoes (local),Puttalam,2025-07-15,440.83,440.0,430.0,436.67,435.5566666666667,7
Potatoes (local),Puttalam,2025-09-15,378.89,440.83,440.0,430.0,436.9433333333333,9
Potatoes (local),Rathnapura,2024-06-15,405.0,325.0,352.5,382.92,353.47333333333336,6
Potatoes (local),Rathnapura,2025-07-15,403.33,405.0,325.0,352.5,360.8333333333333,7
Potatoes (local),Rathnapura,2025-08-15,393.06,403.33,405.0,325.0,377.77666666666664,8
Potatoes (local),Rathnapura,2025-09-15,367.5,393.06,403.33,405.0,400.4633333333333,9
Potatoes (local),Thambuttegama,2023-09-15,347.5,390.0,377.0,355.0,374.0,9
Potatoes (local),Thambuttegama,2023-12-15,400.0,347.5,390.0,377.0,371.5,12
Potatoes (local),Thambuttegama,2024-11-15,356.67,400.0,347.5,390.0,379.1666666666667,11
Potatoes (local),Thambuttegama,2024-12-15,379.0,356.67,400.0,347.5,368.0566666666667,12
Potatoes (local),Thambuttegama,2025-01-15,387.92,379.0,356.67,400.0,378.5566666666667,1
Potatoes (local),Thambuttegama,2025-02-15,387.62,387.92,379.0,356.67,374.53000000000003,2
Potatoes (local),Tissamaharama,2024-02-15,381.67,390.0,390.0,337.5,372.5,2
Potatoes (local),Tissamaharama,2024-03-15,401.67,381.67,390.0,390.0,387.22333333333336,3
Potatoes (local),Tissamaharama,2024-05-15,363.33,401.67,381.67,390.0,391.1133333333334,5
Potatoes (local),Tissamaharama,2024-09-15,395.0,363.33,401.67,381.67,382.22333333333336,9
Potatoes (local),Tissamaharama,2024-12-15,422.08,395.0,363.33,401.67,386.6666666666667,12
Potatoes (local),Tissamaharama,2025-01-15,404.58,422.08,395.0,363.33,393.46999999999997,1
Potatoes (local),Tissamaharama,2025-02-15,382.92,404.58,422.08,395.0,407.22,2
Potatoes (local),Tissamaharama,2025-03-15,383.56,382.92,404.58,422.08,403.1933333333333,3
Potatoes (local),Tissamaharama,2025-06-15,366.39,383.56,382.92,404.58,390.3533333333333,6
Potatoes (local),Tissamaharama,2025-07-15,373.54,366.39,383.56,382.92,377.6233333333334,7
Potatoes (local),Tissamaharama,2025-08-15,390.0,373.54,366.39,383.56,374.49666666666667,8
Potatoes (local),Tissamaharama,2025-09-15,327.5,390.0,373.54,366.39,376.6433333333334,9
Potatoes (local),Trincomalee,2023-09-15,441.33,476.0,499.5,475.0,483.5,9
Potatoes (local),Trincomalee,2023-10-15,411.25,441.33,476.0,499.5,472.27666666666664,10
Potatoes (local),Vavuniya,2024-01-15,578.0,506.0,320.0,388.25,404.75,1
Potatoes (local),Vavuniya,2024-06-15,419.5,578.0,506.0,320.0,468.0,6
Potatoes (local),Vavuniya,2024-07-15,488.0,419.5,578.0,506.0,501.1666666666667,7
Potatoes (local),Vavuniya,2024-10-15,355.0,488.0,419.5,578.0,495.1666666666667,10
Potatoes (local),Vavuniya,2025-07-15,418.0,355.0,488.0,419.5,420.8333333333333,7
Potatoes (local),Vavuniya,2025-08-15,414.0,418.0,355.0,488.0,420.3333333333333,8
Potatoes (local),Vavuniya,2025-09-15,412.0,414.0,418.0,355.0,395.6666666666667,9
Pumpkin,Ampara,2023-09-15,145.0,181.67,177.33,164.17,174.39,9
Pumpkin,Ampara,2023-10-15,125.33,145.0,181.67,177.33,168.0,10
Pumpkin,Ampara,2023-11-15,148.33,125.33,145.0,181.67,150.66666666666666,11
Pumpkin,Ampara,2023-12-15,203.33,148.33,125.33,145.0,139.55333333333334,12
Pumpkin,Ampara,2024-01-15,241.33,203.33,148.33,125.33,158.99666666666667,1
Pumpkin,Ampara,2024-02-15,335.0,241.33,203.33,148.33,197.66333333333333,2
Pumpkin,Ampara,2024-03-15,325.0,335.0,241.33,203.33,259.8866666666667,3
Pumpkin,Ampara,2024-04-15,238.67,325.0,335.0,241.33,300.4433333333333,4
Pumpkin,Ampara,2024-05-15,158.33,238.67,325.0,335.0,299.5566666666667,5
Pumpkin,Ampara,2024-06-15,158.33,158.33,238.67,325.0,240.66666666666666,6
Pumpkin,Ampara,2024-07-15,263.0,158.33,158.33,238.67,185.11,7
Pumpkin,Ampara,2024-08-15,223.33,263.0,158.33,158.33,193.22000000000003,8
Pumpkin,Ampara,2024-09-15,161.33,223.33,263.0,158.33,214.88666666666668,9
Pumpkin,Ampara,2024-10-15,171.67,161.33,223.33,263.0,215.88666666666668,10
Pumpkin,Ampara,2024-11-15,209.17,171.67,161.33,223.33,185.44333333333336,11
Pumpkin,Ampara,2024-12-15,243.33,209.17,171.67,161.33,180.72333333333333,12
Pumpkin,Ampara,2025-01-15,222.92,243.33,209.17,171.67,208.05666666666664,1
Pumpkin,Ampara,2025-02-15,210.0,222.92,243.33,209.17,225.14000000000001,2
Pumpkin,Ampara,2025-03-15,224.0,210.0,222.92,243.33,225.41666666666666,3
Pumpkin,Ampara,2025-04-15,248.89,224.0,210.0,222.92,218.97333333333333,4
Pumpkin,Ampara,2025-05-15,298.33,248.89,224.0,210.0,227.63,5
Pumpkin,Ampara,2025-06-15,251.33,298.33,248.89,224.0,257.0733333333333,6
Pumpkin,Ampara,2025-07-15,192.5,251.33,298.33,248.89,266.18333333333334,7
Pumpkin,Ampara,2025-08-15,139.17,192.5,251.33,298.33,247.38666666666666,8
Pumpkin,Ampara,2025-09-15,137.33,139.17,192.5,251.33,194.33333333333334,9
Pumpkin,Anuradhapura,2023-09-15,136.0,174.0,194.4,167.0,178.46666666666667,9
Pumpkin,Anuradhapura,2023-10-15,136.8,136.0,174.0,194.4,168.13333333333333,10
Pumpkin,Anuradhapura,2023-11-15,156.0,136.8,136.0,174.0,148.93333333333337,11
Pumpkin,Anuradhapura,2023-12-15,234.0,156.0,136.8,136.0,142.93333333333337,12
Pumpkin,Anuradhapura,2024-01-15,256.8,234.0,156.0,136.8,175.60000000000002,1
Pumpkin,Anuradhapura,2024-02-15,343.0,256.8,234.0,156.0,215.6,2
Pumpkin,Anuradhapura,2024-03-15,302.0,343.0,256.8,234.0,277.93333333333334,3
Pumpkin,Anuradhapura,2024-04-15,221.6,302.0,343.0,256.8,300.59999999999997,4
Pumpkin,Anuradhapura,2024-05-15,147.0,221.6,302.0,343.0,288.8666666666667,5
Pumpkin,Anuradhapura,2024-06-15,234.0,147.0,221.6,302.0,223.53333333333333,6
Pumpkin,Anuradhapura,2024-07-15,268.8,234.0,147.0,221.6,200.86666666666667,7
Pumpkin,Anuradhapura,2024-08-15,232.0,268.8,234.0,147.0,216.6,8
Pumpkin,Anuradhapura,2024-09-15,161.68,232.0,268.8,234.0,244.9333333333333,9
Pumpkin,Anuradhapura,2024-10-15,195.0,161.68,232.0,268.8,220.82666666666668,10
Pumpkin,Anuradhapura,2024-11-15,224.0,195.0,161.68,232.0,196.2266666666667,11
Pumpkin,Anuradhapura,2024-12-15,260.0,224.0,195.0,161.68,193.56000000000003,12
Pumpkin,Anuradhapura,2025-01-15,260.0,260.0,224.0,195.0,226.33333333333334,1
Pumpkin,Anuradhapura,2025-02-15,228.0,260.0,260.0,224.0,248.0,2
Pumpkin,Anuradhapura,2025-03-15,235.2,228.0,260.0,260.0,249.33333333333334,3
Pumpkin,Anuradhapura,2025-04-15,305.0,235.2,228.0,260.0,241.0666666666667,4
Pumpkin,Anuradhapura,2025-05-15,284.0,305.0,235.2,228.0,256.06666666666666,5
Pumpkin,Anuradhapura,2025-06-15,220.8,284.0,305.0,235.2,274.73333333333335,6
Pumpkin,Anuradhapura,2025-07-15,200.0,220.8,284.0,305.0,269.93333333333334,7
Pumpkin,Anuradhapura,2025-08-15,136.0,200.0,220.8,284.0,234.9333333333333,8
Pumpkin,Anuradhapura,2025-09-15,129.6,136.0,200.0,220.8,185.6,9
Pumpkin,Badulla,2023-09-15,172.0,212.0,207.2,172.0,197.0666666666667,9
Pumpkin,Badulla,2023-10-15,151.6,172.0,212.0,207.2,197.0666666666667,10
Pumpkin,Badulla,2023-11-15,184.5,151.6,172.0,212.0,178.53333333333333,11
Pumpkin,Badulla,2023-12-15,231.0,184.5,151.6,172.0,169.36666666666667,12
Pumpkin,Badulla,2024-01-15,261.0,231.0,184.5,151.6,189.03333333333333,1
Pumpkin,Badulla,2024-02-15,344.0,261.0,231.0,184.5,225.5,2
Pumpkin,Badulla,2024-03-15,310.0,344.0,261.0,231.0,278.6666666666667,3
Pumpkin,Badulla,2024-04-15,228.6,310.0,344.0,261.0,305.0,4
Pumpkin,Badulla,2024-05-15,228.0,228.6,310.0,344.0,294.2,5
Pumpkin,Badulla,2024-06-15,248.12,228.0,228.6,310.0,255.53333333333333,6
Pumpkin,Badulla,2024-07-15,314.67,248.12,228.0,228.6,234.90666666666667,7
Pumpkin,Badulla,2024-08-15,248.0,314.67,248.12,228.0,263.59666666666664,8
Pumpkin,Badulla,2024-09-15,139.5,248.0,314.67,248.12,270.2633333333333,9
Pumpkin,Badulla,2024-10-15,194.0,139.5,248.0,314.67,234.05666666666664,10
Pumpkin,Badulla,2024-11-15,216.0,194.0,139.5,248.0,193.83333333333334,11
Pumpkin,Badulla,2024-12-15,242.7,216.0,194.0,139.5,183.16666666666666,12
Pumpkin,Badulla,2025-01-15,225.0,242.7,216.0,194.0,217.5666666666667,1
Pumpkin,Badulla,2025-02-15,240.0,225.0,242.7,216.0,227.9,2
Pumpkin,Badulla,2025-03-15,230.0,240.0,225.0,242.7,235.9,3
Pumpkin,Badulla,2025-04-15,287.5,230.0,240.0,225.0,231.66666666666666,4
Pumpkin,Badulla,2025-05-15,282.5,287.5,230.0,240.0,252.5,5
Pumpkin,Badulla,2025-06-15,236.0,282.5,287.5,230.0,266.6666666666667,6
Pumpkin,Badulla,2025-07-15,205.0,236.0,282.5,287.5,268.6666666666667,7
Pumpkin,Badulla,2025-08-15,153.75,205.0,236.0,282.5,241.16666666666666,8
Pumpkin,Badulla,2025-09-15,148.0,153.75,205.0,236.0,198.25,9
Pumpkin,Bandarawela,2023-09-15,158.0,198.0,168.0,158.0,174.66666666666666,9
Pumpkin,Bandarawela,2023-10-15,152.0,158.0,198.0,168.0,174.66666666666666,10
Pumpkin,Bandarawela,2023-11-15,183.0,152.0,158.0,198.0,169.33333333333334,11
Pumpkin,Bandarawela,2023-12-15,238.0,183.0,152.0,158.0,164.33333333333334,12
Pumpkin,Bandarawela,2024-01-15,245.6,238.0,183.0,152.0,191.0,1
Pumpkin,Bandarawela,2024-02-15,328.0,245.6,238.0,183.0,222.20000000000002,2
Pumpkin,Bandarawela,2024-05-15,220.0,328.0,245.6,238.0,270.53333333333336,5
Pumpkin,Bandarawela,2024-06-15,257.0,220.0,328.0,245.6,264.53333333333336,6
Pumpkin,Bandarawela,2024-07-15,285.6,257.0,220.0,328.0,268.3333333333333,7
Pumpkin,Bandarawela,2024-08-15,218.0,285.6,257.0,220.0,254.20000000000002,8
Pumpkin,Bandarawela,2024-09-15,175.2,218.0,285.6,257.0,253.53333333333333,9
Pumpkin,Bandarawela,2024-10-15,191.0,175.2,218.0,285.6,226.26666666666665,10
Pumpkin,Bandarawela,2024-11-15,192.0,191.0,175.2,218.0,194.73333333333335,11
Pumpkin,Bandarawela,2024-12-15,209.2,192.0,191.0,175.2,186.0666666666667,12
Pumpkin,Bandarawela,2025-01-15,239.0,209.2,192.0,191.0,197.4,1
Pumpkin,Bandarawela,2025-02-15,232.0,239.0,209.2,192.0,213.4,2
Pumpkin,Bandarawela,2025-03-15,234.4,232.0,239.0,209.2,226.73333333333335,3
Pumpkin,Bandarawela,2025-04-15,307.0,234.4,232.0,239.0,235.13333333333333,4
Pumpkin,Bandarawela,2025-05-15,283.0,307.0,234.4,232.0,257.8,5
Pumpkin,Bandarawela,2025-06-15,189.6,283.0,307.0,234.4,274.8,6
Pumpkin,Bandarawela,2025-07-15,154.0,189.6,283.0,307.0,259.8666666666667,7
Pumpkin,Bandarawela,2025-08-15,140.0,154.0,189.6,283.0,208.86666666666667,8
Pumpkin,Bandarawela,2025-09-15,136.8,140.0,154.0,189.6,161.20000000000002,9
Pumpkin,Batticaloa,2023-09-15,198.0,201.0,193.6,195.0,196.53333333333333,9
Pumpkin,Batticaloa,2023-10-15,175.2,198.0,201.0,193.6,197.53333333333333,10
Pumpkin,Batticaloa,2023-11-15,180.5,175.2,198.0,201.0,191.39999999999998,11
Pumpkin,Batticaloa,2023-12-15,225.0,180.5,175.2,198.0,184.56666666666663,12
Pumpkin,Batticaloa,2024-01-15,244.8,225.0,180.5,175.2,193.56666666666663,1
Pumpkin,Batticaloa,2024-02-15,389.5,244.8,225.0,180.5,216.76666666666668,2
Pumpkin,Batticaloa,2024-03-15,316.0,389.5,244.8,225.0,286.43333333333334,3
Pumpkin,Batticaloa,2024-04-15,253.6,316.0,389.5,244.8,316.7666666666667,4
Pumpkin,Batticaloa,2024-05-15,183.0,253.6,316.0,389.5,319.7,5
Pumpkin,Batticaloa,2024-06-15,183.0,183.0,253.6,316.0,250.86666666666667,6
Pumpkin,Batticaloa,2024-07-15,256.8,183.0,183.0,253.6,206.53333333333333,7
Pumpkin,Batticaloa,2024-08-15,235.0,256.8,183.0,183.0,207.6,8
Pumpkin,Batticaloa,2024-12-15,208.0,235.0,256.8,183.0,224.9333333333333,12
Pumpkin,Batticaloa,2025-01-15,209.58,208.0,235.0,256.8,233.26666666666665,1
Pumpkin,Batticaloa,2025-02-15,184.38,209.58,208.0,235.0,217.52666666666667,2
Pumpkin,Batticaloa,2025-03-15,210.5,184.38,209.58,208.0,200.65333333333334,3
Pumpkin,Batticaloa,2025-04-15,222.5,210.5,184.38,209.58,201.48666666666668,4
Pumpkin,Batticaloa,2025-06-15,183.5,222.5,210.5,184.38,205.79333333333332,6
Pumpkin,Batticaloa,2025-07-15,183.75,183.5,222.5,210.5,205.5,7
Pumpkin,Batticaloa,2025-08-15,145.62,183.75,183.5,222.5,196.58333333333334,8
Pumpkin,Batticaloa,2025-09-15,95.0,145.62,183.75,183.5,170.95666666666668,9
Pumpkin,Colombo City,2023-09-15,165.93,188.33,201.79,174.85,188.32333333333335,9
Pumpkin,Colombo City,2023-10-15,158.74,165.93,188.33,201.79,185.35,10
Pumpkin,Colombo City,2023-11-15,174.21,158.74,165.93,188.33,171.0,11
Pumpkin,Colombo City,2023-12-15,248.74,174.21,158.74,165.93,166.29333333333332,12
Pumpkin,Colombo City,2024-01-15,276.8,248.74,174.21,158.74,193.89666666666668,1
Pumpkin,Colombo City,2024-02-15,371.56,276.8,248.74,174.21,233.25,2
Pumpkin,Colombo City,2024-03-15,330.3,371.56,276.8,248.74,299.03333333333336,3
Pumpkin,Colombo City,2024-04-15,240.5,330.3,371.56,276.8,326.22,4
Pumpkin,Colombo City,2024-05-15,181.51,240.5,330.3,371.56,314.12000000000006,5
Pumpkin,Colombo City,2024-06-15,229.83,181.51,240.5,330.3,250.76999999999998,6
Pumpkin,Colombo City,2024-07-15,283.23,229.83,181.51,240.5,217.28,7
Pumpkin,Colombo City,2024-08-15,237.17,283.23,229.83,181.51,231.52333333333334,8
Pumpkin,Colombo City,2024-09-15,168.77,237.17,283.23,229.83,250.07666666666668,9
Pumpkin,Colombo City,2024-10-15,189.51,168.77,237.17,283.23,229.72333333333336,10
Pumpkin,Colombo City,2024-11-15,210.15,189.51,168.77,237.17,198.48333333333335,11
Pumpkin,Colombo City,2024-12-15,246.25,210.15,189.51,168.77,189.4766666666667,12
Pumpkin,Colombo City,2025-01-15,260.15,246.25,210.15,189.51,215.3033333333333,1
Pumpkin,Colombo City,2025-02-15,239.14,260.15,246.25,210.15,238.85,2
Pumpkin,Colombo City,2025-03-15,246.98,239.14,260.15,246.25,248.51333333333332,3
Pumpkin,Colombo City,2025-04-15,310.91,246.98,239.14,260.15,248.75666666666666,4
Pumpkin,Colombo City,2025-05-15,286.57,310.91,246.98,239.14,265.6766666666667,5
Pumpkin,Colombo City,2025-06-15,246.64,286.57,310.91,246.98,281.4866666666667,6
Pumpkin,Colombo City,2025-07-15,213.02,246.64,286.57,310.91,281.3733333333333,7
Pumpkin,Colombo City,2025-08-15,152.64,213.02,246.64,286.57,248.74333333333334,8
Pumpkin,Colombo City,2025-09-15,148.9,152.64,213.02,246.64,204.1,9
Pumpkin,Dammbagalla,2023-09-15,140.0,184.0,192.0,174.5,183.5,9
Pumpkin,Dammbagalla,2023-10-15,109.2,140.0,184.0,192.0,172.0,10
Pumpkin,Dammbagalla,2023-11-15,139.0,109.2,140.0,184.0,144.4,11
Pumpkin,Dammbagalla,2023-12-15,226.5,139.0,109.2,140.0,129.4,12
Pumpkin,Dammbagalla,2024-01-15,238.4,226.5,139.0,109.2,158.23333333333332,1
Pumpkin,Dammbagalla,2024-02-15,332.0,238.4,226.5,139.0,201.29999999999998,2
Pumpkin,Dammbagalla,2024-03-15,289.0,332.0,238.4,226.5,265.6333333333333,3
Pumpkin,Dammbagalla,2024-04-15,195.0,289.0,332.0,238.4,286.46666666666664,4
Pumpkin,Dammbagalla,2024-05-15,147.5,195.0,289.0,332.0,272.0,5
Pumpkin,Dammbagalla,2024-06-15,147.5,147.5,195.0,289.0,210.5,6
Pumpkin,Dammbagalla,2024-07-15,269.6,147.5,147.5,195.0,163.33333333333334,7
Pumpkin,Dammbagalla,2024-08-15,205.0,269.6,147.5,147.5,188.20000000000002,8
Pumpkin,Dammbagalla,2024-09-15,121.6,205.0,269.6,147.5,207.36666666666667,9
Pumpkin,Dammbagalla,2024-10-15,168.0,121.6,205.0,269.6,198.73333333333335,10
Pumpkin,Dammbagalla,2024-11-15,183.0,168.0,121.6,205.0,164.86666666666667,11
Pumpkin,Dammbagalla,2024-12-15,247.2,183.0,168.0,121.6,157.53333333333333,12
Pumpkin,Dammbagalla,2025-01-15,237.0,247.2,183.0,168.0,199.39999999999998,1
Pumpkin,Dammbagalla,2025-02-15,226.67,237.0,247.2,183.0,222.39999999999998,2
Pumpkin,Dammbagalla,2025-03-15,229.6,226.67,237.0,247.2,236.95666666666662,3
Pumpkin,Dammbagalla,2025-04-15,275.33,229.6,226.67,237.0,231.09,4
Pumpkin,Dammbagalla,2025-05-15,262.0,275.33,229.6,226.67,243.86666666666667,5
Pumpkin,Dammbagalla,2025-06-15,205.0,262.0,275.33,229.6,255.64333333333335,6
Pumpkin,Dammbagalla,2025-07-15,177.5,205.0,262.0,275.33,247.4433333333333,7
Pumpkin,Dammbagalla,2025-08-15,104.0,177.5,205.0,262.0,214.83333333333334,8
Pumpkin,Dammbagalla,2025-09-15,106.4,104.0,177.5,205.0,162.16666666666669,9
Pumpkin,Dehiattakandiya,2023-09-15,111.67,126.67,184.67,180.0,163.78,9
Pumpkin,Dehiattakandiya,2023-10-15,104.0,111.67,126.67,184.67,141.00333333333333,10
Pumpkin,Dehiattakandiya,2023-11-15,133.33,104.0,111.67,126.67,114.11333333333334,11
Pumpkin,Dehiattakandiya,2023-12-15,225.0,133.33,104.0,111.67,116.33333333333333,12
Pumpkin,Dehiattakandiya,2024-01-15,233.33,225.0,133.33,104.0,154.11,1
Pumpkin,Dehiattakandiya,2024-02-15,301.67,233.33,225.0,133.33,197.22000000000003,2
Pumpkin,Dehiattakandiya,2024-03-15,302.5,301.67,233.33,225.0,253.33333333333334,3
Pumpkin,Dehiattakandiya,2024-04-15,183.33,302.5,301.67,233.33,279.1666666666667,4
Pumpkin,Dehiattakandiya,2024-05-15,161.67,183.33,302.5,301.67,262.50000000000006,5
Pumpkin,Dehiattakandiya,2024-06-15,226.67,161.67,183.33,302.5,215.83333333333334,6
Pumpkin,Dehiattakandiya,2024-07-15,273.33,226.67,161.67,183.33,190.55666666666664,7
Pumpkin,Dehiattakandiya,2024-08-15,167.5,273.33,226.67,161.67,220.55666666666664,8
Pumpkin,Dehiattakandiya,2024-09-15,137.33,167.5,273.33,226.67,222.5,9
Pumpkin,Dehiattakandiya,2024-10-15,165.83,137.33,167.5,273.33,192.72000000000003,10
Pumpkin,Dehiattakandiya,2024-11-15,190.0,165.83,137.33,167.5,156.88666666666668,11
Pumpkin,Dehiattakandiya,2024-12-15,237.33,190.0,165.83,137.33,164.38666666666668,12
Pumpkin,Dehiattakandiya,2025-01-15,235.0,237.33,190.0,165.83,197.72000000000003,1
Pumpkin,Dehiattakandiya,2025-02-15,240.0,235.0,237.33,190.0,220.77666666666667,2
Pumpkin,Dehiattakandiya,2025-03-15,232.0,240.0,235.0,237.33,237.44333333333336,3
Pumpkin,Dehiattakandiya,2025-04-15,286.67,232.0,240.0,235.0,235.66666666666666,4
Pumpkin,Dehiattakandiya,2025-05-15,289.17,286.67,232.0,240.0,252.89,5
Pumpkin,Dehiattakandiya,2025-06-15,241.33,289.17,286.67,232.0,269.28,6
Pumpkin,Dehiattakandiya,2025-07-15,185.0,241.33,289.17,286.67,272.39,7
Pumpkin,Dehiattakandiya,2025-08-15,130.0,185.0,241.33,289.17,238.5,8
Pumpkin,Dehiattakandiya,2025-09-15,88.67,130.0,185.0,241.33,185.44333333333336,9
Pumpkin,Economic Centre - Peliyagoda,2022-10-15,258.4,239.23,218.52,273.57,243.7733333333333,10
Pumpkin,Economic Centre - Peliyagoda,2022-11-15,221.48,258.4,239.23,218.52,238.71666666666667,11
Pumpkin,Economic Centre - Peliyagoda,2022-12-15,113.0,221.48,258.4,239.23,239.70333333333335,12
Pumpkin,Economic Centre - Peliyagoda,2023-01-15,200.71,113.0,221.48,258.4,197.62666666666667,1
Pumpkin,Economic Centre - Peliyagoda,2023-02-15,57.0,200.71,113.0,221.48,178.39666666666668,2
Pumpkin,Economic Centre - Peliyagoda,2023-03-15,137.04,57.0,200.71,113.0,123.57,3
Pumpkin,Economic Centre - Peliyagoda,2023-04-15,133.57,137.04,57.0,200.71,131.58333333333334,4
Pumpkin,Economic Centre - Peliyagoda,2023-05-15,67.0,133.57,137.04,57.0,109.20333333333333,5
Pumpkin,Economic Centre-Dambulla,2020-04-15,58.0,80.89,160.83,93.05,111.59000000000002,4
Pumpkin,Economic Centre-Dambulla,2020-05-15,52.0,58.0,80.89,160.83,99.90666666666668,5
Pumpkin,Economic Centre-Dambulla,2020-06-15,52.2,52.0,58.0,80.89,63.63000000000002,6
Pumpkin,Economic Centre-Dambulla,2020-07-15,58.48,52.2,52.0,58.0,54.066666666666684,7
Pumpkin,Economic Centre-Dambulla,2020-08-15,111.58,58.48,52.2,52.0,54.22666666666668,8
Pumpkin,Economic Centre-Dambulla,2020-09-15,121.58,111.58,58.48,52.2,74.08666666666667,9
Pumpkin,Economic Centre-Dambulla,2020-10-15,121.58,121.58,111.58,58.48,97.21333333333332,10
Pumpkin,Economic Centre-Pettah,2020-06-15,55.0,117.78,208.33,115.24,147.11666666666667,6
Pumpkin,Economic Centre-Pettah,2020-07-15,69.26,55.0,117.78,208.33,127.03666666666668,7
Pumpkin,Economic Centre-Pettah,2020-08-15,141.79,69.26,55.0,117.78,80.68,8
Pumpkin,Economic Centre-Pettah,2020-09-15,168.33,141.79,69.26,55.0,88.68333333333335,9
Pumpkin,Economic Centre-Pettah,2020-10-15,168.33,168.33,141.79,69.26,126.46000000000002,10
Pumpkin,Embilipitiya,2023-09-15,163.45,170.65,208.8,162.26,180.57000000000002,9
Pumpkin,Embilipitiya,2023-10-15,140.81,163.45,170.65,208.8,180.96666666666667,10
Pumpkin,Embilipitiya,2023-11-15,170.12,140.81,163.45,170.65,158.3033333333333,11
Pumpkin,Embilipitiya,2023-12-15,219.67,170.12,140.81,163.45,158.12666666666667,12
Pumpkin,Embilipitiya,2024-01-15,253.13,219.67,170.12,140.81,176.86666666666665,1
Pumpkin,Embilipitiya,2024-02-15,372.08,253.13,219.67,170.12,214.3066666666667,2
Pumpkin,Embilipitiya,2024-03-15,298.75,372.08,253.13,219.67,281.62666666666667,3
Pumpkin,Embilipitiya,2024-04-15,198.57,298.75,372.08,253.13,307.9866666666667,4
Pumpkin,Embilipitiya,2024-05-15,157.08,198.57,298.75,372.08,289.79999999999995,5
Pumpkin,Embilipitiya,2024-06-15,232.0,157.08,198.57,298.75,218.13333333333333,6
Pumpkin,Embilipitiya,2024-07-15,274.0,232.0,157.08,198.57,195.88333333333333,7
Pumpkin,Embilipitiya,2024-08-15,229.0,274.0,232.0,157.08,221.02666666666664,8
Pumpkin,Embilipitiya,2024-09-15,153.27,229.0,274.0,232.0,245.0,9
Pumpkin,Embilipitiya,2024-10-15,180.0,153.27,229.0,274.0,218.75666666666666,10
Pumpkin,Embilipitiya,2024-11-15,205.0,180.0,153.27,229.0,187.42333333333332,11
Pumpkin,Embilipitiya,2024-12-15,246.0,205.0,180.0,153.27,179.42333333333332,12
Pumpkin,Embilipitiya,2025-01-15,229.5,246.0,205.0,180.0,210.33333333333334,1
Pumpkin,Embilipitiya,2025-02-15,216.5,229.5,246.0,205.0,226.83333333333334,2
Pumpkin,Embilipitiya,2025-03-15,235.2,216.5,229.5,246.0,230.66666666666666,3
Pumpkin,Embilipitiya,2025-04-15,311.38,235.2,216.5,229.5,227.06666666666663,4
Pumpkin,Embilipitiya,2025-05-15,265.0,311.38,235.2,216.5,254.35999999999999,5
Pumpkin,Embilipitiya,2025-06-15,231.6,265.0,311.38,235.2,270.52666666666664,6
Pumpkin,Embilipitiya,2025-07-15,188.5,231.6,265.0,311.38,269.32666666666665,7
Pumpkin,Embilipitiya,2025-08-15,128.0,188.5,231.6,265.0,228.36666666666665,8
Pumpkin,Embilipitiya,2025-09-15,104.8,128.0,188.5,231.6,182.69999999999996,9
Pumpkin,Galenbindunuwewa,2023-09-15,121.0,172.0,208.8,189.0,189.9333333333333,9
Pumpkin,Galenbindunuwewa,2023-10-15,100.8,121.0,172.0,208.8,167.26666666666668,10
Pumpkin,Galenbindunuwewa,2023-11-15,143.0,100.8,121.0,172.0,131.26666666666668,11
Pumpkin,Galenbindunuwewa,2023-12-15,212.0,143.0,100.8,121.0,121.60000000000001,12
Pumpkin,Galenbindunuwewa,2024-01-15,227.2,212.0,143.0,100.8,151.93333333333334,1
Pumpkin,Galenbindunuwewa,2024-02-15,309.0,227.2,212.0,143.0,194.0666666666667,2
Pumpkin,Galenbindunuwewa,2024-03-15,294.0,309.0,227.2,212.0,249.4,3
Pumpkin,Galenbindunuwewa,2024-04-15,183.2,294.0,309.0,227.2,276.73333333333335,4
Pumpkin,Galenbindunuwewa,2024-05-15,145.0,183.2,294.0,309.0,262.06666666666666,5
Pumpkin,Galenbindunuwewa,2024-06-15,222.0,145.0,183.2,294.0,207.4,6
Pumpkin,Galenbindunuwewa,2024-07-15,284.0,222.0,145.0,183.2,183.4,7
Pumpkin,Galenbindunuwewa,2024-12-15,304.0,284.0,222.0,145.0,217.0,12
Pumpkin,Galenbindunuwewa,2025-01-15,243.5,304.0,284.0,222.0,270.0,1
Pumpkin,Galenbindunuwewa,2025-02-15,226.88,243.5,304.0,284.0,277.1666666666667,2
Pumpkin,Galenbindunuwewa,2025-03-15,239.5,226.88,243.5,304.0,258.12666666666667,3
Pumpkin,Galenbindunuwewa,2025-04-15,292.5,239.5,226.88,243.5,236.62666666666667,4
Pumpkin,Galenbindunuwewa,2025-06-15,247.06,292.5,239.5,226.88,252.96,6
Pumpkin,Galenbindunuwewa,2025-07-15,220.0,247.06,292.5,239.5,259.68666666666667,7
Pumpkin,Galenbindunuwewa,2025-08-15,132.0,220.0,247.06,292.5,253.18666666666664,8
Pumpkin,Galenbindunuwewa,2025-09-15,99.2,132.0,220.0,247.06,199.68666666666664,9
Pumpkin,Galle,2023-09-15,127.0,170.67,186.0,163.5,173.39,9
Pumpkin,Galle,2023-10-15,122.4,127.0,170.67,186.0,161.22333333333333,10
Pumpkin,Galle,2023-11-15,141.5,122.4,127.0,170.67,140.02333333333334,11
Pumpkin,Galle,2023-12-15,180.5,141.5,122.4,127.0,130.29999999999998,12
Pumpkin,Galle,2024-01-15,212.67,180.5,141.5,122.4,148.13333333333333,1
Pumpkin,Galle,2024-02-15,321.25,212.67,180.5,141.5,178.22333333333336,2
Pumpkin,Galle,2024-03-15,283.12,321.25,212.67,180.5,238.14000000000001,3
Pumpkin,Galle,2024-04-15,180.0,283.12,321.25,212.67,272.34666666666664,4
Pumpkin,Galle,2024-05-15,123.75,180.0,283.12,321.25,261.45666666666665,5
Pumpkin,Galle,2024-06-15,185.42,123.75,180.0,283.12,195.62333333333333,6
Pumpkin,Galle,2024-07-15,214.0,185.42,123.75,180.0,163.05666666666664,7
Pumpkin,Galle,2024-08-15,212.92,214.0,185.42,123.75,174.39,8
Pumpkin,Galle,2024-09-15,174.0,212.92,214.0,185.42,204.11333333333332,9
Pumpkin,Galle,2024-10-15,142.0,174.0,212.92,214.0,200.3066666666667,10
Pumpkin,Galle,2024-11-15,167.5,142.0,174.0,212.92,176.3066666666667,11
Pumpkin,Galle,2024-12-15,216.0,167.5,142.0,174.0,161.16666666666666,12
Pumpkin,Galle,2025-01-15,207.5,216.0,167.5,142.0,175.16666666666666,1
Pumpkin,Galle,2025-02-15,227.5,207.5,216.0,167.5,197.0,2
Pumpkin,Galle,2025-03-15,231.0,227.5,207.5,216.0,217.0,3
Pumpkin,Galle,2025-04-15,318.33,231.0,227.5,207.5,222.0,4
Pumpkin,Galle,2025-05-15,273.75,318.33,231.0,227.5,258.9433333333333,5
Pumpkin,Galle,2025-06-15,207.0,273.75,318.33,231.0,274.35999999999996,6
Pumpkin,Galle,2025-07-15,171.25,207.0,273.75,318.33,266.35999999999996,7
Pumpkin,Galle,2025-08-15,119.38,171.25,207.0,273.75,217.33333333333334,8
Pumpkin,Galle,2025-09-15,120.5,119.38,171.25,207.0,165.87666666666667,9
Pumpkin,Gampaha,2023-09-15,162.5,212.5,205.6,180.0,199.36666666666667,9
Pumpkin,Gampaha,2023-10-15,124.0,162.5,212.5,205.6,193.53333333333333,10
Pumpkin,Gampaha,2023-11-15,142.5,124.0,162.5,212.5,166.33333333333334,11
Pumpkin,Gampaha,2023-12-15,242.5,142.5,124.0,162.5,143.0,12
Pumpkin,Gampaha,2024-01-15,271.0,242.5,142.5,124.0,169.66666666666666,1
Pumpkin,Gampaha,2024-02-15,392.5,271.0,242.5,142.5,218.66666666666666,2
Pumpkin,Gampaha,2024-07-15,265.0,392.5,271.0,242.5,302.0,7
Pumpkin,Gampaha,2024-08-15,282.75,265.0,392.5,271.0,309.5,8
Pumpkin,Gampaha,2024-09-15,162.8,282.75,265.0,392.5,313.4166666666667,9
Pumpkin,Gampaha,2024-10-15,190.0,162.8,282.75,265.0,236.85,10
Pumpkin,Gampaha,2024-11-15,218.75,190.0,162.8,282.75,211.85,11
Pumpkin,Gampaha,2024-12-15,269.0,218.75,190.0,162.8,190.51666666666665,12
Pumpkin,Gampaha,2025-01-15,305.0,269.0,218.75,190.0,225.91666666666666,1
Pumpkin,Gampaha,2025-02-15,278.75,305.0,269.0,218.75,264.25,2
Pumpkin,Gampaha,2025-03-15,278.0,278.75,305.0,269.0,284.25,3
Pumpkin,Gampaha,2025-04-15,322.5,278.0,278.75,305.0,287.25,4
Pumpkin,Gampaha,2025-05-15,308.96,322.5,278.0,278.75,293.0833333333333,5
Pumpkin,Gampaha,2025-06-15,244.0,308.96,322.5,278.0,303.15333333333336,6
Pumpkin,Gampaha,2025-07-15,251.25,244.0,308.96,322.5,291.82,7
Pumpkin,Gampaha,2025-08-15,163.12,251.25,244.0,308.96,268.07,8
Pumpkin,Gampaha,2025-09-15,124.0,163.12,251.25,244.0,219.45666666666668,9
Pumpkin,Hambantota,2023-09-15,126.25,152.5,179.33,148.33,160.05333333333334,9
Pumpkin,Hambantota,2023-10-15,123.67,126.25,152.5,179.33,152.69333333333336,10
Pumpkin,Hambantota,2023-11-15,151.25,123.67,126.25,152.5,134.14000000000001,11
Pumpkin,Hambantota,2023-12-15,219.58,151.25,123.67,126.25,133.72333333333333,12
Pumpkin,Hambantota,2024-01-15,233.67,219.58,151.25,123.67,164.83333333333334,1
Pumpkin,Hambantota,2024-02-15,345.42,233.67,219.58,151.25,201.5,2
Pumpkin,Hambantota,2024-03-15,306.67,345.42,233.67,219.58,266.22333333333336,3
Pumpkin,Hambantota,2024-04-15,190.17,306.67,345.42,233.67,295.25333333333333,4
Pumpkin,Hambantota,2024-05-15,146.67,190.17,306.67,345.42,280.75333333333333,5
Pumpkin,Hambantota,2024-06-15,181.67,146.67,190.17,306.67,214.50333333333333,6
Pumpkin,Hambantota,2024-07-15,185.0,181.67,146.67,190.17,172.83666666666667,7
Pumpkin,Hambantota,2024-08-15,189.62,185.0,181.67,146.67,171.11333333333334,8
Pumpkin,Hambantota,2024-09-15,125.67,189.62,185.0,181.67,185.42999999999998,9
Pumpkin,Hambantota,2024-10-15,153.5,125.67,189.62,185.0,166.76333333333335,10
Pumpkin,Hambantota,2024-11-15,174.88,153.5,125.67,189.62,156.26333333333332,11
Pumpkin,Hambantota,2024-12-15,222.4,174.88,153.5,125.67,151.35,12
Pumpkin,Hambantota,2025-01-15,211.0,222.4,174.88,153.5,183.59333333333333,1
Pumpkin,Hambantota,2025-02-15,214.0,211.0,222.4,174.88,202.76,2
Pumpkin,Hambantota,2025-03-15,215.7,214.0,211.0,222.4,215.79999999999998,3
Pumpkin,Hambantota,2025-04-15,295.12,215.7,214.0,211.0,213.5666666666667,4
Pumpkin,Hambantota,2025-05-15,265.62,295.12,215.7,214.0,241.60666666666668,5
Pumpkin,Hambantota,2025-08-15,165.33,265.62,295.12,215.7,258.81333333333333,8
Pumpkin,Hambantota,2025-09-15,134.4,165.33,265.62,295.12,242.02333333333334,9
Pumpkin,Hanguranketha,2023-09-15,93.75,136.0,153.2,128.75,139.31666666666666,9
Pumpkin,Hanguranketha,2023-10-15,92.2,93.75,136.0,153.2,127.64999999999999,10
Pumpkin,Hanguranketha,2023-11-15,114.75,92.2,93.75,136.0,107.31666666666666,11
Pumpkin,Hanguranketha,2023-12-15,173.0,114.75,92.2,93.75,100.23333333333333,12
Pumpkin,Hanguranketha,2024-01-15,192.8,173.0,114.75,92.2,126.64999999999999,1
Pumpkin,Hanguranketha,2024-02-15,291.5,192.8,173.0,114.75,160.18333333333334,2
Pumpkin,Hanguranketha,2024-03-15,255.5,291.5,192.8,173.0,219.1,3
Pumpkin,Hanguranketha,2024-04-15,163.8,255.5,291.5,192.8,246.6,4
Pumpkin,Hanguranketha,2024-05-15,111.0,163.8,255.5,291.5,236.93333333333337,5
Pumpkin,Hanguranketha,2024-06-15,140.0,111.0,163.8,255.5,176.76666666666665,6
Pumpkin,Hanguranketha,2024-07-15,201.9,140.0,111.0,163.8,138.26666666666668,7
Pumpkin,Hanguranketha,2024-08-15,155.75,201.9,140.0,111.0,150.96666666666667,8
Pumpkin,Hanguranketha,2024-09-15,89.07,155.75,201.9,140.0,165.88333333333333,9
Pumpkin,Hanguranketha,2024-10-15,117.0,89.07,155.75,201.9,148.90666666666667,10
Pumpkin,Hanguranketha,2024-11-15,122.0,117.0,89.07,155.75,120.60666666666667,11
Pumpkin,Hanguranketha,2024-12-15,176.4,122.0,117.0,89.07,109.35666666666667,12
Pumpkin,Hanguranketha,2025-01-15,171.0,176.4,122.0,117.0,138.46666666666667,1
Pumpkin,Hanguranketha,2025-02-15,147.0,171.0,176.4,122.0,156.46666666666667,2
Pumpkin,Hanguranketha,2025-03-15,163.2,147.0,171.0,176.4,164.79999999999998,3
Pumpkin,Hanguranketha,2025-04-15,194.58,163.2,147.0,171.0,160.4,4
Pumpkin,Hanguranketha,2025-05-15,195.0,194.58,163.2,147.0,168.26000000000002,5
Pumpkin,Hanguranketha,2025-08-15,85.0,195.0,194.58,163.2,184.26,8
Pumpkin,Hanguranketha,2025-09-15,72.75,85.0,195.0,194.58,158.19333333333336,9
Pumpkin,Jaffna,2023-09-15,113.67,112.92,123.0,98.33,111.41666666666667,9
Pumpkin,Jaffna,2023-10-15,71.0,113.67,112.92,123.0,116.53000000000002,10
Pumpkin,Jaffna,2023-11-15,82.5,71.0,113.67,112.92,99.19666666666667,11
Pumpkin,Jaffna,2023-12-15,153.25,82.5,71.0,113.67,89.05666666666667,12
Pumpkin,Jaffna,2024-01-15,159.8,153.25,82.5,71.0,102.25,1
Pumpkin,Jaffna,2024-02-15,226.25,159.8,153.25,82.5,131.85,2
Pumpkin,Jaffna,2024-03-15,200.5,226.25,159.8,153.25,179.76666666666665,3
Pumpkin,Jaffna,2024-04-15,138.4,200.5,226.25,159.8,195.51666666666665,4
Pumpkin,Jaffna,2024-05-15,102.0,138.4,200.5,226.25,188.38333333333333,5
Pumpkin,Jaffna,2024-06-15,158.0,102.0,138.4,200.5,146.96666666666667,6
Pumpkin,Jaffna,2024-07-15,190.0,158.0,102.0,138.4,132.79999999999998,7
Pumpkin,Jaffna,2024-08-15,152.0,190.0,158.0,102.0,150.0,8
Pumpkin,Jaffna,2024-09-15,95.4,152.0,190.0,158.0,166.66666666666666,9
Pumpkin,Jaffna,2024-10-15,101.25,95.4,152.0,190.0,145.8,10
Pumpkin,Jaffna,2024-11-15,129.0,101.25,95.4,152.0,116.21666666666665,11
Pumpkin,Jaffna,2024-12-15,183.6,129.0,101.25,95.4,108.55,12
Pumpkin,Jaffna,2025-01-15,154.38,183.6,129.0,101.25,137.95000000000002,1
Pumpkin,Jaffna,2025-02-15,145.0,154.38,183.6,129.0,155.66,2
Pumpkin,Jaffna,2025-03-15,134.0,145.0,154.38,183.6,160.99333333333334,3
Pumpkin,Jaffna,2025-06-15,138.0,134.0,145.0,154.38,144.46,6
Pumpkin,Jaffna,2025-07-15,116.5,138.0,134.0,145.0,139.0,7
Pumpkin,Jaffna,2025-08-15,96.0,116.5,138.0,134.0,129.5,8
Pumpkin,Jaffna,2025-09-15,65.3,96.0,116.5,138.0,116.83333333333333,9
Pumpkin,Kalutara,2023-09-15,147.0,150.0,170.4,150.0,156.79999999999998,9
Pumpkin,Kalutara,2023-10-15,128.2,147.0,150.0,170.4,155.79999999999998,10
Pumpkin,Kalutara,2023-11-15,148.0,128.2,147.0,150.0,141.73333333333335,11
Pumpkin,Kalutara,2023-12-15,192.0,148.0,128.2,147.0,141.0666666666667,12
Pumpkin,Kalutara,2024-01-15,221.2,192.0,148.0,128.2,156.0666666666667,1
Pumpkin,Kalutara,2024-02-15,322.5,221.2,192.0,148.0,187.06666666666663,2
Pumpkin,Kalutara,2024-03-15,282.5,322.5,221.2,192.0,245.23333333333332,3
Pumpkin,Kalutara,2024-04-15,213.2,282.5,322.5,221.2,275.4,4
Pumpkin,Kalutara,2024-05-15,150.5,213.2,282.5,322.5,272.73333333333335,5
Pumpkin,Kalutara,2024-06-15,211.0,150.5,213.2,282.5,215.4,6
Pumpkin,Kalutara,2024-07-15,215.0,211.0,150.5,213.2,191.5666666666667,7
Pumpkin,Kalutara,2024-09-15,176.5,215.0,211.0,150.5,192.16666666666666,9
Pumpkin,Kalutara,2024-10-15,173.0,176.5,215.0,211.0,200.83333333333334,10
Pumpkin,Kalutara,2024-11-15,177.0,173.0,176.5,215.0,188.16666666666666,11
Pumpkin,Kalutara,2024-12-15,291.6,177.0,173.0,176.5,175.5,12
Pumpkin,Kalutara,2025-01-15,260.0,291.6,177.0,173.0,213.86666666666667,1
Pumpkin,Kalutara,2025-02-15,224.0,260.0,291.6,177.0,242.86666666666667,2
Pumpkin,Kalutara,2025-03-15,238.5,224.0,260.0,291.6,258.53333333333336,3
Pumpkin,Kalutara,2025-04-15,315.0,238.5,224.0,260.0,240.83333333333334,4
Pumpkin,Kalutara,2025-05-15,294.0,315.0,238.5,224.0,259.1666666666667,5
Pumpkin,Kalutara,2025-06-15,244.8,294.0,315.0,238.5,282.5,6
Pumpkin,Kalutara,2025-07-15,213.5,244.8,294.0,315.0,284.59999999999997,7
Pumpkin,Kalutara,2025-08-15,182.0,213.5,244.8,294.0,250.76666666666665,8
Pumpkin,Kalutara,2025-09-15,174.8,182.0,213.5,244.8,213.4333333333333,9
Pumpkin,Kandy,2023-09-15,110.0,164.0,174.4,159.0,165.79999999999998,9
Pumpkin,Kandy,2023-10-15,110.0,110.0,164.0,174.4,149.46666666666667,10
Pumpkin,Kandy,2023-11-15,136.5,110.0,110.0,164.0,128.0,11
Pumpkin,Kandy,2023-12-15,240.0,136.5,110.0,110.0,118.83333333333333,12
Pumpkin,Kandy,2024-01-15,236.8,240.0,136.5,110.0,162.16666666666666,1
Pumpkin,Kandy,2024-02-15,311.0,236.8,240.0,136.5,204.4333333333333,2
Pumpkin,Kandy,2024-03-15,275.0,311.0,236.8,240.0,262.59999999999997,3
Pumpkin,Kandy,2024-04-15,195.2,275.0,311.0,236.8,274.26666666666665,4
Pumpkin,Kandy,2024-05-15,126.0,195.2,275.0,311.0,260.40000000000003,5
Pumpkin,Kandy,2024-06-15,213.0,126.0,195.2,275.0,198.73333333333335,6
Pumpkin,Kandy,2024-07-15,233.6,213.0,126.0,195.2,178.0666666666667,7
Pumpkin,Kandy,2024-08-15,174.0,233.6,213.0,126.0,190.86666666666667,8
Pumpkin,Kandy,2024-09-15,117.6,174.0,233.6,213.0,206.86666666666667,9
Pumpkin,Kandy,2024-10-15,146.0,117.6,174.0,233.6,175.0666666666667,10
Pumpkin,Kandy,2024-11-15,160.0,146.0,117.6,174.0,145.86666666666665,11
Pumpkin,Kandy,2024-12-15,224.0,160.0,146.0,117.6,141.20000000000002,12
Pumpkin,Kandy,2025-01-15,176.0,224.0,160.0,146.0,176.66666666666666,1
Pumpkin,Kandy,2025-02-15,186.0,176.0,224.0,160.0,186.66666666666666,2
Pumpkin,Kandy,2025-03-15,200.8,186.0,176.0,224.0,195.33333333333334,3
Pumpkin,Kandy,2025-04-15,289.33,200.8,186.0,176.0,187.6,4
Pumpkin,Kandy,2025-05-15,247.0,289.33,200.8,186.0,225.37666666666667,5
Pumpkin,Kandy,2025-06-15,172.8,247.0,289.33,200.8,245.71,6
Pumpkin,Kandy,2025-07-15,165.0,172.8,247.0,289.33,236.37666666666664,7
Pumpkin,Kandy,2025-08-15,124.0,165.0,172.8,247.0,194.9333333333333,8
Pumpkin,Kandy,2025-09-15,114.4,124.0,165.0,172.8,153.93333333333334,9
Pumpkin,Kegalle,2023-09-15,135.0,188.5,184.8,166.5,179.9333333333333,9
Pumpkin,Kegalle,2023-10-15,146.4,135.0,188.5,184.8,169.43333333333334,10
Pumpkin,Kegalle,2023-11-15,137.0,146.4,135.0,188.5,156.63333333333333,11
Pumpkin,Kegalle,2023-12-15,220.5,137.0,146.4,135.0,139.46666666666667,12
Pumpkin,Kegalle,2024-01-15,241.6,220.5,137.0,146.4,167.96666666666667,1
Pumpkin,Kegalle,2024-02-15,370.0,241.6,220.5,137.0,199.70000000000002,2
Pumpkin,Kegalle,2024-03-15,310.0,370.0,241.6,220.5,277.3666666666667,3
Pumpkin,Kegalle,2024-04-15,244.8,310.0,370.0,241.6,307.2,4
Pumpkin,Kegalle,2024-05-15,173.0,244.8,310.0,370.0,308.26666666666665,5
Pumpkin,Kegalle,2024-06-15,173.0,173.0,244.8,310.0,242.6,6
Pumpkin,Kegalle,2024-07-15,274.4,173.0,173.0,244.8,196.9333333333333,7
Pumpkin,Kegalle,2024-08-15,210.0,274.4,173.0,173.0,206.79999999999998,8
Pumpkin,Kegalle,2024-09-15,136.0,210.0,274.4,173.0,219.13333333333333,9
Pumpkin,Kegalle,2024-10-15,186.0,136.0,210.0,274.4,206.79999999999998,10
Pumpkin,Kegalle,2024-11-15,216.0,186.0,136.0,210.0,177.33333333333334,11
Pumpkin,Kegalle,2024-12-15,240.0,216.0,186.0,136.0,179.33333333333334,12
Pumpkin,Kegalle,2025-01-15,252.0,240.0,216.0,186.0,214.0,1
Pumpkin,Kegalle,2025-02-15,216.0,252.0,240.0,216.0,236.0,2
Pumpkin,Kegalle,2025-03-15,248.0,216.0,252.0,240.0,236.0,3
Pumpkin,Kegalle,2025-04-15,280.0,248.0,216.0,252.0,238.66666666666666,4
Pumpkin,Kegalle,2025-05-15,292.0,280.0,248.0,216.0,248.0,5
Pumpkin,Kegalle,2025-06-15,232.0,292.0,280.0,248.0,273.3333333333333,6
Pumpkin,Kegalle,2025-07-15,216.0,232.0,292.0,280.0,268.0,7
Pumpkin,Kegalle,2025-08-15,146.0,216.0,232.0,292.0,246.66666666666666,8
Pumpkin,Kegalle,2025-09-15,132.0,146.0,216.0,232.0,198.0,9
Pumpkin,Keppetipola (DEC},2023-09-15,149.0,190.0,190.4,167.0,182.46666666666667,9
Pumpkin,Keppetipola (DEC},2023-10-15,139.6,149.0,190.0,190.4,176.46666666666667,10
Pumpkin,Keppetipola (DEC},2023-11-15,171.0,139.6,149.0,190.0,159.53333333333333,11
Pumpkin,Keppetipola (DEC},2023-12-15,235.0,171.0,139.6,149.0,153.20000000000002,12
Pumpkin,Keppetipola (DEC},2024-01-15,226.8,235.0,171.0,139.6,181.86666666666667,1
Pumpkin,Keppetipola (DEC},2024-02-15,328.5,226.8,235.0,171.0,210.9333333333333,2
Pumpkin,Keppetipola (DEC},2024-03-15,274.0,328.5,226.8,235.0,263.43333333333334,3
Pumpkin,Keppetipola (DEC},2024-04-15,192.4,274.0,328.5,226.8,276.43333333333334,4
Pumpkin,Keppetipola (DEC},2024-05-15,128.5,192.4,274.0,328.5,264.9666666666667,5
Pumpkin,Keppetipola (DEC},2024-06-15,213.0,128.5,192.4,274.0,198.29999999999998,6
Pumpkin,Keppetipola (DEC},2024-07-15,238.4,213.0,128.5,192.4,177.96666666666667,7
Pumpkin,Keppetipola (DEC},2024-08-15,221.5,238.4,213.0,128.5,193.30000000000004,8
Pumpkin,Keppetipola (DEC},2024-09-15,142.8,221.5,238.4,213.0,224.30000000000004,9
Pumpkin,Keppetipola (DEC},2024-10-15,184.0,142.8,221.5,238.4,200.9,10
Pumpkin,Keppetipola (DEC},2024-11-15,187.0,184.0,142.8,221.5,182.76666666666665,11
Pumpkin,Keppetipola (DEC},2024-12-15,219.2,187.0,184.0,142.8,171.26666666666665,12
Pumpkin,Keppetipola (DEC},2025-01-15,214.0,219.2,187.0,184.0,196.73333333333335,1
Pumpkin,Keppetipola (DEC},2025-02-15,190.12,214.0,219.2,187.0,206.73333333333335,2
Pumpkin,Keppetipola (DEC},2025-03-15,224.6,190.12,214.0,219.2,207.7733333333333,3
Pumpkin,Keppetipola (DEC},2025-04-15,239.75,224.6,190.12,214.0,209.57333333333335,4
Pumpkin,Keppetipola (DEC},2025-05-15,234.38,239.75,224.6,190.12,218.15666666666667,5
Pumpkin,Keppetipola (DEC},2025-06-15,199.5,234.38,239.75,224.6,232.91,6
Pumpkin,Keppetipola (DEC},2025-07-15,165.0,199.5,234.38,239.75,224.54333333333332,7
Pumpkin,Keppetipola (DEC},2025-08-15,113.75,165.0,199.5,234.38,199.62666666666667,8
Pumpkin,Keppetipola (DEC},2025-09-15,108.5,113.75,165.0,199.5,159.41666666666666,9
Pumpkin,Kilinochchi,2023-09-15,151.5,158.5,176.6,170.5,168.53333333333333,9
Pumpkin,Kilinochchi,2023-10-15,124.0,151.5,158.5,176.6,162.20000000000002,10
Pumpkin,Kilinochchi,2023-11-15,139.25,124.0,151.5,158.5,144.66666666666666,11
Pumpkin,Kilinochchi,2023-12-15,224.67,139.25,124.0,151.5,138.25,12
Pumpkin,Kilinochchi,2024-01-15,202.2,224.67,139.25,124.0,162.64,1
Pumpkin,Kilinochchi,2024-02-15,378.0,202.2,224.67,139.25,188.70666666666662,2
Pumpkin,Kilinochchi,2024-03-15,297.5,378.0,202.2,224.67,268.28999999999996,3
Pumpkin,Kilinochchi,2024-04-15,188.0,297.5,378.0,202.2,292.56666666666666,4
Pumpkin,Kilinochchi,2024-05-15,161.0,188.0,297.5,378.0,287.8333333333333,5
Pumpkin,Kilinochchi,2024-06-15,161.0,161.0,188.0,297.5,215.5,6
Pumpkin,Kilinochchi,2024-07-15,277.6,161.0,161.0,188.0,170.0,7
Pumpkin,Kilinochchi,2024-08-15,213.5,277.6,161.0,161.0,199.86666666666667,8
Pumpkin,Kilinochchi,2024-09-15,164.4,213.5,277.6,161.0,217.36666666666667,9
Pumpkin,Kilinochchi,2024-10-15,173.5,164.4,213.5,277.6,218.5,10
Pumpkin,Kilinochchi,2024-11-15,198.5,173.5,164.4,213.5,183.79999999999998,11
Pumpkin,Kilinochchi,2024-12-15,237.6,198.5,173.5,164.4,178.79999999999998,12
Pumpkin,Kilinochchi,2025-01-15,226.25,237.6,198.5,173.5,203.20000000000002,1
Pumpkin,Kilinochchi,2025-02-15,200.0,226.25,237.6,198.5,220.78333333333333,2
Pumpkin,Kilinochchi,2025-03-15,197.6,200.0,226.25,237.6,221.28333333333333,3
Pumpkin,Kilinochchi,2025-04-15,231.0,197.6,200.0,226.25,207.95000000000002,4
Pumpkin,Kilinochchi,2025-05-15,239.5,231.0,197.6,200.0,209.53333333333333,5
Pumpkin,Kilinochchi,2025-06-15,176.5,239.5,231.0,197.6,222.70000000000002,6
Pumpkin,Kilinochchi,2025-09-15,110.4,176.5,239.5,231.0,215.66666666666666,9
Pumpkin,Kurunegala,2023-09-15,117.0,180.0,188.8,173.5,180.76666666666665,9
Pumpkin,Kurunegala,2023-10-15,122.4,117.0,180.0,188.8,161.93333333333334,10
Pumpkin,Kurunegala,2023-11-15,148.0,122.4,117.0,180.0,139.79999999999998,11
Pumpkin,Kurunegala,2023-12-15,208.0,148.0,122.4,117.0,129.13333333333333,12
Pumpkin,Kurunegala,2024-01-15,233.0,208.0,148.0,122.4,159.46666666666667,1
Pumpkin,Kurunegala,2024-02-15,332.75,233.0,208.0,148.0,196.33333333333334,2
Pumpkin,Kurunegala,2024-03-15,297.0,332.75,233.0,208.0,257.9166666666667,3
Pumpkin,Kurunegala,2024-04-15,220.8,297.0,332.75,233.0,287.5833333333333,4
Pumpkin,Kurunegala,2024-05-15,189.0,220.8,297.0,332.75,283.51666666666665,5
Pumpkin,Kurunegala,2024-06-15,198.0,189.0,220.8,297.0,235.6,6
Pumpkin,Kurunegala,2024-09-15,207.92,198.0,189.0,220.8,202.6,9
Pumpkin,Kurunegala,2024-10-15,172.08,207.92,198.0,189.0,198.30666666666664,10
Pumpkin,Kurunegala,2024-11-15,225.0,172.08,207.92,198.0,192.66666666666666,11
Pumpkin,Kurunegala,2024-12-15,273.67,225.0,172.08,207.92,201.66666666666666,12
Pumpkin,Kurunegala,2025-01-15,296.04,273.67,225.0,172.08,223.58333333333334,1
Pumpkin,Kurunegala,2025-02-15,283.75,296.04,273.67,225.0,264.90333333333336,2
Pumpkin,Kurunegala,2025-03-15,258.17,283.75,296.04,273.67,284.4866666666667,3
Pumpkin,Kurunegala,2025-04-15,298.33,258.17,283.75,296.04,279.32,4
Pumpkin,Kurunegala,2025-05-15,299.58,298.33,258.17,283.75,280.0833333333333,5
Pumpkin,Kurunegala,2025-06-15,224.33,299.58,298.33,258.17,285.35999999999996,6
Pumpkin,Kurunegala,2025-07-15,215.62,224.33,299.58,298.33,274.08,7
Pumpkin,Kurunegala,2025-08-15,147.29,215.62,224.33,299.58,246.51,8
Pumpkin,Kurunegala,2025-09-15,104.33,147.29,215.62,224.33,195.74666666666667,9
Pumpkin,Mannar,2023-09-15,143.0,182.0,210.4,143.5,178.63333333333333,9
Pumpkin,Mannar,2023-10-15,120.0,143.0,182.0,210.4,178.46666666666667,10
Pumpkin,Mannar,2023-11-15,150.0,120.0,143.0,182.0,148.33333333333334,11
Pumpkin,Mannar,2023-12-15,245.5,150.0,120.0,143.0,137.66666666666666,12
Pumpkin,Mannar,2024-01-15,291.6,245.5,150.0,120.0,171.83333333333334,1
Pumpkin,Mannar,2024-02-15,320.0,291.6,245.5,150.0,229.03333333333333,2
Pumpkin,Mannar,2024-03-15,378.0,320.0,291.6,245.5,285.7,3
Pumpkin,Mannar,2024-04-15,177.33,378.0,320.0,291.6,329.8666666666667,4
Pumpkin,Mannar,2024-05-15,182.67,177.33,378.0,320.0,291.7766666666667,5
Pumpkin,Mannar,2024-06-15,182.67,182.67,177.33,378.0,246.0,6
Pumpkin,Mannar,2024-07-15,222.5,182.67,182.67,177.33,180.89,7
Pumpkin,Mannar,2024-08-15,210.0,222.5,182.67,182.67,195.94666666666663,8
Pumpkin,Mannar,2024-09-15,167.2,210.0,222.5,182.67,205.05666666666664,9
Pumpkin,Mannar,2024-10-15,180.0,167.2,210.0,222.5,199.9,10
Pumpkin,Mannar,2024-11-15,212.0,180.0,167.2,210.0,185.73333333333335,11
Pumpkin,Mannar,2024-12-15,224.0,212.0,180.0,167.2,186.4,12
Pumpkin,Mannar,2025-01-15,217.0,224.0,212.0,180.0,205.33333333333334,1
Pumpkin,Mannar,2025-06-15,221.0,217.0,224.0,212.0,217.66666666666666,6
Pumpkin,Mannar,2025-07-15,222.5,221.0,217.0,224.0,220.66666666666666,7
Pumpkin,Mannar,2025-08-15,206.88,222.5,221.0,217.0,220.16666666666666,8
Pumpkin,Mannar,2025-09-15,193.5,206.88,222.5,221.0,216.79333333333332,9
Pumpkin,Matale,2023-09-15,135.0,180.0,204.0,171.0,185.0,9
Pumpkin,Matale,2023-10-15,136.8,135.0,180.0,204.0,173.0,10
Pumpkin,Matale,2023-11-15,167.0,136.8,135.0,180.0,150.6,11
Pumpkin,Matale,2023-12-15,250.0,167.0,136.8,135.0,146.26666666666668,12
Pumpkin,Matale,2024-01-15,258.4,250.0,167.0,136.8,184.6,1
Pumpkin,Matale,2024-02-15,323.0,258.4,250.0,167.0,225.13333333333333,2
Pumpkin,Matale,2024-03-15,275.0,323.0,258.4,250.0,277.1333333333333,3
Pumpkin,Matale,2024-04-15,176.8,275.0,323.0,258.4,285.46666666666664,4
Pumpkin,Matale,2024-05-15,142.67,176.8,275.0,323.0,258.26666666666665,5
Pumpkin,Matale,2024-06-15,142.67,142.67,176.8,275.0,198.15666666666667,6
Pumpkin,Matale,2024-07-15,241.6,142.67,142.67,176.8,154.04666666666665,7
Pumpkin,Matale,2024-08-15,212.0,241.6,142.67,142.67,175.64666666666665,8
Pumpkin,Matale,2024-09-15,125.6,212.0,241.6,142.67,198.75666666666666,9
Pumpkin,Matale,2024-10-15,159.0,125.6,212.0,241.6,193.0666666666667,10
Pumpkin,Matale,2024-11-15,178.0,159.0,125.6,212.0,165.53333333333333,11
Pumpkin,Matale,2024-12-15,212.0,178.0,159.0,125.6,154.20000000000002,12
Pumpkin,Matale,2025-01-15,208.0,212.0,178.0,159.0,183.0,1
Pumpkin,Matale,2025-02-15,219.0,208.0,212.0,178.0,199.33333333333334,2
Pumpkin,Matale,2025-03-15,221.6,219.0,208.0,212.0,213.0,3
Pumpkin,Matale,2025-04-15,262.0,221.6,219.0,208.0,216.20000000000002,4
Pumpkin,Matale,2025-05-15,242.0,262.0,221.6,219.0,234.20000000000002,5
Pumpkin,Matale,2025-06-15,221.6,242.0,262.0,221.6,241.86666666666667,6
Pumpkin,Matale,2025-07-15,170.0,221.6,242.0,262.0,241.86666666666667,7
Pumpkin,Matale,2025-08-15,146.0,170.0,221.6,242.0,211.20000000000002,8
Pumpkin,Matale,2025-09-15,140.0,146.0,170.0,221.6,179.20000000000002,9
Pumpkin,Matara,2023-09-15,121.88,160.0,175.5,139.38,158.29333333333332,9
Pumpkin,Matara,2023-10-15,115.5,121.88,160.0,175.5,152.46,10
Pumpkin,Matara,2023-11-15,135.62,115.5,121.88,160.0,132.46,11
Pumpkin,Matara,2023-12-15,209.0,135.62,115.5,121.88,124.33333333333333,12
Pumpkin,Matara,2024-01-15,235.5,209.0,135.62,115.5,153.37333333333333,1
Pumpkin,Matara,2024-02-15,368.75,235.5,209.0,135.62,193.37333333333333,2
Pumpkin,Matara,2024-03-15,308.75,368.75,235.5,209.0,271.0833333333333,3
Pumpkin,Matara,2024-04-15,200.67,308.75,368.75,235.5,304.3333333333333,4
Pumpkin,Matara,2024-05-15,128.12,200.67,308.75,368.75,292.7233333333333,5
Pumpkin,Matara,2024-06-15,195.0,128.12,200.67,308.75,212.51333333333332,6
Pumpkin,Matara,2024-07-15,237.5,195.0,128.12,200.67,174.59666666666666,7
Pumpkin,Matara,2024-08-15,196.25,237.5,195.0,128.12,186.87333333333333,8
Pumpkin,Matara,2024-09-15,115.0,196.25,237.5,195.0,209.58333333333334,9
Pumpkin,Matara,2024-10-15,131.25,115.0,196.25,237.5,182.91666666666666,10
Pumpkin,Matara,2024-11-15,168.33,131.25,115.0,196.25,147.5,11
Pumpkin,Matara,2024-12-15,210.5,168.33,131.25,115.0,138.19333333333336,12
Pumpkin,Matara,2025-01-15,207.5,210.5,168.33,131.25,170.02666666666667,1
Pumpkin,Matara,2025-02-15,208.75,207.5,210.5,168.33,195.44333333333336,2
Pumpkin,Matara,2025-03-15,209.5,208.75,207.5,210.5,208.91666666666666,3
Pumpkin,Matara,2025-04-15,282.29,209.5,208.75,207.5,208.58333333333334,4
Pumpkin,Matara,2025-05-15,230.21,282.29,209.5,208.75,233.51333333333332,5
Pumpkin,Matara,2025-06-15,188.0,230.21,282.29,209.5,240.66666666666666,6
Pumpkin,Matara,2025-07-15,157.5,188.0,230.21,282.29,233.5,7
Pumpkin,Matara,2025-08-15,110.62,157.5,188.0,230.21,191.90333333333334,8
Pumpkin,Matara,2025-09-15,105.5,110.62,157.5,188.0,152.04,9
Pumpkin,Meegoda(DEC),2023-09-15,147.5,161.0,194.67,200.0,185.22333333333333,9
Pumpkin,Meegoda(DEC),2023-10-15,150.4,147.5,161.0,194.67,167.72333333333333,10
Pumpkin,Meegoda(DEC),2023-11-15,176.0,150.4,147.5,161.0,152.96666666666667,11
Pumpkin,Meegoda(DEC),2023-12-15,237.33,176.0,150.4,147.5,157.96666666666667,12
Pumpkin,Meegoda(DEC),2024-01-15,237.6,237.33,176.0,150.4,187.91,1
Pumpkin,Meegoda(DEC),2024-02-15,346.0,237.6,237.33,176.0,216.9766666666667,2
Pumpkin,Meegoda(DEC),2024-03-15,285.5,346.0,237.6,237.33,273.6433333333334,3
Pumpkin,Meegoda(DEC),2024-04-15,193.2,285.5,346.0,237.6,289.7,4
Pumpkin,Meegoda(DEC),2024-05-15,132.0,193.2,285.5,346.0,274.90000000000003,5
Pumpkin,Meegoda(DEC),2024-06-15,220.0,132.0,193.2,285.5,203.5666666666667,6
Pumpkin,Meegoda(DEC),2024-07-15,264.0,220.0,132.0,193.2,181.73333333333335,7
Pumpkin,Meegoda(DEC),2024-08-15,202.0,264.0,220.0,132.0,205.33333333333334,8
Pumpkin,Meegoda(DEC),2024-09-15,127.6,202.0,264.0,220.0,228.66666666666666,9
Pumpkin,Meegoda(DEC),2024-10-15,186.0,127.6,202.0,264.0,197.86666666666667,10
Pumpkin,Meegoda(DEC),2024-11-15,200.0,186.0,127.6,202.0,171.86666666666667,11
Pumpkin,Meegoda(DEC),2024-12-15,255.2,200.0,186.0,127.6,171.20000000000002,12
Pumpkin,Meegoda(DEC),2025-01-15,232.0,255.2,200.0,186.0,213.73333333333332,1
Pumpkin,Meegoda(DEC),2025-02-15,224.0,232.0,255.2,200.0,229.06666666666663,2
Pumpkin,Meegoda(DEC),2025-03-15,235.2,224.0,232.0,255.2,237.06666666666663,3
Pumpkin,Meegoda(DEC),2025-04-15,285.33,235.2,224.0,232.0,230.4,4
Pumpkin,Meegoda(DEC),2025-05-15,264.0,285.33,235.2,224.0,248.17666666666665,5
Pumpkin,Meegoda(DEC),2025-06-15,224.0,264.0,285.33,235.2,261.51,6
Pumpkin,Meegoda(DEC),2025-07-15,149.0,224.0,264.0,285.33,257.77666666666664,7
Pumpkin,Meegoda(DEC),2025-08-15,111.0,149.0,224.0,264.0,212.33333333333334,8
Pumpkin,Meegoda(DEC),2025-09-15,107.2,111.0,149.0,224.0,161.33333333333334,9
Pumpkin,Monaragala,2023-09-15,139.0,190.0,196.0,147.0,177.66666666666666,9
Pumpkin,Monaragala,2023-10-15,125.6,139.0,190.0,196.0,175.0,10
Pumpkin,Monaragala,2023-11-15,175.0,125.6,139.0,190.0,151.53333333333333,11
Pumpkin,Monaragala,2023-12-15,232.0,175.0,125.6,139.0,146.53333333333333,12
Pumpkin,Monaragala,2024-01-15,289.0,232.0,175.0,125.6,177.53333333333333,1
Pumpkin,Monaragala,2024-02-15,367.0,289.0,232.0,175.0,232.0,2
Pumpkin,Monaragala,2024-03-15,343.0,367.0,289.0,232.0,296.0,3
Pumpkin,Monaragala,2024-04-15,228.0,343.0,367.0,289.0,333.0,4
Pumpkin,Monaragala,2024-05-15,158.0,228.0,343.0,367.0,312.6666666666667,5
Pumpkin,Monaragala,2024-06-15,225.0,158.0,228.0,343.0,243.0,6
Pumpkin,Monaragala,2024-07-15,269.6,225.0,158.0,228.0,203.66666666666666,7
Pumpkin,Monaragala,2024-08-15,241.0,269.6,225.0,158.0,217.53333333333333,8
Pumpkin,Monaragala,2024-09-15,161.6,241.0,269.6,225.0,245.20000000000002,9
Pumpkin,Monaragala,2024-10-15,186.0,161.6,241.0,269.6,224.0666666666667,10
Pumpkin,Monaragala,2024-11-15,234.0,186.0,161.6,241.0,196.20000000000002,11
Pumpkin,Monaragala,2024-12-15,257.6,234.0,186.0,161.6,193.86666666666667,12
Pumpkin,Monaragala,2025-01-15,247.0,257.6,234.0,186.0,225.86666666666667,1
Pumpkin,Monaragala,2025-02-15,234.0,247.0,257.6,234.0,246.20000000000002,2
Pumpkin,Monaragala,2025-03-15,249.6,234.0,247.0,257.6,246.20000000000002,3
Pumpkin,Monaragala,2025-04-15,282.0,249.6,234.0,247.0,243.53333333333333,4
Pumpkin,Monaragala,2025-05-15,259.5,282.0,249.6,234.0,255.20000000000002,5
Pumpkin,Monaragala,2025-06-15,222.4,259.5,282.0,249.6,263.7,6
Pumpkin,Monaragala,2025-07-15,196.0,222.4,259.5,282.0,254.63333333333333,7
Pumpkin,Monaragala,2025-08-15,148.0,196.0,222.4,259.5,225.96666666666667,8
Pumpkin,Monaragala,2025-09-15,130.4,148.0,196.0,222.4,188.79999999999998,9
Pumpkin,Mullativu,2023-09-15,155.0,192.0,184.0,149.0,175.0,9
Pumpkin,Mullativu,2024-05-15,213.33,155.0,192.0,184.0,177.0,5
Pumpkin,Mullativu,2024-06-15,191.33,213.33,155.0,192.0,186.77666666666667,6
Pumpkin,Mullativu,2024-07-15,202.13,191.33,213.33,155.0,186.55333333333337,7
Pumpkin,Mullativu,2024-08-15,173.0,202.13,191.33,213.33,202.26333333333332,8
Pumpkin,Mullativu,2024-09-15,152.5,173.0,202.13,191.33,188.82000000000002,9
Pumpkin,Mullativu,2024-10-15,147.0,152.5,173.0,202.13,175.87666666666667,10
Pumpkin,Mullativu,2024-11-15,155.5,147.0,152.5,173.0,157.5,11
Pumpkin,Mullativu,2024-12-15,270.5,155.5,147.0,152.5,151.66666666666666,12
Pumpkin,Mullativu,2025-01-15,238.0,270.5,155.5,147.0,191.0,1
Pumpkin,Mullativu,2025-02-15,208.5,238.0,270.5,155.5,221.33333333333334,2
Pumpkin,Mullativu,2025-03-15,186.0,208.5,238.0,270.5,239.0,3
Pumpkin,Mullativu,2025-04-15,200.0,186.0,208.5,238.0,210.83333333333334,4
Pumpkin,Mullativu,2025-05-15,210.5,200.0,186.0,208.5,198.16666666666666,5
Pumpkin,Mullativu,2025-06-15,196.0,210.5,200.0,186.0,198.83333333333334,6
Pumpkin,Mullativu,2025-07-15,154.0,196.0,210.5,200.0,202.16666666666666,7
Pumpkin,Mullativu,2025-08-15,149.0,154.0,196.0,210.5,186.83333333333334,8
Pumpkin,Mullativu,2025-09-15,133.6,149.0,154.0,196.0,166.33333333333334,9
Pumpkin,Nikaweratiya,2023-09-15,141.25,167.5,186.0,176.25,176.58333333333334,9
Pumpkin,Nikaweratiya,2023-10-15,139.0,141.25,167.5,186.0,164.91666666666666,10
Pumpkin,Nikaweratiya,2023-11-15,153.75,139.0,141.25,167.5,149.25,11
Pumpkin,Nikaweratiya,2023-12-15,240.0,153.75,139.0,141.25,144.66666666666666,12
Pumpkin,Nikaweratiya,2024-01-15,239.0,240.0,153.75,139.0,177.58333333333334,1
Pumpkin,Nikaweratiya,2024-02-15,332.75,239.0,240.0,153.75,210.91666666666666,2
Pumpkin,Nikaweratiya,2024-03-15,309.17,332.75,239.0,240.0,270.5833333333333,3
Pumpkin,Nikaweratiya,2024-04-15,217.67,309.17,332.75,239.0,293.64000000000004,4
Pumpkin,Nikaweratiya,2024-05-15,162.5,217.67,309.17,332.75,286.53000000000003,5
Pumpkin,Nikaweratiya,2024-07-15,231.33,162.5,217.67,309.17,229.78,7
Pumpkin,Nikaweratiya,2024-08-15,193.5,231.33,162.5,217.67,203.83333333333334,8
Pumpkin,Nikaweratiya,2024-09-15,140.0,193.5,231.33,162.5,195.77666666666667,9
Pumpkin,Nikaweratiya,2024-10-15,174.5,140.0,193.5,231.33,188.27666666666667,10
Pumpkin,Nikaweratiya,2024-11-15,194.0,174.5,140.0,193.5,169.33333333333334,11
Pumpkin,Nikaweratiya,2024-12-15,217.0,194.0,174.5,140.0,169.5,12
Pumpkin,Nikaweratiya,2025-03-15,240.88,217.0,194.0,174.5,195.16666666666666,3
Pumpkin,Nikaweratiya,2025-04-15,280.5,240.88,217.0,194.0,217.29333333333332,4
Pumpkin,Nikaweratiya,2025-05-15,297.0,280.5,240.88,217.0,246.12666666666667,5
Pumpkin,Nikaweratiya,2025-06-15,241.2,297.0,280.5,240.88,272.79333333333335,6
Pumpkin,Nikaweratiya,2025-07-15,200.5,241.2,297.0,280.5,272.90000000000003,7
Pumpkin,Nikaweratiya,2025-08-15,135.0,200.5,241.2,297.0,246.23333333333335,8
Pumpkin,Nikaweratiya,2025-09-15,110.8,135.0,200.5,241.2,192.23333333333335,9
Pumpkin,Nuwara Eliya,2023-09-15,158.5,205.0,220.4,178.0,201.13333333333333,9
Pumpkin,Nuwara Eliya,2023-10-15,157.6,158.5,205.0,220.4,194.63333333333333,10
Pumpkin,Nuwara Eliya,2023-11-15,186.0,157.6,158.5,205.0,173.70000000000002,11
Pumpkin,Nuwara Eliya,2023-12-15,258.0,186.0,157.6,158.5,167.36666666666667,12
Pumpkin,Nuwara Eliya,2024-01-15,274.0,258.0,186.0,157.6,200.53333333333333,1
Pumpkin,Nuwara Eliya,2024-02-15,360.0,274.0,258.0,186.0,239.33333333333334,2
Pumpkin,Nuwara Eliya,2024-03-15,302.0,360.0,274.0,258.0,297.3333333333333,3
Pumpkin,Nuwara Eliya,2024-04-15,230.0,302.0,360.0,274.0,312.0,4
Pumpkin,Nuwara Eliya,2024-05-15,159.5,230.0,302.0,360.0,297.3333333333333,5
Pumpkin,Nuwara Eliya,2024-06-15,237.0,159.5,230.0,302.0,230.5,6
Pumpkin,Nuwara Eliya,2024-07-15,266.4,237.0,159.5,230.0,208.83333333333334,7
Pumpkin,Nuwara Eliya,2024-08-15,242.5,266.4,237.0,159.5,220.96666666666667,8
Pumpkin,Nuwara Eliya,2024-09-15,168.5,242.5,266.4,237.0,248.63333333333333,9
Pumpkin,Nuwara Eliya,2024-10-15,206.5,168.5,242.5,266.4,225.79999999999998,10
Pumpkin,Nuwara Eliya,2024-11-15,226.0,206.5,168.5,242.5,205.83333333333334,11
Pumpkin,Nuwara Eliya,2024-12-15,270.0,226.0,206.5,168.5,200.33333333333334,12
Pumpkin,Nuwara Eliya,2025-01-15,221.67,270.0,226.0,206.5,234.16666666666666,1
Pumpkin,Nuwara Eliya,2025-02-15,247.5,221.67,270.0,226.0,239.22333333333333,2
Pumpkin,Nuwara Eliya,2025-03-15,256.0,247.5,221.67,270.0,246.39,3
Pumpkin,Nuwara Eliya,2025-04-15,292.5,256.0,247.5,221.67,241.72333333333333,4
Pumpkin,Nuwara Eliya,2025-05-15,280.0,292.5,256.0,247.5,265.3333333333333,5
Pumpkin,Nuwara Eliya,2025-06-15,248.0,280.0,292.5,256.0,276.1666666666667,6
Pumpkin,Nuwara Eliya,2025-07-15,234.38,248.0,280.0,292.5,273.5,7
Pumpkin,Nuwara Eliya,2025-08-15,149.17,234.38,248.0,280.0,254.12666666666667,8
Pumpkin,Nuwara Eliya,2025-09-15,120.0,149.17,234.38,248.0,210.51666666666665,9
Pumpkin,Polonnaruwa,2023-09-15,129.5,156.0,190.4,190.0,178.79999999999998,9
Pumpkin,Polonnaruwa,2023-10-15,112.0,129.5,156.0,190.4,158.63333333333333,10
Pumpkin,Polonnaruwa,2023-11-15,137.0,112.0,129.5,156.0,132.5,11
Pumpkin,Polonnaruwa,2023-12-15,216.67,137.0,112.0,129.5,126.16666666666667,12
Pumpkin,Polonnaruwa,2024-01-15,234.0,216.67,137.0,112.0,155.22333333333333,1
Pumpkin,Polonnaruwa,2024-02-15,316.0,234.0,216.67,137.0,195.89,2
Pumpkin,Polonnaruwa,2024-03-15,318.0,316.0,234.0,216.67,255.55666666666664,3
Pumpkin,Polonnaruwa,2024-04-15,216.0,318.0,316.0,234.0,289.3333333333333,4
Pumpkin,Polonnaruwa,2024-05-15,151.33,216.0,318.0,316.0,283.3333333333333,5
Pumpkin,Polonnaruwa,2024-08-15,193.0,151.33,216.0,318.0,228.44333333333336,8
Pumpkin,Polonnaruwa,2024-09-15,161.2,193.0,151.33,216.0,186.77666666666667,9
Pumpkin,Polonnaruwa,2024-10-15,184.0,161.2,193.0,151.33,168.51,10
Pumpkin,Polonnaruwa,2024-11-15,174.0,184.0,161.2,193.0,179.39999999999998,11
Pumpkin,Polonnaruwa,2024-12-15,261.7,174.0,184.0,161.2,173.06666666666663,12
Pumpkin,Polonnaruwa,2025-01-15,264.5,261.7,174.0,184.0,206.5666666666667,1
Pumpkin,Polonnaruwa,2025-02-15,224.5,264.5,261.7,174.0,233.4,2
Pumpkin,Polonnaruwa,2025-03-15,224.0,224.5,264.5,261.7,250.23333333333335,3
Pumpkin,Polonnaruwa,2025-04-15,252.5,224.0,224.5,264.5,237.66666666666666,4
Pumpkin,Polonnaruwa,2025-05-15,265.0,252.5,224.0,224.5,233.66666666666666,5
Pumpkin,Polonnaruwa,2025-06-15,226.8,265.0,252.5,224.0,247.16666666666666,6
Pumpkin,Polonnaruwa,2025-07-15,180.0,226.8,265.0,252.5,248.1,7
Pumpkin,Polonnaruwa,2025-08-15,152.0,180.0,226.8,265.0,223.9333333333333,8
Pumpkin,Polonnaruwa,2025-09-15,130.67,152.0,180.0,226.8,186.26666666666665,9
Pumpkin,Puttalam,2023-09-15,178.5,207.0,234.2,199.0,213.4,9
Pumpkin,Puttalam,2023-10-15,162.8,178.5,207.0,234.2,206.5666666666667,10
Pumpkin,Puttalam,2023-11-15,197.5,162.8,178.5,207.0,182.76666666666665,11
Pumpkin,Puttalam,2023-12-15,282.83,197.5,162.8,178.5,179.6,12
Pumpkin,Puttalam,2024-01-15,295.2,282.83,197.5,162.8,214.37666666666667,1
Pumpkin,Puttalam,2024-02-15,405.67,295.2,282.83,197.5,258.51,2
Pumpkin,Puttalam,2024-03-15,354.0,405.67,295.2,282.83,327.90000000000003,3
Pumpkin,Puttalam,2024-04-15,271.2,354.0,405.67,295.2,351.6233333333334,4
Pumpkin,Puttalam,2024-05-15,215.0,271.2,354.0,405.67,343.6233333333333,5
Pumpkin,Puttalam,2024-06-15,215.0,215.0,271.2,354.0,280.06666666666666,6
Pumpkin,Puttalam,2024-07-15,263.08,215.0,215.0,271.2,233.73333333333335,7
Pumpkin,Puttalam,2024-08-15,240.33,263.08,215.0,215.0,231.02666666666664,8
Pumpkin,Puttalam,2024-09-15,184.17,240.33,263.08,215.0,239.47,9
Pumpkin,Puttalam,2024-10-15,217.5,184.17,240.33,263.08,229.1933333333333,10
Pumpkin,Puttalam,2024-11-15,232.83,217.5,184.17,240.33,214.0,11
Pumpkin,Puttalam,2024-12-15,277.5,232.83,217.5,184.17,211.5,12
Pumpkin,Puttalam,2025-01-15,282.5,277.5,232.83,217.5,242.61,1
Pumpkin,Puttalam,2025-02-15,300.0,282.5,277.5,232.83,264.2766666666667,2
Pumpkin,Puttalam,2025-03-15,296.0,300.0,282.5,277.5,286.6666666666667,3
Pumpkin,Puttalam,2025-04-15,340.0,296.0,300.0,282.5,292.8333333333333,4
Pumpkin,Puttalam,2025-05-15,325.0,340.0,296.0,300.0,312.0,5
Pumpkin,Puttalam,2025-06-15,294.0,325.0,340.0,296.0,320.3333333333333,6
Pumpkin,Puttalam,2025-07-15,252.5,294.0,325.0,340.0,319.6666666666667,7
Pumpkin,Puttalam,2025-09-15,198.89,252.5,294.0,325.0,290.5,9
Pumpkin,Rathnapura,2023-09-15,159.0,183.5,173.6,176.75,177.95000000000002,9
Pumpkin,Rathnapura,2023-10-15,156.67,159.0,183.5,173.6,172.03333333333333,10
Pumpkin,Rathnapura,2024-01-15,234.0,156.67,159.0,183.5,166.39,1
Pumpkin,Rathnapura,2024-02-15,327.5,234.0,156.67,159.0,183.22333333333333,2
Pumpkin,Rathnapura,2024-03-15,325.0,327.5,234.0,156.67,239.39,3
Pumpkin,Rathnapura,2024-04-15,220.0,325.0,327.5,234.0,295.5,4
Pumpkin,Rathnapura,2024-05-15,166.0,220.0,325.0,327.5,290.8333333333333,5
Pumpkin,Rathnapura,2024-06-15,280.0,166.0,220.0,325.0,237.0,6
Pumpkin,Rathnapura,2024-07-15,244.0,280.0,166.0,220.0,222.0,7
Pumpkin,Rathnapura,2024-08-15,215.5,244.0,280.0,166.0,230.0,8
Pumpkin,Rathnapura,2024-09-15,170.0,215.5,244.0,280.0,246.5,9
Pumpkin,Rathnapura,2024-10-15,171.0,170.0,215.5,244.0,209.83333333333334,10
Pumpkin,Rathnapura,2024-11-15,192.0,171.0,170.0,215.5,185.5,11
Pumpkin,Rathnapura,2024-12-15,216.0,192.0,171.0,170.0,177.66666666666666,12
Pumpkin,Rathnapura,2025-01-15,206.0,216.0,192.0,171.0,193.0,1
Pumpkin,Rathnapura,2025-02-15,205.0,206.0,216.0,192.0,204.66666666666666,2
Pumpkin,Rathnapura,2025-03-15,194.8,205.0,206.0,216.0,209.0,3
Pumpkin,Rathnapura,2025-04-15,271.29,194.8,205.0,206.0,201.9333333333333,4
Pumpkin,Rathnapura,2025-05-15,236.0,271.29,194.8,205.0,223.6966666666667,5
Pumpkin,Rathnapura,2025-06-15,209.2,236.0,271.29,194.8,234.03,6
Pumpkin,Rathnapura,2025-07-15,177.0,209.2,236.0,271.29,238.83,7
Pumpkin,Rathnapura,2025-08-15,126.0,177.0,209.2,236.0,207.4,8
Pumpkin,Rathnapura,2025-09-15,119.2,126.0,177.0,209.2,170.73333333333335,9
Pumpkin,Thambuttegama,2023-09-15,98.5,146.45,160.3,146.5,151.08333333333334,9
Pumpkin,Thambuttegama,2023-10-15,90.33,98.5,146.45,160.3,135.08333333333334,10
Pumpkin,Thambuttegama,2023-11-15,134.58,90.33,98.5,146.45,111.75999999999999,11
Pumpkin,Thambuttegama,2023-12-15,190.83,134.58,90.33,98.5,107.80333333333334,12
Pumpkin,Thambuttegama,2024-01-15,212.4,190.83,134.58,90.33,138.58,1
Pumpkin,Thambuttegama,2024-02-15,324.92,212.4,190.83,134.58,179.27,2
Pumpkin,Thambuttegama,2024-03-15,245.83,324.92,212.4,190.83,242.7166666666667,3
Pumpkin,Thambuttegama,2024-04-15,179.57,245.83,324.92,212.4,261.05,4
Pumpkin,Thambuttegama,2024-05-15,100.0,179.57,245.83,324.92,250.10666666666668,5
Pumpkin,Thambuttegama,2024-07-15,151.67,100.0,179.57,245.83,175.13333333333333,7
Pumpkin,Thambuttegama,2024-08-15,177.33,151.67,100.0,179.57,143.74666666666664,8
Pumpkin,Thambuttegama,2024-09-15,121.6,177.33,151.67,100.0,143.0,9
Pumpkin,Thambuttegama,2024-10-15,171.0,121.6,177.33,151.67,150.20000000000002,10
Pumpkin,Thambuttegama,2024-11-15,201.0,171.0,121.6,177.33,156.64333333333335,11
Pumpkin,Thambuttegama,2024-12-15,236.8,201.0,171.0,121.6,164.53333333333333,12
Pumpkin,Thambuttegama,2025-01-15,212.0,236.8,201.0,171.0,202.9333333333333,1
Pumpkin,Thambuttegama,2025-02-15,210.5,212.0,236.8,201.0,216.6,2
Pumpkin,Thambuttegama,2025-03-15,196.8,210.5,212.0,236.8,219.76666666666665,3
Pumpkin,Thambuttegama,2025-04-15,267.33,196.8,210.5,212.0,206.43333333333337,4
Pumpkin,Thambuttegama,2025-05-15,309.0,267.33,196.8,210.5,224.87666666666667,5
Pumpkin,Thambuttegama,2025-06-15,200.4,309.0,267.33,196.8,257.71,6
Pumpkin,Thambuttegama,2025-07-15,151.0,200.4,309.0,267.33,258.90999999999997,7
Pumpkin,Thambuttegama,2025-08-15,102.25,151.0,200.4,309.0,220.13333333333333,8
Pumpkin,Thambuttegama,2025-09-15,95.0,102.25,151.0,200.4,151.21666666666667,9
Pumpkin,Tissamaharama,2023-09-15,110.62,147.5,151.5,127.5,142.16666666666666,9
Pumpkin,Tissamaharama,2023-10-15,128.0,110.62,147.5,151.5,136.54,10
Pumpkin,Tissamaharama,2023-11-15,158.5,128.0,110.62,147.5,128.70666666666668,11
Pumpkin,Tissamaharama,2023-12-15,199.0,158.5,128.0,110.62,132.37333333333333,12
Pumpkin,Tissamaharama,2024-01-15,238.4,199.0,158.5,128.0,161.83333333333334,1
Pumpkin,Tissamaharama,2024-02-15,350.0,238.4,199.0,158.5,198.63333333333333,2
Pumpkin,Tissamaharama,2024-03-15,292.5,350.0,238.4,199.0,262.46666666666664,3
Pumpkin,Tissamaharama,2024-04-15,186.4,292.5,350.0,238.4,293.6333333333333,4
Pumpkin,Tissamaharama,2024-05-15,121.25,186.4,292.5,350.0,276.3,5
Pumpkin,Tissamaharama,2024-09-15,118.67,121.25,186.4,292.5,200.04999999999998,9
Pumpkin,Tissamaharama,2024-10-15,133.12,118.67,121.25,186.4,142.10666666666665,10
Pumpkin,Tissamaharama,2024-11-15,182.5,133.12,118.67,121.25,124.34666666666665,11
Pumpkin,Tissamaharama,2024-12-15,216.0,182.5,133.12,118.67,144.76333333333332,12
Pumpkin,Tissamaharama,2025-01-15,265.12,216.0,182.5,133.12,177.20666666666668,1
Pumpkin,Tissamaharama,2025-02-15,255.0,265.12,216.0,182.5,221.20666666666668,2
Pumpkin,Tissamaharama,2025-03-15,240.3,255.0,265.12,216.0,245.37333333333333,3
Pumpkin,Tissamaharama,2025-04-15,275.0,240.3,255.0,265.12,253.47333333333336,4
Pumpkin,Tissamaharama,2025-06-15,202.5,275.0,240.3,255.0,256.76666666666665,6
Pumpkin,Tissamaharama,2025-07-15,184.38,202.5,275.0,240.3,239.26666666666665,7
Pumpkin,Tissamaharama,2025-08-15,135.0,184.38,202.5,275.0,220.62666666666667,8
Pumpkin,Tissamaharama,2025-09-15,105.0,135.0,184.38,202.5,173.96,9
Pumpkin,Trincomalee,2023-09-15,160.0,181.5,198.4,162.55,180.8166666666667,9
Pumpkin,Trincomalee,2023-10-15,163.6,160.0,181.5,198.4,179.96666666666667,10
Pumpkin,Trincomalee,2023-11-15,187.0,163.6,160.0,181.5,168.36666666666667,11
Pumpkin,Trincomalee,2023-12-15,215.0,187.0,163.6,160.0,170.20000000000002,12
Pumpkin,Trincomalee,2024-01-15,234.6,215.0,187.0,163.6,188.53333333333333,1
Pumpkin,Trincomalee,2024-02-15,333.5,234.6,215.0,187.0,212.20000000000002,2
Pumpkin,Trincomalee,2024-03-15,308.0,333.5,234.6,215.0,261.03333333333336,3
Pumpkin,Trincomalee,2024-04-15,216.67,308.0,333.5,234.6,292.03333333333336,4
Pumpkin,Trincomalee,2024-05-15,201.0,216.67,308.0,333.5,286.0566666666667,5
Pumpkin,Trincomalee,2024-06-15,201.0,201.0,216.67,308.0,241.89,6
Pumpkin,Trincomalee,2024-07-15,257.6,201.0,201.0,216.67,206.22333333333333,7
Pumpkin,Trincomalee,2024-08-15,232.0,257.6,201.0,201.0,219.86666666666667,8
Pumpkin,Trincomalee,2024-09-15,183.6,232.0,257.6,201.0,230.20000000000002,9
Pumpkin,Trincomalee,2024-10-15,187.5,183.6,232.0,257.6,224.4,10
Pumpkin,Trincomalee,2024-11-15,190.0,187.5,183.6,232.0,201.03333333333333,11
Pumpkin,Trincomalee,2024-12-15,202.4,190.0,187.5,183.6,187.03333333333333,12
Pumpkin,Trincomalee,2025-01-15,208.5,202.4,190.0,187.5,193.29999999999998,1
Pumpkin,Trincomalee,2025-02-15,213.75,208.5,202.4,190.0,200.29999999999998,2
Pumpkin,Trincomalee,2025-03-15,187.48,213.75,208.5,202.4,208.21666666666667,3
Pumpkin,Trincomalee,2025-04-15,208.25,187.48,213.75,208.5,203.24333333333334,4
Pumpkin,Trincomalee,2025-05-15,238.0,208.25,187.48,213.75,203.16,5
Pumpkin,Trincomalee,2025-06-15,223.2,238.0,208.25,187.48,211.24333333333334,6
Pumpkin,Trincomalee,2025-07-15,179.0,223.2,238.0,208.25,223.14999999999998,7
Pumpkin,Trincomalee,2025-08-15,172.5,179.0,223.2,238.0,213.39999999999998,8
Pumpkin,Trincomalee,2025-09-15,161.0,172.5,179.0,223.2,191.56666666666663,9
Pumpkin,Vavuniya,2023-09-15,127.5,180.5,214.0,176.75,190.41666666666666,9
Pumpkin,Vavuniya,2023-10-15,127.2,127.5,180.5,214.0,174.0,10
Pumpkin,Vavuniya,2023-11-15,141.0,127.2,127.5,180.5,145.06666666666666,11
Pumpkin,Vavuniya,2023-12-15,195.88,141.0,127.2,127.5,131.9,12
Pumpkin,Vavuniya,2024-01-15,268.0,195.88,141.0,127.2,154.69333333333333,1
Pumpkin,Vavuniya,2024-02-15,397.0,268.0,195.88,141.0,201.62666666666667,2
Pumpkin,Vavuniya,2024-03-15,324.5,397.0,268.0,195.88,286.96,3
Pumpkin,Vavuniya,2024-04-15,202.4,324.5,397.0,268.0,329.8333333333333,4
Pumpkin,Vavuniya,2024-05-15,159.5,202.4,324.5,397.0,307.96666666666664,5
Pumpkin,Vavuniya,2024-06-15,239.0,159.5,202.4,324.5,228.79999999999998,6
Pumpkin,Vavuniya,2024-07-15,280.8,239.0,159.5,202.4,200.29999999999998,7
Pumpkin,Vavuniya,2024-08-15,236.0,280.8,239.0,159.5,226.43333333333337,8
Pumpkin,Vavuniya,2024-09-15,142.4,236.0,280.8,239.0,251.93333333333337,9
Pumpkin,Vavuniya,2024-10-15,167.75,142.4,236.0,280.8,219.73333333333335,10
Pumpkin,Vavuniya,2024-11-15,181.75,167.75,142.4,236.0,182.04999999999998,11
Pumpkin,Vavuniya,2024-12-15,237.25,181.75,167.75,142.4,163.96666666666667,12
Pumpkin,Vavuniya,2025-01-15,257.5,237.25,181.75,167.75,195.58333333333334,1
Pumpkin,Vavuniya,2025-02-15,228.0,257.5,237.25,181.75,225.5,2
Pumpkin,Vavuniya,2025-03-15,227.6,228.0,257.5,237.25,240.91666666666666,3
Pumpkin,Vavuniya,2025-04-15,273.0,227.6,228.0,257.5,237.70000000000002,4
Pumpkin,Vavuniya,2025-05-15,243.5,273.0,227.6,228.0,242.86666666666667,5
Pumpkin,Vavuniya,2025-06-15,216.0,243.5,273.0,227.6,248.03333333333333,6
Pumpkin,Vavuniya,2025-07-15,208.0,216.0,243.5,273.0,244.16666666666666,7
Pumpkin,Vavuniya,2025-08-15,130.0,208.0,216.0,243.5,222.5,8
Pumpkin,Vavuniya,2025-09-15,102.8,130.0,208.0,216.0,184.66666666666666,9
Snake gourd,Ampara,2023-09-15,270.0,254.17,320.0,347.5,307.2233333333333,9
Snake gourd,Ampara,2023-10-15,296.0,270.0,254.17,320.0,281.39,10
Snake gourd,Ampara,2023-11-15,421.67,296.0,270.0,254.17,273.39,11
Snake gourd,Ampara,2023-12-15,415.0,421.67,296.0,270.0,329.22333333333336,12
Snake gourd,Ampara,2024-01-15,468.0,415.0,421.67,296.0,377.5566666666667,1
Snake gourd,Ampara,2024-02-15,438.33,468.0,415.0,421.67,434.89000000000004,2
Snake gourd,Ampara,2024-03-15,355.0,438.33,468.0,415.0,440.4433333333333,3
Snake gourd,Ampara,2024-04-15,278.0,355.0,438.33,468.0,420.4433333333333,4
Snake gourd,Ampara,2024-05-15,281.67,278.0,355.0,438.33,357.10999999999996,5
Snake gourd,Ampara,2024-06-15,281.67,281.67,278.0,355.0,304.89000000000004,6
Snake gourd,Ampara,2024-07-15,330.42,281.67,281.67,278.0,280.44666666666666,7
Snake gourd,Ampara,2024-08-15,305.0,330.42,281.67,281.67,297.92,8
Snake gourd,Ampara,2024-09-15,270.67,305.0,330.42,281.67,305.69666666666666,9
Snake gourd,Ampara,2024-10-15,276.67,270.67,305.0,330.42,302.03000000000003,10
Snake gourd,Ampara,2024-11-15,303.33,276.67,270.67,305.0,284.1133333333334,11
Snake gourd,Ampara,2024-12-15,310.67,303.33,276.67,270.67,283.5566666666667,12
Snake gourd,Ampara,2025-01-15,274.58,310.67,303.33,276.67,296.89000000000004,1
Snake gourd,Ampara,2025-02-15,335.0,274.58,310.67,303.33,296.1933333333333,2
Snake gourd,Ampara,2025-03-15,277.33,335.0,274.58,310.67,306.75,3
Snake gourd,Ampara,2025-04-15,355.56,277.33,335.0,274.58,295.6366666666666,4
Snake gourd,Ampara,2025-05-15,373.33,355.56,277.33,335.0,322.63,5
Snake gourd,Ampara,2025-06-15,330.67,373.33,355.56,277.33,335.4066666666667,6
Snake gourd,Ampara,2025-07-15,270.0,330.67,373.33,355.56,353.18666666666667,7
Snake gourd,Ampara,2025-08-15,261.67,270.0,330.67,373.33,324.6666666666667,8
Snake gourd,Ampara,2025-09-15,294.67,261.67,270.0,330.67,287.4466666666667,9
Snake gourd,Anuradhapura,2023-09-15,236.0,217.0,276.0,350.0,281.0,9
Snake gourd,Anuradhapura,2023-10-15,263.2,236.0,217.0,276.0,243.0,10
Snake gourd,Anuradhapura,2023-11-15,366.0,263.2,236.0,217.0,238.73333333333335,11
Snake gourd,Anuradhapura,2023-12-15,363.0,366.0,263.2,236.0,288.40000000000003,12
Snake gourd,Anuradhapura,2024-01-15,377.33,363.0,366.0,263.2,330.73333333333335,1
Snake gourd,Anuradhapura,2024-02-15,364.0,377.33,363.0,366.0,368.77666666666664,2
Snake gourd,Anuradhapura,2024-03-15,252.0,364.0,377.33,363.0,368.10999999999996,3
Snake gourd,Anuradhapura,2024-04-15,220.8,252.0,364.0,377.33,331.10999999999996,4
Snake gourd,Anuradhapura,2024-05-15,270.0,220.8,252.0,364.0,278.93333333333334,5
Snake gourd,Anuradhapura,2024-06-15,380.0,270.0,220.8,252.0,247.6,6
Snake gourd,Anuradhapura,2024-07-15,315.2,380.0,270.0,220.8,290.26666666666665,7
Snake gourd,Anuradhapura,2024-08-15,240.0,315.2,380.0,270.0,321.73333333333335,8
Snake gourd,Anuradhapura,2024-09-15,265.6,240.0,315.2,380.0,311.73333333333335,9
Snake gourd,Anuradhapura,2024-10-15,330.0,265.6,240.0,315.2,273.6,10
Snake gourd,Anuradhapura,2024-11-15,302.0,330.0,265.6,240.0,278.53333333333336,11
Snake gourd,Anuradhapura,2024-12-15,396.0,302.0,330.0,265.6,299.2,12
Snake gourd,Anuradhapura,2025-01-15,292.0,396.0,302.0,330.0,342.6666666666667,1
Snake gourd,Anuradhapura,2025-02-15,362.0,292.0,396.0,302.0,330.0,2
Snake gourd,Anuradhapura,2025-03-15,313.6,362.0,292.0,396.0,350.0,3
Snake gourd,Anuradhapura,2025-04-15,328.0,313.6,362.0,292.0,322.53333333333336,4
Snake gourd,Anuradhapura,2025-05-15,328.0,328.0,313.6,362.0,334.53333333333336,5
Snake gourd,Anuradhapura,2025-06-15,284.8,328.0,328.0,313.6,323.2,6
Snake gourd,Anuradhapura,2025-07-15,218.0,284.8,328.0,328.0,313.59999999999997,7
Snake gourd,Anuradhapura,2025-08-15,223.0,218.0,284.8,328.0,276.93333333333334,8
Snake gourd,Anuradhapura,2025-09-15,291.2,223.0,218.0,284.8,241.9333333333333,9
Snake gourd,Badulla,2023-09-15,289.0,271.0,328.0,389.0,329.3333333333333,9
Snake gourd,Badulla,2023-10-15,292.0,289.0,271.0,328.0,296.0,10
Snake gourd,Badulla,2023-11-15,450.0,292.0,289.0,271.0,284.0,11
Snake gourd,Badulla,2023-12-15,399.0,450.0,292.0,289.0,343.6666666666667,12
Snake gourd,Badulla,2024-01-15,523.0,399.0,450.0,292.0,380.3333333333333,1
Snake gourd,Badulla,2024-02-15,439.33,523.0,399.0,450.0,457.3333333333333,2
Snake gourd,Badulla,2024-03-15,300.38,439.33,523.0,399.0,453.77666666666664,3
Snake gourd,Badulla,2024-04-15,292.8,300.38,439.33,523.0,420.90333333333336,4
Snake gourd,Badulla,2024-05-15,270.0,292.8,300.38,439.33,344.17,5
Snake gourd,Badulla,2024-06-15,436.25,270.0,292.8,300.38,287.7266666666667,6
Snake gourd,Badulla,2024-07-15,413.0,436.25,270.0,292.8,333.01666666666665,7
Snake gourd,Badulla,2024-08-15,323.0,413.0,436.25,270.0,373.0833333333333,8
Snake gourd,Badulla,2024-09-15,352.0,323.0,413.0,436.25,390.75,9
Snake gourd,Badulla,2024-10-15,336.0,352.0,323.0,413.0,362.6666666666667,10
Snake gourd,Badulla,2024-11-15,332.5,336.0,352.0,323.0,337.0,11
Snake gourd,Badulla,2024-12-15,434.0,332.5,336.0,352.0,340.1666666666667,12
Snake gourd,Badulla,2025-01-15,413.12,434.0,332.5,336.0,367.5,1
Snake gourd,Badulla,2025-02-15,425.0,413.12,434.0,332.5,393.20666666666665,2
Snake gourd,Badulla,2025-03-15,340.0,425.0,413.12,434.0,424.03999999999996,3
Snake gourd,Badulla,2025-04-15,406.67,340.0,425.0,413.12,392.70666666666665,4
Snake gourd,Badulla,2025-05-15,446.67,406.67,340.0,425.0,390.5566666666667,5
Snake gourd,Badulla,2025-06-15,343.33,446.67,406.67,340.0,397.78000000000003,6
Snake gourd,Badulla,2025-07-15,242.5,343.33,446.67,406.67,398.89000000000004,7
Snake gourd,Badulla,2025-08-15,297.5,242.5,343.33,446.67,344.1666666666667,8
Snake gourd,Badulla,2025-09-15,368.0,297.5,242.5,343.33,294.4433333333333,9
Snake gourd,Bandarawela,2023-09-15,223.0,238.0,228.0,318.0,261.3333333333333,9
Snake gourd,Bandarawela,2023-10-15,248.0,223.0,238.0,228.0,229.66666666666666,10
Snake gourd,Bandarawela,2023-11-15,363.0,248.0,223.0,238.0,236.33333333333334,11
Snake gourd,Bandarawela,2023-12-15,340.0,363.0,248.0,223.0,278.0,12
Snake gourd,Bandarawela,2024-01-15,388.0,340.0,363.0,248.0,317.0,1
Snake gourd,Bandarawela,2024-02-15,406.0,388.0,340.0,363.0,363.6666666666667,2
Snake gourd,Bandarawela,2024-05-15,420.0,406.0,388.0,340.0,378.0,5
Snake gourd,Bandarawela,2024-06-15,392.0,420.0,406.0,388.0,404.6666666666667,6
Snake gourd,Bandarawela,2024-07-15,352.0,392.0,420.0,406.0,406.0,7
Snake gourd,Bandarawela,2024-08-15,304.0,352.0,392.0,420.0,388.0,8
Snake gourd,Bandarawela,2024-09-15,277.6,304.0,352.0,392.0,349.3333333333333,9
Snake gourd,Bandarawela,2024-10-15,239.0,277.6,304.0,352.0,311.2,10
Snake gourd,Bandarawela,2024-11-15,288.0,239.0,277.6,304.0,273.53333333333336,11
Snake gourd,Bandarawela,2024-12-15,355.2,288.0,239.0,277.6,268.2,12
Snake gourd,Bandarawela,2025-01-15,327.5,355.2,288.0,239.0,294.06666666666666,1
Snake gourd,Bandarawela,2025-02-15,332.0,327.5,355.2,288.0,323.56666666666666,2
Snake gourd,Bandarawela,2025-03-15,348.8,332.0,327.5,355.2,338.23333333333335,3
Snake gourd,Bandarawela,2025-04-15,408.0,348.8,332.0,327.5,336.09999999999997,4
Snake gourd,Bandarawela,2025-05-15,384.0,408.0,348.8,332.0,362.93333333333334,5
Snake gourd,Bandarawela,2025-06-15,251.2,384.0,408.0,348.8,380.26666666666665,6
Snake gourd,Bandarawela,2025-07-15,202.0,251.2,384.0,408.0,347.73333333333335,7
Snake gourd,Bandarawela,2025-08-15,231.0,202.0,251.2,384.0,279.06666666666666,8
Snake gourd,Bandarawela,2025-09-15,268.0,231.0,202.0,251.2,228.0666666666667,9
Snake gourd,Batticaloa,2023-09-15,254.0,248.0,287.2,315.5,283.56666666666666,9
Snake gourd,Batticaloa,2023-10-15,288.0,254.0,248.0,287.2,263.06666666666666,10
Snake gourd,Batticaloa,2023-11-15,308.0,288.0,254.0,248.0,263.3333333333333,11
Snake gourd,Batticaloa,2023-12-15,312.0,308.0,288.0,254.0,283.3333333333333,12
Snake gourd,Batticaloa,2024-01-15,422.0,312.0,308.0,288.0,302.6666666666667,1
Snake gourd,Batticaloa,2024-02-15,449.0,422.0,312.0,308.0,347.3333333333333,2
Snake gourd,Batticaloa,2024-03-15,345.0,449.0,422.0,312.0,394.3333333333333,3
Snake gourd,Batticaloa,2024-04-15,226.8,345.0,449.0,422.0,405.3333333333333,4
Snake gourd,Batticaloa,2024-05-15,244.5,226.8,345.0,449.0,340.26666666666665,5
Snake gourd,Batticaloa,2024-06-15,244.5,244.5,226.8,345.0,272.09999999999997,6
Snake gourd,Batticaloa,2024-07-15,290.4,244.5,244.5,226.8,238.6,7
Snake gourd,Batticaloa,2024-08-15,308.0,290.4,244.5,244.5,259.8,8
Snake gourd,Batticaloa,2024-12-15,226.67,308.0,290.4,244.5,280.96666666666664,12
Snake gourd,Batticaloa,2025-01-15,237.5,226.67,308.0,290.4,275.0233333333333,1
Snake gourd,Batticaloa,2025-02-15,335.0,237.5,226.67,308.0,257.39,2
Snake gourd,Batticaloa,2025-03-15,304.0,335.0,237.5,226.67,266.39,3
Snake gourd,Batticaloa,2025-04-15,337.5,304.0,335.0,237.5,292.1666666666667,4
Snake gourd,Batticaloa,2025-06-15,296.5,337.5,304.0,335.0,325.5,6
Snake gourd,Batticaloa,2025-07-15,229.38,296.5,337.5,304.0,312.6666666666667,7
Snake gourd,Batticaloa,2025-08-15,205.0,229.38,296.5,337.5,287.79333333333335,8
Snake gourd,Batticaloa,2025-09-15,236.5,205.0,229.38,296.5,243.62666666666667,9
Snake gourd,Colombo City,2023-09-15,272.44,270.11,334.02,402.8,335.6433333333334,9
Snake gourd,Colombo City,2023-10-15,354.86,272.44,270.11,334.02,292.19,10
Snake gourd,Colombo City,2023-11-15,427.81,354.86,272.44,270.11,299.13666666666666,11
Snake gourd,Colombo City,2023-12-15,404.55,427.81,354.86,272.44,351.7033333333333,12
Snake gourd,Colombo City,2024-01-15,466.47,404.55,427.81,354.86,395.74,1
Snake gourd,Colombo City,2024-02-15,416.33,466.47,404.55,427.81,432.9433333333333,2
Snake gourd,Colombo City,2024-03-15,327.77,416.33,466.47,404.55,429.11666666666673,3
Snake gourd,Colombo City,2024-04-15,280.7,327.77,416.33,466.47,403.5233333333333,4
Snake gourd,Colombo City,2024-05-15,352.91,280.7,327.77,416.33,341.59999999999997,5
Snake gourd,Colombo City,2024-06-15,456.33,352.91,280.7,327.77,320.46000000000004,6
Snake gourd,Colombo City,2024-07-15,376.4,456.33,352.91,280.7,363.31333333333333,7
Snake gourd,Colombo City,2024-08-15,319.38,376.4,456.33,352.91,395.2133333333333,8
Snake gourd,Colombo City,2024-09-15,311.81,319.38,376.4,456.33,384.03666666666663,9
Snake gourd,Colombo City,2024-10-15,351.27,311.81,319.38,376.4,335.8633333333333,10
Snake gourd,Colombo City,2024-11-15,359.95,351.27,311.81,319.38,327.4866666666667,11
Snake gourd,Colombo City,2024-12-15,412.94,359.95,351.27,311.81,341.01,12
Snake gourd,Colombo City,2025-01-15,334.1,412.94,359.95,351.27,374.72,1
Snake gourd,Colombo City,2025-02-15,340.22,334.1,412.94,359.95,368.99666666666667,2
Snake gourd,Colombo City,2025-03-15,380.4,340.22,334.1,412.94,362.42,3
Snake gourd,Colombo City,2025-04-15,461.94,380.4,340.22,334.1,351.5733333333333,4
Snake gourd,Colombo City,2025-05-15,435.48,461.94,380.4,340.22,394.18666666666667,5
Snake gourd,Colombo City,2025-06-15,342.33,435.48,461.94,380.4,425.94000000000005,6
Snake gourd,Colombo City,2025-07-15,298.14,342.33,435.48,461.94,413.25,7
Snake gourd,Colombo City,2025-08-15,312.24,298.14,342.33,435.48,358.65000000000003,8
Snake gourd,Colombo City,2025-09-15,305.73,312.24,298.14,342.33,317.57,9
Snake gourd,Dammbagalla,2023-09-15,215.0,215.0,275.2,394.5,294.90000000000003,9
Snake gourd,Dammbagalla,2023-10-15,260.8,215.0,215.0,275.2,235.0666666666667,10
Snake gourd,Dammbagalla,2023-11-15,386.0,260.8,215.0,215.0,230.26666666666665,11
Snake gourd,Dammbagalla,2023-12-15,381.5,386.0,260.8,215.0,287.26666666666665,12
Snake gourd,Dammbagalla,2024-01-15,387.2,381.5,386.0,260.8,342.76666666666665,1
Snake gourd,Dammbagalla,2024-02-15,313.0,387.2,381.5,386.0,384.90000000000003,2
Snake gourd,Dammbagalla,2024-03-15,271.0,313.0,387.2,381.5,360.56666666666666,3
Snake gourd,Dammbagalla,2024-04-15,202.0,271.0,313.0,387.2,323.73333333333335,4
Snake gourd,Dammbagalla,2024-05-15,273.0,202.0,271.0,313.0,262.0,5
Snake gourd,Dammbagalla,2024-06-15,273.0,273.0,202.0,271.0,248.66666666666666,6
Snake gourd,Dammbagalla,2024-07-15,305.6,273.0,273.0,202.0,249.33333333333334,7
Snake gourd,Dammbagalla,2024-08-15,268.0,305.6,273.0,273.0,283.8666666666667,8
Snake gourd,Dammbagalla,2024-09-15,256.8,268.0,305.6,273.0,282.2,9
Snake gourd,Dammbagalla,2024-10-15,298.0,256.8,268.0,305.6,276.8,10
Snake gourd,Dammbagalla,2024-11-15,290.0,298.0,256.8,268.0,274.26666666666665,11
Snake gourd,Dammbagalla,2024-12-15,356.0,290.0,298.0,256.8,281.59999999999997,12
Snake gourd,Dammbagalla,2025-01-15,317.0,356.0,290.0,298.0,314.6666666666667,1
Snake gourd,Dammbagalla,2025-02-15,382.67,317.0,356.0,290.0,321.0,2
Snake gourd,Dammbagalla,2025-03-15,347.2,382.67,317.0,356.0,351.89000000000004,3
Snake gourd,Dammbagalla,2025-04-15,376.67,347.2,382.67,317.0,348.9566666666667,4
Snake gourd,Dammbagalla,2025-05-15,382.0,376.67,347.2,382.67,368.84666666666664,5
Snake gourd,Dammbagalla,2025-06-15,319.0,382.0,376.67,347.2,368.6233333333333,6
Snake gourd,Dammbagalla,2025-07-15,244.0,319.0,382.0,376.67,359.22333333333336,7
Snake gourd,Dammbagalla,2025-08-15,291.0,244.0,319.0,382.0,315.0,8
Snake gourd,Dammbagalla,2025-09-15,299.2,291.0,244.0,319.0,284.6666666666667,9
Snake gourd,Dehiattakandiya,2023-09-15,201.67,190.0,245.33,353.33,262.88666666666666,9
Snake gourd,Dehiattakandiya,2023-10-15,257.33,201.67,190.0,245.33,212.33333333333334,10
Snake gourd,Dehiattakandiya,2023-11-15,374.17,257.33,201.67,190.0,216.33333333333334,11
Snake gourd,Dehiattakandiya,2023-12-15,400.0,374.17,257.33,201.67,277.7233333333333,12
Snake gourd,Dehiattakandiya,2024-01-15,426.67,400.0,374.17,257.33,343.8333333333333,1
Snake gourd,Dehiattakandiya,2024-02-15,418.33,426.67,400.0,374.17,400.28000000000003,2
Snake gourd,Dehiattakandiya,2024-03-15,263.33,418.33,426.67,400.0,415.0,3
Snake gourd,Dehiattakandiya,2024-04-15,204.0,263.33,418.33,426.67,369.4433333333333,4
Snake gourd,Dehiattakandiya,2024-05-15,273.33,204.0,263.33,418.33,295.21999999999997,5
Snake gourd,Dehiattakandiya,2024-06-15,375.56,273.33,204.0,263.33,246.88666666666666,6
Snake gourd,Dehiattakandiya,2024-07-15,300.67,375.56,273.33,204.0,284.2966666666667,7
Snake gourd,Dehiattakandiya,2024-08-15,270.0,300.67,375.56,273.33,316.52,8
Snake gourd,Dehiattakandiya,2024-09-15,268.0,270.0,300.67,375.56,315.41,9
Snake gourd,Dehiattakandiya,2024-10-15,251.67,268.0,270.0,300.67,279.5566666666667,10
Snake gourd,Dehiattakandiya,2024-11-15,300.0,251.67,268.0,270.0,263.2233333333333,11
Snake gourd,Dehiattakandiya,2024-12-15,344.67,300.0,251.67,268.0,273.22333333333336,12
Snake gourd,Dehiattakandiya,2025-01-15,356.67,344.67,300.0,251.67,298.78000000000003,1
Snake gourd,Dehiattakandiya,2025-02-15,378.33,356.67,344.67,300.0,333.78000000000003,2
Snake gourd,Dehiattakandiya,2025-03-15,266.67,378.33,356.67,344.67,359.89000000000004,3
Snake gourd,Dehiattakandiya,2025-04-15,313.33,266.67,378.33,356.67,333.89,4
Snake gourd,Dehiattakandiya,2025-05-15,366.67,313.33,266.67,378.33,319.4433333333333,5
Snake gourd,Dehiattakandiya,2025-06-15,249.33,366.67,313.33,266.67,315.5566666666667,6
Snake gourd,Dehiattakandiya,2025-07-15,193.33,249.33,366.67,313.33,309.7766666666667,7
Snake gourd,Dehiattakandiya,2025-08-15,228.33,193.33,249.33,366.67,269.77666666666664,8
Snake gourd,Dehiattakandiya,2025-09-15,295.33,228.33,193.33,249.33,223.66333333333333,9
Snake gourd,Economic Centre - Peliyagoda,2022-10-15,325.6,357.39,304.81,334.64,332.28,10
Snake gourd,Economic Centre - Peliyagoda,2022-11-15,392.69,325.6,357.39,304.81,329.26666666666665,11
Snake gourd,Economic Centre - Peliyagoda,2022-12-15,223.0,392.69,325.6,357.39,358.56,12
Snake gourd,Economic Centre - Peliyagoda,2023-01-15,402.5,223.0,392.69,325.6,313.7633333333333,1
Snake gourd,Economic Centre - Peliyagoda,2023-02-15,222.0,402.5,223.0,392.69,339.3966666666667,2
Snake gourd,Economic Centre - Peliyagoda,2023-03-15,275.38,222.0,402.5,223.0,282.5,3
Snake gourd,Economic Centre - Peliyagoda,2023-04-15,313.1,275.38,222.0,402.5,299.96,4
Snake gourd,Economic Centre - Peliyagoda,2023-05-15,280.0,313.1,275.38,222.0,270.16,5
Snake gourd,Economic Centre-Dambulla,2020-04-15,58.0,82.44,120.06,145.33,115.94333333333334,4
Snake gourd,Economic Centre-Dambulla,2020-05-15,73.5,58.0,82.44,120.06,86.83333333333333,5
Snake gourd,Economic Centre-Dambulla,2020-06-15,95.95,73.5,58.0,82.44,71.31333333333333,6
Snake gourd,Economic Centre-Dambulla,2020-07-15,65.43,95.95,73.5,58.0,75.81666666666666,7
Snake gourd,Economic Centre-Dambulla,2020-08-15,96.5,65.43,95.95,73.5,78.29333333333334,8
Snake gourd,Economic Centre-Dambulla,2020-09-15,108.67,96.5,65.43,95.95,85.96,9
Snake gourd,Economic Centre-Dambulla,2020-10-15,108.67,108.67,96.5,65.43,90.2,10
Snake gourd,Economic Centre-Pettah,2020-06-15,129.0,112.78,143.33,171.24,142.45000000000002,6
Snake gourd,Economic Centre-Pettah,2020-07-15,117.17,129.0,112.78,143.33,128.37,7
Snake gourd,Economic Centre-Pettah,2020-08-15,130.5,117.17,129.0,112.78,119.64999999999999,8
Snake gourd,Economic Centre-Pettah,2020-09-15,148.33,130.5,117.17,129.0,125.55666666666666,9
Snake gourd,Economic Centre-Pettah,2020-10-15,148.33,148.33,130.5,117.17,132.0,10
Snake gourd,Embilipitiya,2023-09-15,258.25,243.33,324.0,304.0,290.4433333333333,9
Snake gourd,Embilipitiya,2023-10-15,352.6,258.25,243.33,324.0,275.1933333333333,10
Snake gourd,Embilipitiya,2023-11-15,406.75,352.6,258.25,243.33,284.7266666666667,11
Snake gourd,Embilipitiya,2023-12-15,296.0,406.75,352.6,258.25,339.2,12
Snake gourd,Embilipitiya,2024-01-15,422.8,296.0,406.75,352.6,351.7833333333333,1
Snake gourd,Embilipitiya,2024-02-15,353.25,422.8,296.0,406.75,375.18333333333334,2
Snake gourd,Embilipitiya,2024-03-15,252.5,353.25,422.8,296.0,357.34999999999997,3
Snake gourd,Embilipitiya,2024-04-15,178.87,252.5,353.25,422.8,342.84999999999997,4
Snake gourd,Embilipitiya,2024-05-15,266.5,178.87,252.5,353.25,261.54,5
Snake gourd,Embilipitiya,2024-06-15,362.92,266.5,178.87,252.5,232.62333333333333,6
Snake gourd,Embilipitiya,2024-07-15,303.33,362.92,266.5,178.87,269.43,7
Snake gourd,Embilipitiya,2024-08-15,276.67,303.33,362.92,266.5,310.9166666666667,8
Snake gourd,Embilipitiya,2024-09-15,278.4,276.67,303.33,362.92,314.3066666666667,9
Snake gourd,Embilipitiya,2024-10-15,295.0,278.4,276.67,303.33,286.13333333333327,10
Snake gourd,Embilipitiya,2024-11-15,292.12,295.0,278.4,276.67,283.3566666666666,11
Snake gourd,Embilipitiya,2024-12-15,312.7,292.12,295.0,278.4,288.50666666666666,12
Snake gourd,Embilipitiya,2025-01-15,267.0,312.7,292.12,295.0,299.94,1
Snake gourd,Embilipitiya,2025-02-15,301.12,267.0,312.7,292.12,290.6066666666666,2
Snake gourd,Embilipitiya,2025-03-15,303.8,301.12,267.0,312.7,293.6066666666667,3
Snake gourd,Embilipitiya,2025-04-15,405.0,303.8,301.12,267.0,290.64000000000004,4
Snake gourd,Embilipitiya,2025-05-15,396.25,405.0,303.8,301.12,336.64000000000004,5
Snake gourd,Embilipitiya,2025-06-15,259.6,396.25,405.0,303.8,368.34999999999997,6
Snake gourd,Embilipitiya,2025-07-15,237.0,259.6,396.25,405.0,353.61666666666673,7
Snake gourd,Embilipitiya,2025-08-15,295.62,237.0,259.6,396.25,297.61666666666673,8
Snake gourd,Embilipitiya,2025-09-15,283.6,295.62,237.0,259.6,264.0733333333333,9
Snake gourd,Galenbindunuwewa,2023-09-15,193.0,201.0,256.0,354.0,270.3333333333333,9
Snake gourd,Galenbindunuwewa,2023-10-15,252.0,193.0,201.0,256.0,216.66666666666666,10
Snake gourd,Galenbindunuwewa,2023-11-15,337.0,252.0,193.0,201.0,215.33333333333334,11
Snake gourd,Galenbindunuwewa,2023-12-15,336.0,337.0,252.0,193.0,260.6666666666667,12
Snake gourd,Galenbindunuwewa,2024-01-15,347.2,336.0,337.0,252.0,308.3333333333333,1
Snake gourd,Galenbindunuwewa,2024-02-15,356.0,347.2,336.0,337.0,340.06666666666666,2
Snake gourd,Galenbindunuwewa,2024-03-15,244.0,356.0,347.2,336.0,346.40000000000003,3
Snake gourd,Galenbindunuwewa,2024-04-15,159.2,244.0,356.0,347.2,315.73333333333335,4
Snake gourd,Galenbindunuwewa,2024-05-15,242.0,159.2,244.0,356.0,253.06666666666663,5
Snake gourd,Galenbindunuwewa,2024-06-15,351.0,242.0,159.2,244.0,215.0666666666667,6
Snake gourd,Galenbindunuwewa,2024-07-15,296.0,351.0,242.0,159.2,250.73333333333335,7
Snake gourd,Galenbindunuwewa,2024-12-15,396.0,296.0,351.0,242.0,296.3333333333333,12
Snake gourd,Galenbindunuwewa,2025-01-15,254.0,396.0,296.0,351.0,347.6666666666667,1
Snake gourd,Galenbindunuwewa,2025-02-15,372.5,254.0,396.0,296.0,315.3333333333333,2
Snake gourd,Galenbindunuwewa,2025-03-15,311.5,372.5,254.0,396.0,340.8333333333333,3
Snake gourd,Galenbindunuwewa,2025-04-15,372.5,311.5,372.5,254.0,312.6666666666667,4
Snake gourd,Galenbindunuwewa,2025-06-15,313.75,372.5,311.5,372.5,352.1666666666667,6
Snake gourd,Galenbindunuwewa,2025-07-15,310.0,313.75,372.5,311.5,332.5833333333333,7
Snake gourd,Galenbindunuwewa,2025-08-15,282.33,310.0,313.75,372.5,332.0833333333333,8
Snake gourd,Galenbindunuwewa,2025-09-15,272.57,282.33,310.0,313.75,302.02666666666664,9
Snake gourd,Galle,2023-09-15,225.0,226.67,334.1,402.75,321.17333333333335,9
Snake gourd,Galle,2023-10-15,291.6,225.0,226.67,334.1,261.92333333333335,10
Snake gourd,Galle,2023-11-15,396.5,291.6,225.0,226.67,247.75666666666666,11
Snake gourd,Galle,2023-12-15,378.75,396.5,291.6,225.0,304.3666666666667,12
Snake gourd,Galle,2024-01-15,429.0,378.75,396.5,291.6,355.6166666666666,1
Snake gourd,Galle,2024-02-15,401.25,429.0,378.75,396.5,401.4166666666667,2
Snake gourd,Galle,2024-03-15,230.62,401.25,429.0,378.75,403.0,3
Snake gourd,Galle,2024-04-15,202.5,230.62,401.25,429.0,353.6233333333333,4
Snake gourd,Galle,2024-05-15,283.33,202.5,230.62,401.25,278.12333333333333,5
Snake gourd,Galle,2024-06-15,451.67,283.33,202.5,230.62,238.8166666666667,6
Snake gourd,Galle,2024-07-15,399.0,451.67,283.33,202.5,312.5,7
Snake gourd,Galle,2024-08-15,292.5,399.0,451.67,283.33,378.0,8
Snake gourd,Galle,2024-09-15,328.33,292.5,399.0,451.67,381.0566666666667,9
Snake gourd,Galle,2024-10-15,290.75,328.33,292.5,399.0,339.9433333333333,10
Snake gourd,Galle,2024-11-15,312.5,290.75,328.33,292.5,303.85999999999996,11
Snake gourd,Galle,2024-12-15,440.67,312.5,290.75,328.33,310.52666666666664,12
Snake gourd,Galle,2025-01-15,398.33,440.67,312.5,290.75,347.97333333333336,1
Snake gourd,Galle,2025-02-15,385.67,398.33,440.67,312.5,383.8333333333333,2
Snake gourd,Galle,2025-03-15,353.33,385.67,398.33,440.67,408.22333333333336,3
Snake gourd,Galle,2025-04-15,473.33,353.33,385.67,398.33,379.10999999999996,4
Snake gourd,Galle,2025-05-15,481.25,473.33,353.33,385.67,404.10999999999996,5
Snake gourd,Galle,2025-06-15,336.33,481.25,473.33,353.33,435.96999999999997,6
Snake gourd,Galle,2025-07-15,278.75,336.33,481.25,473.33,430.30333333333334,7
Snake gourd,Galle,2025-08-15,331.25,278.75,336.33,481.25,365.4433333333333,8
Snake gourd,Galle,2025-09-15,361.33,331.25,278.75,336.33,315.4433333333333,9
Snake gourd,Gampaha,2023-09-15,260.0,260.0,334.0,416.0,336.6666666666667,9
Snake gourd,Gampaha,2023-10-15,350.0,260.0,260.0,334.0,284.6666666666667,10
Snake gourd,Gampaha,2023-11-15,400.0,350.0,260.0,260.0,290.0,11
Snake gourd,Gampaha,2023-12-15,470.0,400.0,350.0,260.0,336.6666666666667,12
Snake gourd,Gampaha,2024-01-15,465.0,470.0,400.0,350.0,406.6666666666667,1
Snake gourd,Gampaha,2024-02-15,425.0,465.0,470.0,400.0,445.0,2
Snake gourd,Gampaha,2024-07-15,342.5,425.0,465.0,470.0,453.3333333333333,7
Snake gourd,Gampaha,2024-08-15,291.08,342.5,425.0,465.0,410.8333333333333,8
Snake gourd,Gampaha,2024-09-15,257.0,291.08,342.5,425.0,352.85999999999996,9
Snake gourd,Gampaha,2024-10-15,316.67,257.0,291.08,342.5,296.85999999999996,10
Snake gourd,Gampaha,2024-11-15,365.0,316.67,257.0,291.08,288.25,11
Snake gourd,Gampaha,2024-12-15,460.0,365.0,316.67,257.0,312.89000000000004,12
Snake gourd,Gampaha,2025-01-15,402.5,460.0,365.0,316.67,380.5566666666667,1
Snake gourd,Gampaha,2025-02-15,395.0,402.5,460.0,365.0,409.1666666666667,2
Snake gourd,Gampaha,2025-03-15,398.0,395.0,402.5,460.0,419.1666666666667,3
Snake gourd,Gampaha,2025-04-15,388.33,398.0,395.0,402.5,398.5,4
Snake gourd,Gampaha,2025-05-15,504.58,388.33,398.0,395.0,393.77666666666664,5
Snake gourd,Gampaha,2025-06-15,360.0,504.58,388.33,398.0,430.3033333333333,6
Snake gourd,Gampaha,2025-07-15,345.83,360.0,504.58,388.33,417.6366666666666,7
Snake gourd,Gampaha,2025-08-15,365.83,345.83,360.0,504.58,403.47,8
Snake gourd,Gampaha,2025-09-15,301.5,365.83,345.83,360.0,357.21999999999997,9
Snake gourd,Hambantota,2023-09-15,239.17,243.33,313.71,342.86,299.96666666666664,9
Snake gourd,Hambantota,2023-10-15,299.0,239.17,243.33,313.71,265.40333333333336,10
Snake gourd,Hambantota,2023-11-15,421.96,299.0,239.17,243.33,260.5,11
Snake gourd,Hambantota,2023-12-15,338.33,421.96,299.0,239.17,320.0433333333333,12
Snake gourd,Hambantota,2024-01-15,377.67,338.33,421.96,299.0,353.09666666666664,1
Snake gourd,Hambantota,2024-02-15,364.58,377.67,338.33,421.96,379.32,2
Snake gourd,Hambantota,2024-03-15,232.08,364.58,377.67,338.33,360.1933333333333,3
Snake gourd,Hambantota,2024-04-15,218.75,232.08,364.58,377.67,324.7766666666667,4
Snake gourd,Hambantota,2024-05-15,277.5,218.75,232.08,364.58,271.80333333333334,5
Snake gourd,Hambantota,2024-06-15,403.89,277.5,218.75,232.08,242.77666666666667,6
Snake gourd,Hambantota,2024-07-15,235.0,403.89,277.5,218.75,300.0466666666667,7
Snake gourd,Hambantota,2024-08-15,257.12,235.0,403.89,277.5,305.4633333333333,8
Snake gourd,Hambantota,2024-09-15,296.8,257.12,235.0,403.89,298.67,9
Snake gourd,Hambantota,2024-10-15,320.0,296.8,257.12,235.0,262.97333333333336,10
Snake gourd,Hambantota,2024-11-15,312.5,320.0,296.8,257.12,291.3066666666667,11
Snake gourd,Hambantota,2024-12-15,406.8,312.5,320.0,296.8,309.76666666666665,12
Snake gourd,Hambantota,2025-01-15,384.75,406.8,312.5,320.0,346.4333333333334,1
Snake gourd,Hambantota,2025-02-15,378.12,384.75,406.8,312.5,368.0166666666667,2
Snake gourd,Hambantota,2025-03-15,383.0,378.12,384.75,406.8,389.89000000000004,3
Snake gourd,Hambantota,2025-04-15,395.0,383.0,378.12,384.75,381.95666666666665,4
Snake gourd,Hambantota,2025-05-15,511.25,395.0,383.0,378.12,385.3733333333333,5
Snake gourd,Hambantota,2025-08-15,309.67,511.25,395.0,383.0,429.75,8
Snake gourd,Hambantota,2025-09-15,320.8,309.67,511.25,395.0,405.3066666666667,9
Snake gourd,Hanguranketha,2023-09-15,174.5,150.0,176.0,263.0,196.33333333333334,9
Snake gourd,Hanguranketha,2023-10-15,219.4,174.5,150.0,176.0,166.83333333333334,10
Snake gourd,Hanguranketha,2023-11-15,321.5,219.4,174.5,150.0,181.29999999999998,11
Snake gourd,Hanguranketha,2023-12-15,276.75,321.5,219.4,174.5,238.46666666666667,12
Snake gourd,Hanguranketha,2024-01-15,286.0,276.75,321.5,219.4,272.55,1
Snake gourd,Hanguranketha,2024-02-15,296.5,286.0,276.75,321.5,294.75,2
Snake gourd,Hanguranketha,2024-03-15,209.5,296.5,286.0,276.75,286.4166666666667,3
Snake gourd,Hanguranketha,2024-04-15,142.93,209.5,296.5,286.0,264.0,4
Snake gourd,Hanguranketha,2024-05-15,244.0,142.93,209.5,296.5,216.31000000000003,5
Snake gourd,Hanguranketha,2024-06-15,302.0,244.0,142.93,209.5,198.81000000000003,6
Snake gourd,Hanguranketha,2024-07-15,223.87,302.0,244.0,142.93,229.64333333333335,7
Snake gourd,Hanguranketha,2024-08-15,203.0,223.87,302.0,244.0,256.6233333333333,8
Snake gourd,Hanguranketha,2024-09-15,231.03,203.0,223.87,302.0,242.95666666666662,9
Snake gourd,Hanguranketha,2024-10-15,231.79,231.03,203.0,223.87,219.29999999999998,10
Snake gourd,Hanguranketha,2024-11-15,194.0,231.79,231.03,203.0,221.93999999999997,11
Snake gourd,Hanguranketha,2024-12-15,267.6,194.0,231.79,231.03,218.93999999999997,12
Snake gourd,Hanguranketha,2025-01-15,190.0,267.6,194.0,231.79,231.13000000000002,1
Snake gourd,Hanguranketha,2025-02-15,251.0,190.0,267.6,194.0,217.20000000000002,2
Snake gourd,Hanguranketha,2025-03-15,237.4,251.0,190.0,267.6,236.20000000000002,3
Snake gourd,Hanguranketha,2025-04-15,278.33,237.4,251.0,190.0,226.13333333333333,4
Snake gourd,Hanguranketha,2025-05-15,295.0,278.33,237.4,251.0,255.57666666666668,5
Snake gourd,Hanguranketha,2025-08-15,186.67,295.0,278.33,237.4,270.24333333333334,8
Snake gourd,Hanguranketha,2025-09-15,238.0,186.67,295.0,278.33,253.33333333333334,9
Snake gourd,Jaffna,2023-09-15,127.33,103.33,244.67,224.17,190.72333333333333,9
Snake gourd,Jaffna,2023-10-15,137.8,127.33,103.33,244.67,158.44333333333336,10
Snake gourd,Jaffna,2023-11-15,242.25,137.8,127.33,103.33,122.82000000000001,11
Snake gourd,Jaffna,2023-12-15,303.75,242.25,137.8,127.33,169.12666666666667,12
Snake gourd,Jaffna,2024-01-15,295.4,303.75,242.25,137.8,227.9333333333333,1
Snake gourd,Jaffna,2024-02-15,190.0,295.4,303.75,242.25,280.46666666666664,2
Snake gourd,Jaffna,2024-03-15,152.0,190.0,295.4,303.75,263.05,3
Snake gourd,Jaffna,2024-04-15,138.4,152.0,190.0,295.4,212.46666666666667,4
Snake gourd,Jaffna,2024-05-15,203.5,138.4,152.0,190.0,160.13333333333333,5
Snake gourd,Jaffna,2024-06-15,310.67,203.5,138.4,152.0,164.63333333333333,6
Snake gourd,Jaffna,2024-07-15,168.0,310.67,203.5,138.4,217.52333333333334,7
Snake gourd,Jaffna,2024-08-15,165.0,168.0,310.67,203.5,227.39000000000001,8
Snake gourd,Jaffna,2024-09-15,138.8,165.0,168.0,310.67,214.5566666666667,9
Snake gourd,Jaffna,2024-10-15,152.0,138.8,165.0,168.0,157.26666666666668,10
Snake gourd,Jaffna,2024-11-15,168.0,152.0,138.8,165.0,151.93333333333334,11
Snake gourd,Jaffna,2024-12-15,311.2,168.0,152.0,138.8,152.93333333333334,12
Snake gourd,Jaffna,2025-01-15,202.0,311.2,168.0,152.0,210.4,1
Snake gourd,Jaffna,2025-02-15,205.33,202.0,311.2,168.0,227.0666666666667,2
Snake gourd,Jaffna,2025-03-15,133.0,205.33,202.0,311.2,239.51,3
Snake gourd,Jaffna,2025-06-15,144.0,133.0,205.33,202.0,180.11,6
Snake gourd,Jaffna,2025-07-15,128.5,144.0,133.0,205.33,160.77666666666667,7
Snake gourd,Jaffna,2025-08-15,185.0,128.5,144.0,133.0,135.16666666666666,8
Snake gourd,Jaffna,2025-09-15,164.4,185.0,128.5,144.0,152.5,9
Snake gourd,Kalutara,2023-09-15,256.0,214.0,338.8,392.0,314.93333333333334,9
Snake gourd,Kalutara,2023-10-15,313.6,256.0,214.0,338.8,269.59999999999997,10
Snake gourd,Kalutara,2023-11-15,396.0,313.6,256.0,214.0,261.2,11
Snake gourd,Kalutara,2023-12-15,331.0,396.0,313.6,256.0,321.8666666666667,12
Snake gourd,Kalutara,2024-01-15,407.6,331.0,396.0,313.6,346.8666666666666,1
Snake gourd,Kalutara,2024-02-15,372.0,407.6,331.0,396.0,378.2,2
Snake gourd,Kalutara,2024-03-15,287.0,372.0,407.6,331.0,370.2,3
Snake gourd,Kalutara,2024-04-15,229.6,287.0,372.0,407.6,355.5333333333333,4
Snake gourd,Kalutara,2024-05-15,303.0,229.6,287.0,372.0,296.2,5
Snake gourd,Kalutara,2024-06-15,463.5,303.0,229.6,287.0,273.2,6
Snake gourd,Kalutara,2024-07-15,329.0,463.5,303.0,229.6,332.03333333333336,7
Snake gourd,Kalutara,2024-09-15,364.0,329.0,463.5,303.0,365.1666666666667,9
Snake gourd,Kalutara,2024-10-15,349.0,364.0,329.0,463.5,385.5,10
Snake gourd,Kalutara,2024-11-15,363.88,349.0,364.0,329.0,347.3333333333333,11
Snake gourd,Kalutara,2024-12-15,450.0,363.88,349.0,364.0,358.96000000000004,12
Snake gourd,Kalutara,2025-01-15,400.5,450.0,363.88,349.0,387.6266666666667,1
Snake gourd,Kalutara,2025-02-15,426.0,400.5,450.0,363.88,404.79333333333335,2
Snake gourd,Kalutara,2025-03-15,372.5,426.0,400.5,450.0,425.5,3
Snake gourd,Kalutara,2025-04-15,425.0,372.5,426.0,400.5,399.6666666666667,4
Snake gourd,Kalutara,2025-05-15,538.0,425.0,372.5,426.0,407.8333333333333,5
Snake gourd,Kalutara,2025-06-15,326.0,538.0,425.0,372.5,445.1666666666667,6
Snake gourd,Kalutara,2025-07-15,265.0,326.0,538.0,425.0,429.6666666666667,7
Snake gourd,Kalutara,2025-08-15,316.25,265.0,326.0,538.0,376.3333333333333,8
Snake gourd,Kalutara,2025-09-15,329.6,316.25,265.0,326.0,302.4166666666667,9
Snake gourd,Kandy,2023-09-15,212.0,204.0,231.2,373.0,269.40000000000003,9
Snake gourd,Kandy,2023-10-15,250.0,212.0,204.0,231.2,215.73333333333335,10
Snake gourd,Kandy,2023-11-15,397.5,250.0,212.0,204.0,222.0,11
Snake gourd,Kandy,2023-12-15,320.0,397.5,250.0,212.0,286.5,12
Snake gourd,Kandy,2024-01-15,338.4,320.0,397.5,250.0,322.5,1
Snake gourd,Kandy,2024-02-15,354.0,338.4,320.0,397.5,351.9666666666667,2
Snake gourd,Kandy,2024-03-15,241.0,354.0,338.4,320.0,337.46666666666664,3
Snake gourd,Kandy,2024-04-15,193.6,241.0,354.0,338.4,311.1333333333333,4
Snake gourd,Kandy,2024-05-15,290.0,193.6,241.0,354.0,262.8666666666667,5
Snake gourd,Kandy,2024-06-15,372.0,290.0,193.6,241.0,241.53333333333333,6
Snake gourd,Kandy,2024-07-15,232.8,372.0,290.0,193.6,285.2,7
Snake gourd,Kandy,2024-08-15,217.0,232.8,372.0,290.0,298.26666666666665,8
Snake gourd,Kandy,2024-09-15,251.2,217.0,232.8,372.0,273.93333333333334,9
Snake gourd,Kandy,2024-10-15,256.0,251.2,217.0,232.8,233.66666666666666,10
Snake gourd,Kandy,2024-11-15,245.0,256.0,251.2,217.0,241.4,11
Snake gourd,Kandy,2024-12-15,311.2,245.0,256.0,251.2,250.73333333333335,12
Snake gourd,Kandy,2025-01-15,218.0,311.2,245.0,256.0,270.73333333333335,1
Snake gourd,Kandy,2025-02-15,297.0,218.0,311.2,245.0,258.06666666666666,2
Snake gourd,Kandy,2025-03-15,361.6,297.0,218.0,311.2,275.40000000000003,3
Snake gourd,Kandy,2025-04-15,396.0,361.6,297.0,218.0,292.2,4
Snake gourd,Kandy,2025-05-15,408.12,396.0,361.6,297.0,351.5333333333333,5
Snake gourd,Kandy,2025-06-15,252.8,408.12,396.0,361.6,388.5733333333333,6
Snake gourd,Kandy,2025-07-15,159.0,252.8,408.12,396.0,352.3066666666667,7
Snake gourd,Kandy,2025-08-15,219.0,159.0,252.8,408.12,273.3066666666667,8
Snake gourd,Kandy,2025-09-15,292.0,219.0,159.0,252.8,210.26666666666665,9
Snake gourd,Kegalle,2023-09-15,260.0,260.5,336.8,411.5,336.26666666666665,9
Snake gourd,Kegalle,2023-10-15,291.6,260.0,260.5,336.8,285.76666666666665,10
Snake gourd,Kegalle,2023-11-15,409.0,291.6,260.0,260.5,270.70000000000005,11
Snake gourd,Kegalle,2023-12-15,396.0,409.0,291.6,260.0,320.20000000000005,12
Snake gourd,Kegalle,2024-01-15,388.8,396.0,409.0,291.6,365.53333333333336,1
Snake gourd,Kegalle,2024-02-15,381.0,388.8,396.0,409.0,397.93333333333334,2
Snake gourd,Kegalle,2024-03-15,320.0,381.0,388.8,396.0,388.59999999999997,3
Snake gourd,Kegalle,2024-04-15,220.0,320.0,381.0,388.8,363.26666666666665,4
Snake gourd,Kegalle,2024-05-15,290.0,220.0,320.0,381.0,307.0,5
Snake gourd,Kegalle,2024-06-15,290.0,290.0,220.0,320.0,276.6666666666667,6
Snake gourd,Kegalle,2024-07-15,308.0,290.0,290.0,220.0,266.6666666666667,7
Snake gourd,Kegalle,2024-08-15,287.0,308.0,290.0,290.0,296.0,8
Snake gourd,Kegalle,2024-09-15,276.0,287.0,308.0,290.0,295.0,9
Snake gourd,Kegalle,2024-10-15,286.0,276.0,287.0,308.0,290.3333333333333,10
Snake gourd,Kegalle,2024-11-15,296.0,286.0,276.0,287.0,283.0,11
Snake gourd,Kegalle,2024-12-15,392.0,296.0,286.0,276.0,286.0,12
Snake gourd,Kegalle,2025-01-15,316.0,392.0,296.0,286.0,324.6666666666667,1
Snake gourd,Kegalle,2025-02-15,346.0,316.0,392.0,296.0,334.6666666666667,2
Snake gourd,Kegalle,2025-03-15,344.0,346.0,316.0,392.0,351.3333333333333,3
Snake gourd,Kegalle,2025-04-15,376.0,344.0,346.0,316.0,335.3333333333333,4
Snake gourd,Kegalle,2025-05-15,379.0,376.0,344.0,346.0,355.3333333333333,5
Snake gourd,Kegalle,2025-06-15,320.0,379.0,376.0,344.0,366.3333333333333,6
Snake gourd,Kegalle,2025-07-15,266.0,320.0,379.0,376.0,358.3333333333333,7
Snake gourd,Kegalle,2025-08-15,284.0,266.0,320.0,379.0,321.6666666666667,8
Snake gourd,Kegalle,2025-09-15,280.0,284.0,266.0,320.0,290.0,9
Snake gourd,Keppetipola (DEC},2023-09-15,205.5,190.5,223.6,299.0,237.70000000000002,9
Snake gourd,Keppetipola (DEC},2023-10-15,246.0,205.5,190.5,223.6,206.53333333333333,10
Snake gourd,Keppetipola (DEC},2023-11-15,319.5,246.0,205.5,190.5,214.0,11
Snake gourd,Keppetipola (DEC},2023-12-15,263.0,319.5,246.0,205.5,257.0,12
Snake gourd,Keppetipola (DEC},2024-01-15,318.0,263.0,319.5,246.0,276.1666666666667,1
Snake gourd,Keppetipola (DEC},2024-02-15,302.62,318.0,263.0,319.5,300.1666666666667,2
Snake gourd,Keppetipola (DEC},2024-03-15,212.5,302.62,318.0,263.0,294.54,3
Snake gourd,Keppetipola (DEC},2024-04-15,176.3,212.5,302.62,318.0,277.70666666666665,4
Snake gourd,Keppetipola (DEC},2024-05-15,264.38,176.3,212.5,302.62,230.47333333333336,5
Snake gourd,Keppetipola (DEC},2024-06-15,341.25,264.38,176.3,212.5,217.7266666666667,6
Snake gourd,Keppetipola (DEC},2024-07-15,250.6,341.25,264.38,176.3,260.6433333333334,7
Snake gourd,Keppetipola (DEC},2024-08-15,239.5,250.6,341.25,264.38,285.41,8
Snake gourd,Keppetipola (DEC},2024-09-15,259.2,239.5,250.6,341.25,277.1166666666666,9
Snake gourd,Keppetipola (DEC},2024-10-15,280.0,259.2,239.5,250.6,249.76666666666665,10
Snake gourd,Keppetipola (DEC},2024-11-15,253.75,280.0,259.2,239.5,259.56666666666666,11
Snake gourd,Keppetipola (DEC},2024-12-15,318.67,253.75,280.0,259.2,264.31666666666666,12
Snake gourd,Keppetipola (DEC},2025-01-15,226.67,318.67,253.75,280.0,284.14000000000004,1
Snake gourd,Keppetipola (DEC},2025-02-15,292.5,226.67,318.67,253.75,266.36333333333334,2
Snake gourd,Keppetipola (DEC},2025-03-15,296.0,292.5,226.67,318.67,279.28000000000003,3
Snake gourd,Keppetipola (DEC},2025-04-15,316.11,296.0,292.5,226.67,271.72333333333336,4
Snake gourd,Keppetipola (DEC},2025-05-15,321.67,316.11,296.0,292.5,301.5366666666667,5
Snake gourd,Keppetipola (DEC},2025-06-15,196.67,321.67,316.11,296.0,311.26,6
Snake gourd,Keppetipola (DEC},2025-07-15,162.5,196.67,321.67,316.11,278.15000000000003,7
Snake gourd,Keppetipola (DEC},2025-08-15,202.5,162.5,196.67,321.67,226.9466666666667,8
Snake gourd,Keppetipola (DEC},2025-09-15,252.0,202.5,162.5,196.67,187.22333333333333,9
Snake gourd,Kilinochchi,2023-09-15,227.5,243.5,269.6,297.5,270.2,9
Snake gourd,Kilinochchi,2023-10-15,246.8,227.5,243.5,269.6,246.86666666666667,10
Snake gourd,Kilinochchi,2023-11-15,288.0,246.8,227.5,243.5,239.26666666666665,11
Snake gourd,Kilinochchi,2023-12-15,360.0,288.0,246.8,227.5,254.1,12
Snake gourd,Kilinochchi,2024-01-15,360.8,360.0,288.0,246.8,298.26666666666665,1
Snake gourd,Kilinochchi,2024-02-15,337.0,360.8,360.0,288.0,336.2666666666667,2
Snake gourd,Kilinochchi,2024-03-15,258.5,337.0,360.8,360.0,352.59999999999997,3
Snake gourd,Kilinochchi,2024-04-15,221.2,258.5,337.0,360.8,318.76666666666665,4
Snake gourd,Kilinochchi,2024-05-15,264.0,221.2,258.5,337.0,272.23333333333335,5
Snake gourd,Kilinochchi,2024-06-15,264.0,264.0,221.2,258.5,247.9,6
Snake gourd,Kilinochchi,2024-07-15,286.4,264.0,264.0,221.2,249.73333333333335,7
Snake gourd,Kilinochchi,2024-08-15,217.5,286.4,264.0,264.0,271.46666666666664,8
Snake gourd,Kilinochchi,2024-09-15,235.2,217.5,286.4,264.0,255.9666666666666,9
Snake gourd,Kilinochchi,2024-10-15,277.75,235.2,217.5,286.4,246.36666666666665,10
Snake gourd,Kilinochchi,2024-11-15,251.0,277.75,235.2,217.5,243.48333333333335,11
Snake gourd,Kilinochchi,2024-12-15,346.0,251.0,277.75,235.2,254.65,12
Snake gourd,Kilinochchi,2025-01-15,264.5,346.0,251.0,277.75,291.5833333333333,1
Snake gourd,Kilinochchi,2025-02-15,358.0,264.5,346.0,251.0,287.1666666666667,2
Snake gourd,Kilinochchi,2025-03-15,276.5,358.0,264.5,346.0,322.8333333333333,3
Snake gourd,Kilinochchi,2025-04-15,331.5,276.5,358.0,264.5,299.6666666666667,4
Snake gourd,Kilinochchi,2025-05-15,350.0,331.5,276.5,358.0,322.0,5
Snake gourd,Kilinochchi,2025-06-15,270.5,350.0,331.5,276.5,319.3333333333333,6
Snake gourd,Kilinochchi,2025-09-15,271.2,270.5,350.0,331.5,317.3333333333333,9
Snake gourd,Kurunegala,2023-09-15,275.0,272.0,315.73,380.5,322.74333333333334,9
Snake gourd,Kurunegala,2023-10-15,296.0,275.0,272.0,315.73,287.57666666666665,10
Snake gourd,Kurunegala,2023-11-15,367.0,296.0,275.0,272.0,281.0,11
Snake gourd,Kurunegala,2023-12-15,402.92,367.0,296.0,275.0,312.6666666666667,12
Snake gourd,Kurunegala,2024-01-15,405.33,402.92,367.0,296.0,355.3066666666667,1
Snake gourd,Kurunegala,2024-02-15,389.17,405.33,402.92,367.0,391.75,2
Snake gourd,Kurunegala,2024-03-15,288.25,389.17,405.33,402.92,399.14000000000004,3
Snake gourd,Kurunegala,2024-04-15,277.67,288.25,389.17,405.33,360.9166666666667,4
Snake gourd,Kurunegala,2024-05-15,278.25,277.67,288.25,389.17,318.36333333333334,5
Snake gourd,Kurunegala,2024-06-15,365.75,278.25,277.67,288.25,281.39000000000004,6
Snake gourd,Kurunegala,2024-09-15,276.67,365.75,278.25,277.67,307.22333333333336,9
Snake gourd,Kurunegala,2024-10-15,275.0,276.67,365.75,278.25,306.89000000000004,10
Snake gourd,Kurunegala,2024-11-15,300.0,275.0,276.67,365.75,305.8066666666667,11
Snake gourd,Kurunegala,2024-12-15,435.33,300.0,275.0,276.67,283.89000000000004,12
Snake gourd,Kurunegala,2025-01-15,414.17,435.33,300.0,275.0,336.77666666666664,1
Snake gourd,Kurunegala,2025-02-15,382.29,414.17,435.33,300.0,383.1666666666667,2
Snake gourd,Kurunegala,2025-03-15,351.0,382.29,414.17,435.33,410.59666666666664,3
Snake gourd,Kurunegala,2025-04-15,365.0,351.0,382.29,414.17,382.4866666666667,4
Snake gourd,Kurunegala,2025-05-15,486.67,365.0,351.0,382.29,366.09666666666664,5
Snake gourd,Kurunegala,2025-06-15,306.33,486.67,365.0,351.0,400.89000000000004,6
Snake gourd,Kurunegala,2025-07-15,295.0,306.33,486.67,365.0,386.0,7
Snake gourd,Kurunegala,2025-08-15,274.17,295.0,306.33,486.67,362.6666666666667,8
Snake gourd,Kurunegala,2025-09-15,298.5,274.17,295.0,306.33,291.8333333333333,9
Snake gourd,Mannar,2023-09-15,264.5,264.0,288.8,408.0,320.26666666666665,9
Snake gourd,Mannar,2023-10-15,284.0,264.5,264.0,288.8,272.43333333333334,10
Snake gourd,Mannar,2023-11-15,402.5,284.0,264.5,264.0,270.8333333333333,11
Snake gourd,Mannar,2023-12-15,422.0,402.5,284.0,264.5,317.0,12
Snake gourd,Mannar,2024-01-15,422.0,422.0,402.5,284.0,369.5,1
Snake gourd,Mannar,2024-02-15,400.5,422.0,422.0,402.5,415.5,2
Snake gourd,Mannar,2024-03-15,434.0,400.5,422.0,422.0,414.8333333333333,3
Snake gourd,Mannar,2024-04-15,177.33,434.0,400.5,422.0,418.8333333333333,4
Snake gourd,Mannar,2024-05-15,310.0,177.33,434.0,400.5,337.2766666666667,5
Snake gourd,Mannar,2024-06-15,310.0,310.0,177.33,434.0,307.10999999999996,6
Snake gourd,Mannar,2024-07-15,337.0,310.0,310.0,177.33,265.77666666666664,7
Snake gourd,Mannar,2024-08-15,253.0,337.0,310.0,310.0,319.0,8
Snake gourd,Mannar,2024-09-15,288.8,253.0,337.0,310.0,300.0,9
Snake gourd,Mannar,2024-10-15,264.0,288.8,253.0,337.0,292.93333333333334,10
Snake gourd,Mannar,2024-11-15,303.5,264.0,288.8,253.0,268.59999999999997,11
Snake gourd,Mannar,2024-12-15,413.6,303.5,264.0,288.8,285.43333333333334,12
Snake gourd,Mannar,2025-01-15,271.0,413.6,303.5,264.0,327.03333333333336,1
Snake gourd,Mannar,2025-06-15,302.0,271.0,413.6,303.5,329.3666666666666,6
Snake gourd,Mannar,2025-07-15,316.88,302.0,271.0,413.6,328.8666666666666,7
Snake gourd,Mannar,2025-08-15,260.0,316.88,302.0,271.0,296.62666666666667,8
Snake gourd,Mannar,2025-09-15,256.5,260.0,316.88,302.0,292.96,9
Snake gourd,Matale,2023-09-15,262.0,239.0,289.6,384.0,304.2,9
Snake gourd,Matale,2023-10-15,280.0,262.0,239.0,289.6,263.53333333333336,10
Snake gourd,Matale,2023-11-15,424.0,280.0,262.0,239.0,260.3333333333333,11
Snake gourd,Matale,2023-12-15,388.0,424.0,280.0,262.0,322.0,12
Snake gourd,Matale,2024-01-15,398.4,388.0,424.0,280.0,364.0,1
Snake gourd,Matale,2024-02-15,402.0,398.4,388.0,424.0,403.4666666666667,2
Snake gourd,Matale,2024-03-15,219.0,402.0,398.4,388.0,396.1333333333334,3
Snake gourd,Matale,2024-04-15,172.0,219.0,402.0,398.4,339.8,4
Snake gourd,Matale,2024-05-15,261.33,172.0,219.0,402.0,264.3333333333333,5
Snake gourd,Matale,2024-06-15,261.33,261.33,172.0,219.0,217.4433333333333,6
Snake gourd,Matale,2024-07-15,309.33,261.33,261.33,172.0,231.5533333333333,7
Snake gourd,Matale,2024-08-15,255.0,309.33,261.33,261.33,277.33,8
Snake gourd,Matale,2024-09-15,272.0,255.0,309.33,261.33,275.22,9
Snake gourd,Matale,2024-10-15,292.0,272.0,255.0,309.33,278.77666666666664,10
Snake gourd,Matale,2024-11-15,270.0,292.0,272.0,255.0,273.0,11
Snake gourd,Matale,2024-12-15,329.2,270.0,292.0,272.0,278.0,12
Snake gourd,Matale,2025-01-15,252.0,329.2,270.0,292.0,297.06666666666666,1
Snake gourd,Matale,2025-02-15,355.0,252.0,329.2,270.0,283.73333333333335,2
Snake gourd,Matale,2025-03-15,330.4,355.0,252.0,329.2,312.06666666666666,3
Snake gourd,Matale,2025-04-15,375.0,330.4,355.0,252.0,312.46666666666664,4
Snake gourd,Matale,2025-05-15,368.0,375.0,330.4,355.0,353.4666666666667,5
Snake gourd,Matale,2025-06-15,299.2,368.0,375.0,330.4,357.8,6
Snake gourd,Matale,2025-07-15,226.0,299.2,368.0,375.0,347.40000000000003,7
Snake gourd,Matale,2025-08-15,246.0,226.0,299.2,368.0,297.73333333333335,8
Snake gourd,Matale,2025-09-15,306.0,246.0,226.0,299.2,257.06666666666666,9
Snake gourd,Matara,2023-09-15,267.5,238.75,307.5,371.25,305.8333333333333,9
Snake gourd,Matara,2023-10-15,298.0,267.5,238.75,307.5,271.25,10
Snake gourd,Matara,2023-11-15,446.88,298.0,267.5,238.75,268.0833333333333,11
Snake gourd,Matara,2023-12-15,371.0,446.88,298.0,267.5,337.46,12
Snake gourd,Matara,2024-01-15,400.0,371.0,446.88,298.0,371.96000000000004,1
Snake gourd,Matara,2024-02-15,391.25,400.0,371.0,446.88,405.96000000000004,2
Snake gourd,Matara,2024-03-15,247.5,391.25,400.0,371.0,387.4166666666667,3
Snake gourd,Matara,2024-04-15,220.33,247.5,391.25,400.0,346.25,4
Snake gourd,Matara,2024-05-15,300.0,220.33,247.5,391.25,286.36,5
Snake gourd,Matara,2024-06-15,406.25,300.0,220.33,247.5,255.94333333333336,6
Snake gourd,Matara,2024-07-15,362.0,406.25,300.0,220.33,308.86,7
Snake gourd,Matara,2024-08-15,290.0,362.0,406.25,300.0,356.0833333333333,8
Snake gourd,Matara,2024-09-15,294.0,290.0,362.0,406.25,352.75,9
Snake gourd,Matara,2024-10-15,308.75,294.0,290.0,362.0,315.3333333333333,10
Snake gourd,Matara,2024-11-15,326.25,308.75,294.0,290.0,297.5833333333333,11
Snake gourd,Matara,2024-12-15,446.0,326.25,308.75,294.0,309.6666666666667,12
Snake gourd,Matara,2025-01-15,325.0,446.0,326.25,308.75,360.3333333333333,1
Snake gourd,Matara,2025-02-15,327.5,325.0,446.0,326.25,365.75,2
Snake gourd,Matara,2025-03-15,320.0,327.5,325.0,446.0,366.1666666666667,3
Snake gourd,Matara,2025-04-15,376.25,320.0,327.5,325.0,324.1666666666667,4
Snake gourd,Matara,2025-05-15,431.88,376.25,320.0,327.5,341.25,5
Snake gourd,Matara,2025-06-15,294.0,431.88,376.25,320.0,376.04333333333335,6
Snake gourd,Matara,2025-07-15,266.25,294.0,431.88,376.25,367.3766666666667,7
Snake gourd,Matara,2025-08-15,291.25,266.25,294.0,431.88,330.71,8
Snake gourd,Matara,2025-09-15,329.0,291.25,266.25,294.0,283.8333333333333,9
Snake gourd,Meegoda(DEC),2023-09-15,307.75,227.0,308.0,370.0,301.6666666666667,9
Snake gourd,Meegoda(DEC),2023-10-15,399.2,307.75,227.0,308.0,280.9166666666667,10
Snake gourd,Meegoda(DEC),2023-11-15,474.0,399.2,307.75,227.0,311.31666666666666,11
Snake gourd,Meegoda(DEC),2023-12-15,380.0,474.0,399.2,307.75,393.65000000000003,12
Snake gourd,Meegoda(DEC),2024-01-15,401.6,380.0,474.0,399.2,417.73333333333335,1
Snake gourd,Meegoda(DEC),2024-02-15,369.5,401.6,380.0,474.0,418.5333333333333,2
Snake gourd,Meegoda(DEC),2024-03-15,279.5,369.5,401.6,380.0,383.7,3
Snake gourd,Meegoda(DEC),2024-04-15,235.6,279.5,369.5,401.6,350.2,4
Snake gourd,Meegoda(DEC),2024-05-15,345.5,235.6,279.5,369.5,294.8666666666667,5
Snake gourd,Meegoda(DEC),2024-06-15,465.0,345.5,235.6,279.5,286.8666666666666,6
Snake gourd,Meegoda(DEC),2024-07-15,396.0,465.0,345.5,235.6,348.7,7
Snake gourd,Meegoda(DEC),2024-08-15,312.0,396.0,465.0,345.5,402.1666666666667,8
Snake gourd,Meegoda(DEC),2024-09-15,324.0,312.0,396.0,465.0,391.0,9
Snake gourd,Meegoda(DEC),2024-10-15,359.5,324.0,312.0,396.0,344.0,10
Snake gourd,Meegoda(DEC),2024-11-15,415.0,359.5,324.0,312.0,331.8333333333333,11
Snake gourd,Meegoda(DEC),2024-12-15,442.0,415.0,359.5,324.0,366.1666666666667,12
Snake gourd,Meegoda(DEC),2025-01-15,346.0,442.0,415.0,359.5,405.5,1
Snake gourd,Meegoda(DEC),2025-02-15,380.0,346.0,442.0,415.0,401.0,2
Snake gourd,Meegoda(DEC),2025-03-15,385.6,380.0,346.0,442.0,389.3333333333333,3
Snake gourd,Meegoda(DEC),2025-04-15,440.0,385.6,380.0,346.0,370.5333333333333,4
Snake gourd,Meegoda(DEC),2025-05-15,431.0,440.0,385.6,380.0,401.8666666666666,5
Snake gourd,Meegoda(DEC),2025-06-15,339.2,431.0,440.0,385.6,418.8666666666666,6
Snake gourd,Meegoda(DEC),2025-07-15,315.0,339.2,431.0,440.0,403.40000000000003,7
Snake gourd,Meegoda(DEC),2025-08-15,331.0,315.0,339.2,431.0,361.73333333333335,8
Snake gourd,Meegoda(DEC),2025-09-15,286.4,331.0,315.0,339.2,328.40000000000003,9
Snake gourd,Monaragala,2023-09-15,260.0,224.0,314.8,376.0,304.93333333333334,9
Snake gourd,Monaragala,2023-10-15,293.6,260.0,224.0,314.8,266.26666666666665,10
Snake gourd,Monaragala,2023-11-15,392.0,293.6,260.0,224.0,259.2,11
Snake gourd,Monaragala,2023-12-15,412.0,392.0,293.6,260.0,315.2,12
Snake gourd,Monaragala,2024-01-15,414.4,412.0,392.0,293.6,365.8666666666666,1
Snake gourd,Monaragala,2024-02-15,381.0,414.4,412.0,392.0,406.1333333333334,2
Snake gourd,Monaragala,2024-03-15,317.0,381.0,414.4,412.0,402.4666666666667,3
Snake gourd,Monaragala,2024-04-15,235.2,317.0,381.0,414.4,370.8,4
Snake gourd,Monaragala,2024-05-15,274.0,235.2,317.0,381.0,311.06666666666666,5
Snake gourd,Monaragala,2024-06-15,393.0,274.0,235.2,317.0,275.40000000000003,6
Snake gourd,Monaragala,2024-07-15,368.0,393.0,274.0,235.2,300.73333333333335,7
Snake gourd,Monaragala,2024-08-15,325.0,368.0,393.0,274.0,345.0,8
Snake gourd,Monaragala,2024-09-15,312.0,325.0,368.0,393.0,362.0,9
Snake gourd,Monaragala,2024-10-15,310.0,312.0,325.0,368.0,335.0,10
Snake gourd,Monaragala,2024-11-15,318.0,310.0,312.0,325.0,315.6666666666667,11
Snake gourd,Monaragala,2024-12-15,425.6,318.0,310.0,312.0,313.3333333333333,12
Snake gourd,Monaragala,2025-01-15,357.0,425.6,318.0,310.0,351.2,1
Snake gourd,Monaragala,2025-02-15,360.0,357.0,425.6,318.0,366.8666666666666,2
Snake gourd,Monaragala,2025-03-15,332.0,360.0,357.0,425.6,380.8666666666666,3
Snake gourd,Monaragala,2025-04-15,420.0,332.0,360.0,357.0,349.6666666666667,4
Snake gourd,Monaragala,2025-05-15,430.0,420.0,332.0,360.0,370.6666666666667,5
Snake gourd,Monaragala,2025-06-15,317.6,430.0,420.0,332.0,394.0,6
Snake gourd,Monaragala,2025-07-15,226.0,317.6,430.0,420.0,389.20000000000005,7
Snake gourd,Monaragala,2025-08-15,304.0,226.0,317.6,430.0,324.53333333333336,8
Snake gourd,Monaragala,2025-09-15,332.8,304.0,226.0,317.6,282.53333333333336,9
Snake gourd,Mullativu,2023-09-15,238.0,251.0,310.0,347.0,302.6666666666667,9
Snake gourd,Mullativu,2024-05-15,246.67,238.0,251.0,310.0,266.3333333333333,5
Snake gourd,Mullativu,2024-06-15,416.25,246.67,238.0,251.0,245.22333333333333,6
Snake gourd,Mullativu,2024-07-15,259.73,416.25,246.67,238.0,300.3066666666667,7
Snake gourd,Mullativu,2024-08-15,281.25,259.73,416.25,246.67,307.55,8
Snake gourd,Mullativu,2024-09-15,296.0,281.25,259.73,416.25,319.07666666666665,9
Snake gourd,Mullativu,2024-10-15,361.5,296.0,281.25,259.73,278.99333333333334,10
Snake gourd,Mullativu,2024-11-15,306.0,361.5,296.0,281.25,312.9166666666667,11
Snake gourd,Mullativu,2024-12-15,344.5,306.0,361.5,296.0,321.1666666666667,12
Snake gourd,Mullativu,2025-01-15,326.0,344.5,306.0,361.5,337.3333333333333,1
Snake gourd,Mullativu,2025-02-15,336.0,326.0,344.5,306.0,325.5,2
Snake gourd,Mullativu,2025-03-15,302.4,336.0,326.0,344.5,335.5,3
Snake gourd,Mullativu,2025-04-15,370.0,302.4,336.0,326.0,321.46666666666664,4
Snake gourd,Mullativu,2025-05-15,402.5,370.0,302.4,336.0,336.1333333333333,5
Snake gourd,Mullativu,2025-06-15,316.4,402.5,370.0,302.4,358.3,6
Snake gourd,Mullativu,2025-07-15,254.0,316.4,402.5,370.0,362.9666666666667,7
Snake gourd,Mullativu,2025-08-15,239.5,254.0,316.4,402.5,324.3,8
Snake gourd,Mullativu,2025-09-15,239.6,239.5,254.0,316.4,269.96666666666664,9
Snake gourd,Nikaweratiya,2023-09-15,217.5,257.5,294.0,335.0,295.5,9
Snake gourd,Nikaweratiya,2023-10-15,262.0,217.5,257.5,294.0,256.3333333333333,10
Snake gourd,Nikaweratiya,2023-11-15,381.67,262.0,217.5,257.5,245.66666666666666,11
Snake gourd,Nikaweratiya,2023-12-15,417.5,381.67,262.0,217.5,287.0566666666667,12
Snake gourd,Nikaweratiya,2024-01-15,387.33,417.5,381.67,262.0,353.72333333333336,1
Snake gourd,Nikaweratiya,2024-02-15,389.17,387.33,417.5,381.67,395.5,2
Snake gourd,Nikaweratiya,2024-03-15,238.75,389.17,387.33,417.5,398.0,3
Snake gourd,Nikaweratiya,2024-04-15,249.33,238.75,389.17,387.33,338.4166666666667,4
Snake gourd,Nikaweratiya,2024-05-15,244.17,249.33,238.75,389.17,292.4166666666667,5
Snake gourd,Nikaweratiya,2024-07-15,300.13,244.17,249.33,238.75,244.08333333333334,7
Snake gourd,Nikaweratiya,2024-08-15,216.0,300.13,244.17,249.33,264.54333333333335,8
Snake gourd,Nikaweratiya,2024-09-15,212.33,216.0,300.13,244.17,253.4333333333333,9
Snake gourd,Nikaweratiya,2024-10-15,282.0,212.33,216.0,300.13,242.82000000000002,10
Snake gourd,Nikaweratiya,2024-11-15,310.83,282.0,212.33,216.0,236.77666666666667,11
Snake gourd,Nikaweratiya,2024-12-15,377.42,310.83,282.0,212.33,268.3866666666667,12
Snake gourd,Nikaweratiya,2025-03-15,293.67,377.42,310.83,282.0,323.4166666666667,3
Snake gourd,Nikaweratiya,2025-04-15,316.0,293.67,377.42,310.83,327.3066666666667,4
Snake gourd,Nikaweratiya,2025-05-15,312.0,316.0,293.67,377.42,329.03000000000003,5
Snake gourd,Nikaweratiya,2025-06-15,287.6,312.0,316.0,293.67,307.22333333333336,6
Snake gourd,Nikaweratiya,2025-07-15,228.62,287.6,312.0,316.0,305.2,7
Snake gourd,Nikaweratiya,2025-08-15,209.0,228.62,287.6,312.0,276.0733333333333,8
Snake gourd,Nikaweratiya,2025-09-15,244.0,209.0,228.62,287.6,241.74,9
Snake gourd,Nuwara Eliya,2023-09-15,233.5,204.0,240.0,337.33,260.4433333333333,9
Snake gourd,Nuwara Eliya,2023-10-15,280.4,233.5,204.0,240.0,225.83333333333334,10
Snake gourd,Nuwara Eliya,2023-11-15,389.5,280.4,233.5,204.0,239.29999999999998,11
Snake gourd,Nuwara Eliya,2023-12-15,296.0,389.5,280.4,233.5,301.1333333333333,12
Snake gourd,Nuwara Eliya,2024-01-15,350.4,296.0,389.5,280.4,321.96666666666664,1
Snake gourd,Nuwara Eliya,2024-02-15,370.83,350.4,296.0,389.5,345.3,2
Snake gourd,Nuwara Eliya,2024-03-15,240.5,370.83,350.4,296.0,339.07666666666665,3
Snake gourd,Nuwara Eliya,2024-04-15,194.67,240.5,370.83,350.4,320.57666666666665,4
Snake gourd,Nuwara Eliya,2024-05-15,304.88,194.67,240.5,370.83,268.6666666666667,5
Snake gourd,Nuwara Eliya,2024-06-15,388.33,304.88,194.67,240.5,246.6833333333333,6
Snake gourd,Nuwara Eliya,2024-07-15,290.0,388.33,304.88,194.67,295.96,7
Snake gourd,Nuwara Eliya,2024-08-15,259.0,290.0,388.33,304.88,327.7366666666667,8
Snake gourd,Nuwara Eliya,2024-09-15,270.62,259.0,290.0,388.33,312.4433333333333,9
Snake gourd,Nuwara Eliya,2024-10-15,300.0,270.62,259.0,290.0,273.20666666666665,10
Snake gourd,Nuwara Eliya,2024-11-15,299.17,300.0,270.62,259.0,276.54,11
Snake gourd,Nuwara Eliya,2024-12-15,373.33,299.17,300.0,270.62,289.93000000000006,12
Snake gourd,Nuwara Eliya,2025-01-15,258.33,373.33,299.17,300.0,324.1666666666667,1
Snake gourd,Nuwara Eliya,2025-02-15,328.75,258.33,373.33,299.17,310.27666666666664,2
Snake gourd,Nuwara Eliya,2025-03-15,340.0,328.75,258.33,373.33,320.1366666666667,3
Snake gourd,Nuwara Eliya,2025-04-15,390.0,340.0,328.75,258.33,309.0266666666667,4
Snake gourd,Nuwara Eliya,2025-05-15,390.0,390.0,340.0,328.75,352.9166666666667,5
Snake gourd,Nuwara Eliya,2025-06-15,261.5,390.0,390.0,340.0,373.3333333333333,6
Snake gourd,Nuwara Eliya,2025-07-15,215.0,261.5,390.0,390.0,347.1666666666667,7
Snake gourd,Nuwara Eliya,2025-08-15,244.17,215.0,261.5,390.0,288.8333333333333,8
Snake gourd,Nuwara Eliya,2025-09-15,286.0,244.17,215.0,261.5,240.22333333333336,9
Snake gourd,Polonnaruwa,2023-09-15,199.5,192.0,300.0,383.0,291.6666666666667,9
Snake gourd,Polonnaruwa,2023-10-15,247.2,199.5,192.0,300.0,230.5,10
Snake gourd,Polonnaruwa,2023-11-15,353.5,247.2,199.5,192.0,212.9,11
Snake gourd,Polonnaruwa,2023-12-15,458.44,353.5,247.2,199.5,266.73333333333335,12
Snake gourd,Polonnaruwa,2024-01-15,404.4,458.44,353.5,247.2,353.0466666666666,1
Snake gourd,Polonnaruwa,2024-02-15,317.0,404.4,458.44,353.5,405.44666666666666,2
Snake gourd,Polonnaruwa,2024-03-15,261.0,317.0,404.4,458.44,393.28,3
Snake gourd,Polonnaruwa,2024-04-15,191.0,261.0,317.0,404.4,327.46666666666664,4
Snake gourd,Polonnaruwa,2024-05-15,243.33,191.0,261.0,317.0,256.3333333333333,5
Snake gourd,Polonnaruwa,2024-08-15,241.62,243.33,191.0,261.0,231.77666666666667,8
Snake gourd,Polonnaruwa,2024-09-15,252.4,241.62,243.33,191.0,225.3166666666667,9
Snake gourd,Polonnaruwa,2024-10-15,274.5,252.4,241.62,243.33,245.78333333333333,10
Snake gourd,Polonnaruwa,2024-11-15,294.0,274.5,252.4,241.62,256.17333333333335,11
Snake gourd,Polonnaruwa,2024-12-15,378.0,294.0,274.5,252.4,273.6333333333333,12
Snake gourd,Polonnaruwa,2025-01-15,305.0,378.0,294.0,274.5,315.5,1
Snake gourd,Polonnaruwa,2025-02-15,343.5,305.0,378.0,294.0,325.6666666666667,2
Snake gourd,Polonnaruwa,2025-03-15,304.4,343.5,305.0,378.0,342.1666666666667,3
Snake gourd,Polonnaruwa,2025-04-15,317.5,304.4,343.5,305.0,317.6333333333333,4
Snake gourd,Polonnaruwa,2025-05-15,348.0,317.5,304.4,343.5,321.8,5
Snake gourd,Polonnaruwa,2025-06-15,295.2,348.0,317.5,304.4,323.3,6
Snake gourd,Polonnaruwa,2025-07-15,280.0,295.2,348.0,317.5,320.23333333333335,7
Snake gourd,Polonnaruwa,2025-08-15,318.0,280.0,295.2,348.0,307.73333333333335,8
Snake gourd,Polonnaruwa,2025-09-15,300.0,318.0,280.0,295.2,297.73333333333335,9
Snake gourd,Puttalam,2023-09-15,231.0,222.5,298.4,341.0,287.3,9
Snake gourd,Puttalam,2023-10-15,281.6,231.0,222.5,298.4,250.63333333333333,10
Snake gourd,Puttalam,2023-11-15,428.0,281.6,231.0,222.5,245.03333333333333,11
Snake gourd,Puttalam,2023-12-15,484.83,428.0,281.6,231.0,313.53333333333336,12
Snake gourd,Puttalam,2024-01-15,414.4,484.83,428.0,281.6,398.1433333333334,1
Snake gourd,Puttalam,2024-02-15,398.0,414.4,484.83,428.0,442.41,2
Snake gourd,Puttalam,2024-03-15,294.0,398.0,414.4,484.83,432.41,3
Snake gourd,Puttalam,2024-04-15,227.2,294.0,398.0,414.4,368.8,4
Snake gourd,Puttalam,2024-05-15,286.5,227.2,294.0,398.0,306.4,5
Snake gourd,Puttalam,2024-06-15,286.5,286.5,227.2,294.0,269.23333333333335,6
Snake gourd,Puttalam,2024-07-15,258.62,286.5,286.5,227.2,266.73333333333335,7
Snake gourd,Puttalam,2024-08-15,270.83,258.62,286.5,286.5,277.20666666666665,8
Snake gourd,Puttalam,2024-09-15,266.25,270.83,258.62,286.5,271.98333333333335,9
Snake gourd,Puttalam,2024-10-15,285.0,266.25,270.83,258.62,265.23333333333335,10
Snake gourd,Puttalam,2024-11-15,328.75,285.0,266.25,270.83,274.02666666666664,11
Snake gourd,Puttalam,2024-12-15,364.17,328.75,285.0,266.25,293.3333333333333,12
Snake gourd,Puttalam,2025-01-15,295.0,364.17,328.75,285.0,325.97333333333336,1
Snake gourd,Puttalam,2025-02-15,360.0,295.0,364.17,328.75,329.3066666666667,2
Snake gourd,Puttalam,2025-03-15,350.0,360.0,295.0,364.17,339.72333333333336,3
Snake gourd,Puttalam,2025-04-15,362.5,350.0,360.0,295.0,335.0,4
Snake gourd,Puttalam,2025-05-15,346.25,362.5,350.0,360.0,357.5,5
Snake gourd,Puttalam,2025-06-15,302.0,346.25,362.5,350.0,352.9166666666667,6
Snake gourd,Puttalam,2025-07-15,291.25,302.0,346.25,362.5,336.9166666666667,7
Snake gourd,Puttalam,2025-09-15,318.89,291.25,302.0,346.25,313.1666666666667,9
Snake gourd,Rathnapura,2023-09-15,246.0,283.5,324.2,395.5,334.40000000000003,9
Snake gourd,Rathnapura,2023-10-15,230.0,246.0,283.5,324.2,284.56666666666666,10
Snake gourd,Rathnapura,2024-01-15,428.0,230.0,246.0,283.5,253.16666666666666,1
Snake gourd,Rathnapura,2024-02-15,343.75,428.0,230.0,246.0,301.3333333333333,2
Snake gourd,Rathnapura,2024-03-15,280.0,343.75,428.0,230.0,333.9166666666667,3
Snake gourd,Rathnapura,2024-04-15,192.0,280.0,343.75,428.0,350.5833333333333,4
Snake gourd,Rathnapura,2024-05-15,247.0,192.0,280.0,343.75,271.9166666666667,5
Snake gourd,Rathnapura,2024-06-15,314.0,247.0,192.0,280.0,239.66666666666666,6
Snake gourd,Rathnapura,2024-07-15,302.0,314.0,247.0,192.0,251.0,7
Snake gourd,Rathnapura,2024-08-15,270.75,302.0,314.0,247.0,287.6666666666667,8
Snake gourd,Rathnapura,2024-09-15,249.8,270.75,302.0,314.0,295.5833333333333,9
Snake gourd,Rathnapura,2024-10-15,320.25,249.8,270.75,302.0,274.18333333333334,10
Snake gourd,Rathnapura,2024-11-15,294.0,320.25,249.8,270.75,280.26666666666665,11
Snake gourd,Rathnapura,2024-12-15,287.73,294.0,320.25,249.8,288.01666666666665,12
Snake gourd,Rathnapura,2025-01-15,272.5,287.73,294.0,320.25,300.66,1
Snake gourd,Rathnapura,2025-02-15,279.5,272.5,287.73,294.0,284.74333333333334,2
Snake gourd,Rathnapura,2025-03-15,271.6,279.5,272.5,287.73,279.91,3
Snake gourd,Rathnapura,2025-04-15,366.25,271.6,279.5,272.5,274.53333333333336,4
Snake gourd,Rathnapura,2025-05-15,358.0,366.25,271.6,279.5,305.78333333333336,5
Snake gourd,Rathnapura,2025-06-15,276.8,358.0,366.25,271.6,331.95000000000005,6
Snake gourd,Rathnapura,2025-07-15,216.0,276.8,358.0,366.25,333.68333333333334,7
Snake gourd,Rathnapura,2025-08-15,274.5,216.0,276.8,358.0,283.59999999999997,8
Snake gourd,Rathnapura,2025-09-15,266.4,274.5,216.0,276.8,255.76666666666665,9
Snake gourd,Thambuttegama,2023-09-15,212.0,181.0,202.6,270.83,218.14333333333332,9
Snake gourd,Thambuttegama,2023-10-15,233.6,212.0,181.0,202.6,198.53333333333333,10
Snake gourd,Thambuttegama,2023-11-15,330.0,233.6,212.0,181.0,208.86666666666665,11
Snake gourd,Thambuttegama,2023-12-15,317.5,330.0,233.6,212.0,258.5333333333333,12
Snake gourd,Thambuttegama,2024-01-15,292.2,317.5,330.0,233.6,293.7,1
Snake gourd,Thambuttegama,2024-02-15,260.08,292.2,317.5,330.0,313.23333333333335,2
Snake gourd,Thambuttegama,2024-03-15,209.17,260.08,292.2,317.5,289.9266666666667,3
Snake gourd,Thambuttegama,2024-04-15,162.4,209.17,260.08,292.2,253.8166666666667,4
Snake gourd,Thambuttegama,2024-05-15,180.0,162.4,209.17,260.08,210.54999999999998,5
Snake gourd,Thambuttegama,2024-07-15,148.0,180.0,162.4,209.17,183.85666666666665,7
Snake gourd,Thambuttegama,2024-08-15,182.92,148.0,180.0,162.4,163.46666666666667,8
Snake gourd,Thambuttegama,2024-09-15,220.4,182.92,148.0,180.0,170.30666666666664,9
Snake gourd,Thambuttegama,2024-10-15,255.5,220.4,182.92,148.0,183.7733333333333,10
Snake gourd,Thambuttegama,2024-11-15,277.0,255.5,220.4,182.92,219.60666666666665,11
Snake gourd,Thambuttegama,2024-12-15,347.6,277.0,255.5,220.4,250.9666666666667,12
Snake gourd,Thambuttegama,2025-01-15,240.25,347.6,277.0,255.5,293.3666666666666,1
Snake gourd,Thambuttegama,2025-02-15,331.0,240.25,347.6,277.0,288.2833333333333,2
Snake gourd,Thambuttegama,2025-03-15,251.6,331.0,240.25,347.6,306.2833333333333,3
Snake gourd,Thambuttegama,2025-04-15,342.0,251.6,331.0,240.25,274.28333333333336,4
Snake gourd,Thambuttegama,2025-05-15,361.0,342.0,251.6,331.0,308.2,5
Snake gourd,Thambuttegama,2025-06-15,289.2,361.0,342.0,251.6,318.2,6
Snake gourd,Thambuttegama,2025-07-15,215.5,289.2,361.0,342.0,330.73333333333335,7
Snake gourd,Thambuttegama,2025-08-15,235.38,215.5,289.2,361.0,288.56666666666666,8
Snake gourd,Thambuttegama,2025-09-15,272.5,235.38,215.5,289.2,246.6933333333333,9
Snake gourd,Tissamaharama,2023-09-15,215.0,214.38,243.5,347.5,268.46,9
Snake gourd,Tissamaharama,2023-10-15,320.0,215.0,214.38,243.5,224.29333333333332,10
Snake gourd,Tissamaharama,2023-11-15,379.5,320.0,215.0,214.38,249.79333333333332,11
Snake gourd,Tissamaharama,2023-12-15,323.0,379.5,320.0,215.0,304.8333333333333,12
Snake gourd,Tissamaharama,2024-01-15,383.2,323.0,379.5,320.0,340.8333333333333,1
Snake gourd,Tissamaharama,2024-02-15,378.0,383.2,323.0,379.5,361.90000000000003,2
Snake gourd,Tissamaharama,2024-03-15,256.0,378.0,383.2,323.0,361.40000000000003,3
Snake gourd,Tissamaharama,2024-04-15,224.0,256.0,378.0,383.2,339.06666666666666,4
Snake gourd,Tissamaharama,2024-05-15,262.5,224.0,256.0,378.0,286.0,5
Snake gourd,Tissamaharama,2024-09-15,257.17,262.5,224.0,256.0,247.5,9
Snake gourd,Tissamaharama,2024-10-15,260.0,257.17,262.5,224.0,247.89000000000001,10
Snake gourd,Tissamaharama,2024-11-15,303.75,260.0,257.17,262.5,259.89000000000004,11
Snake gourd,Tissamaharama,2024-12-15,350.2,303.75,260.0,257.17,273.64000000000004,12
Snake gourd,Tissamaharama,2025-01-15,318.75,350.2,303.75,260.0,304.65,1
Snake gourd,Tissamaharama,2025-02-15,311.25,318.75,350.2,303.75,324.23333333333335,2
Snake gourd,Tissamaharama,2025-03-15,316.6,311.25,318.75,350.2,326.73333333333335,3
Snake gourd,Tissamaharama,2025-04-15,375.0,316.6,311.25,318.75,315.53333333333336,4
Snake gourd,Tissamaharama,2025-06-15,256.88,375.0,316.6,311.25,334.28333333333336,6
Snake gourd,Tissamaharama,2025-07-15,217.5,256.88,375.0,316.6,316.16,7
Snake gourd,Tissamaharama,2025-08-15,262.5,217.5,256.88,375.0,283.12666666666667,8
Snake gourd,Tissamaharama,2025-09-15,270.0,262.5,217.5,256.88,245.62666666666667,9
Snake gourd,Trincomalee,2023-09-15,261.5,245.0,336.8,392.15,324.65000000000003,9
Snake gourd,Trincomalee,2023-10-15,271.6,261.5,245.0,336.8,281.09999999999997,10
Snake gourd,Trincomalee,2023-11-15,303.5,271.6,261.5,245.0,259.3666666666667,11
Snake gourd,Trincomalee,2023-12-15,305.5,303.5,271.6,261.5,278.8666666666667,12
Snake gourd,Trincomalee,2024-01-15,409.6,305.5,303.5,271.6,293.53333333333336,1
Snake gourd,Trincomalee,2024-02-15,441.0,409.6,305.5,303.5,339.53333333333336,2
Snake gourd,Trincomalee,2024-03-15,340.67,441.0,409.6,305.5,385.3666666666666,3
Snake gourd,Trincomalee,2024-04-15,238.0,340.67,441.0,409.6,397.09,4
Snake gourd,Trincomalee,2024-05-15,230.0,238.0,340.67,441.0,339.89000000000004,5
Snake gourd,Trincomalee,2024-06-15,230.0,230.0,238.0,340.67,269.5566666666667,6
Snake gourd,Trincomalee,2024-07-15,295.2,230.0,230.0,238.0,232.66666666666666,7
Snake gourd,Trincomalee,2024-08-15,233.0,295.2,230.0,230.0,251.73333333333335,8
Snake gourd,Trincomalee,2024-09-15,306.8,233.0,295.2,230.0,252.73333333333335,9
Snake gourd,Trincomalee,2024-10-15,257.5,306.8,233.0,295.2,278.3333333333333,10
Snake gourd,Trincomalee,2024-11-15,261.25,257.5,306.8,233.0,265.76666666666665,11
Snake gourd,Trincomalee,2024-12-15,331.2,261.25,257.5,306.8,275.18333333333334,12
Snake gourd,Trincomalee,2025-01-15,331.75,331.2,261.25,257.5,283.31666666666666,1
Snake gourd,Trincomalee,2025-02-15,337.25,331.75,331.2,261.25,308.06666666666666,2
Snake gourd,Trincomalee,2025-03-15,276.75,337.25,331.75,331.2,333.40000000000003,3
Snake gourd,Trincomalee,2025-04-15,366.5,276.75,337.25,331.75,315.25,4
Snake gourd,Trincomalee,2025-05-15,365.33,366.5,276.75,337.25,326.8333333333333,5
Snake gourd,Trincomalee,2025-06-15,352.4,365.33,366.5,276.75,336.1933333333333,6
Snake gourd,Trincomalee,2025-07-15,293.5,352.4,365.33,366.5,361.41,7
Snake gourd,Trincomalee,2025-08-15,244.0,293.5,352.4,365.33,337.07666666666665,8
Snake gourd,Trincomalee,2025-09-15,242.5,244.0,293.5,352.4,296.6333333333333,9
Snake gourd,Vavuniya,2023-09-15,226.5,243.5,332.0,395.5,323.6666666666667,9
Snake gourd,Vavuniya,2023-10-15,257.6,226.5,243.5,332.0,267.3333333333333,10
Snake gourd,Vavuniya,2023-11-15,291.33,257.6,226.5,243.5,242.53333333333333,11
Snake gourd,Vavuniya,2023-12-15,426.0,291.33,257.6,226.5,258.4766666666667,12
Snake gourd,Vavuniya,2024-01-15,428.8,426.0,291.33,257.6,324.9766666666667,1
Snake gourd,Vavuniya,2024-02-15,417.5,428.8,426.0,291.33,382.04333333333335,2
Snake gourd,Vavuniya,2024-03-15,306.0,417.5,428.8,426.0,424.1000000000001,3
Snake gourd,Vavuniya,2024-04-15,206.2,306.0,417.5,428.8,384.1000000000001,4
Snake gourd,Vavuniya,2024-05-15,253.5,206.2,306.0,417.5,309.90000000000003,5
Snake gourd,Vavuniya,2024-06-15,408.5,253.5,206.2,306.0,255.23333333333335,6
Snake gourd,Vavuniya,2024-07-15,302.4,408.5,253.5,206.2,289.40000000000003,7
Snake gourd,Vavuniya,2024-08-15,225.5,302.4,408.5,253.5,321.46666666666664,8
Snake gourd,Vavuniya,2024-09-15,281.6,225.5,302.4,408.5,312.13333333333327,9
Snake gourd,Vavuniya,2024-10-15,311.5,281.6,225.5,302.4,269.8333333333333,10
Snake gourd,Vavuniya,2024-11-15,290.0,311.5,281.6,225.5,272.8666666666667,11
Snake gourd,Vavuniya,2024-12-15,372.5,290.0,311.5,281.6,294.3666666666667,12
Snake gourd,Vavuniya,2025-01-15,310.5,372.5,290.0,311.5,324.6666666666667,1
Snake gourd,Vavuniya,2025-02-15,388.0,310.5,372.5,290.0,324.3333333333333,2
Snake gourd,Vavuniya,2025-03-15,356.4,388.0,310.5,372.5,357.0,3
Snake gourd,Vavuniya,2025-04-15,383.5,356.4,388.0,310.5,351.6333333333334,4
Snake gourd,Vavuniya,2025-05-15,412.5,383.5,356.4,388.0,375.9666666666667,5
Snake gourd,Vavuniya,2025-06-15,290.5,412.5,383.5,356.4,384.1333333333334,6
Snake gourd,Vavuniya,2025-07-15,285.5,290.5,412.5,383.5,362.1666666666667,7
Snake gourd,Vavuniya,2025-08-15,222.0,285.5,290.5,412.5,329.5,8
Snake gourd,Vavuniya,2025-09-15,239.6,222.0,285.5,290.5,266.0,9
Tomatoes,Ampara,2023-09-15,216.67,280.0,442.0,314.17,345.39000000000004,9
Tomatoes,Ampara,2023-10-15,256.0,216.67,280.0,442.0,312.89,10
Tomatoes,Ampara,2023-11-15,310.0,256.0,216.67,280.0,250.89,11
Tomatoes,Ampara,2023-12-15,703.33,310.0,256.0,216.67,260.89,12
Tomatoes,Ampara,2024-01-15,752.67,703.33,310.0,256.0,423.10999999999996,1
Tomatoes,Ampara,2024-02-15,921.67,752.67,703.33,310.0,588.6666666666666,2
Tomatoes,Ampara,2024-03-15,408.33,921.67,752.67,703.33,792.5566666666667,3
Tomatoes,Ampara,2024-04-15,198.67,408.33,921.67,752.67,694.2233333333334,4
Tomatoes,Ampara,2024-05-15,183.33,198.67,408.33,921.67,509.5566666666666,5
Tomatoes,Ampara,2024-06-15,183.33,183.33,198.67,408.33,263.4433333333333,6
Tomatoes,Ampara,2024-07-15,401.67,183.33,183.33,198.67,188.44333333333336,7
Tomatoes,Ampara,2024-08-15,293.75,401.67,183.33,183.33,256.11,8
Tomatoes,Ampara,2024-09-15,256.33,293.75,401.67,183.33,292.9166666666667,9
Tomatoes,Ampara,2024-10-15,341.67,256.33,293.75,401.67,317.25,10
Tomatoes,Ampara,2024-11-15,321.67,341.67,256.33,293.75,297.25,11
Tomatoes,Ampara,2024-12-15,446.0,321.67,341.67,256.33,306.5566666666667,12
Tomatoes,Ampara,2025-01-15,410.83,446.0,321.67,341.67,369.78000000000003,1
Tomatoes,Ampara,2025-02-15,292.5,410.83,446.0,321.67,392.8333333333333,2
Tomatoes,Ampara,2025-03-15,316.0,292.5,410.83,446.0,383.10999999999996,3
Tomatoes,Ampara,2025-04-15,536.67,316.0,292.5,410.83,339.77666666666664,4
Tomatoes,Ampara,2025-05-15,873.33,536.67,316.0,292.5,381.72333333333336,5
Tomatoes,Ampara,2025-06-15,500.67,873.33,536.67,316.0,575.3333333333334,6
Tomatoes,Ampara,2025-07-15,190.0,500.67,873.33,536.67,636.89,7
Tomatoes,Ampara,2025-08-15,223.33,190.0,500.67,873.33,521.3333333333334,8
Tomatoes,Ampara,2025-09-15,242.67,223.33,190.0,500.67,304.6666666666667,9
Tomatoes,Anuradhapura,2023-09-15,201.0,243.0,449.6,331.0,341.2,9
Tomatoes,Anuradhapura,2023-10-15,224.8,201.0,243.0,449.6,297.8666666666667,10
Tomatoes,Anuradhapura,2023-11-15,302.0,224.8,201.0,243.0,222.9333333333333,11
Tomatoes,Anuradhapura,2023-12-15,662.0,302.0,224.8,201.0,242.6,12
Tomatoes,Anuradhapura,2024-01-15,675.2,662.0,302.0,224.8,396.26666666666665,1
Tomatoes,Anuradhapura,2024-02-15,845.0,675.2,662.0,302.0,546.4,2
Tomatoes,Anuradhapura,2024-03-15,392.0,845.0,675.2,662.0,727.4,3
Tomatoes,Anuradhapura,2024-04-15,193.6,392.0,845.0,675.2,637.4,4
Tomatoes,Anuradhapura,2024-05-15,207.0,193.6,392.0,845.0,476.8666666666666,5
Tomatoes,Anuradhapura,2024-06-15,543.0,207.0,193.6,392.0,264.2,6
Tomatoes,Anuradhapura,2024-07-15,460.0,543.0,207.0,193.6,314.53333333333336,7
Tomatoes,Anuradhapura,2024-08-15,305.0,460.0,543.0,207.0,403.3333333333333,8
Tomatoes,Anuradhapura,2024-09-15,268.8,305.0,460.0,543.0,436.0,9
Tomatoes,Anuradhapura,2024-10-15,354.0,268.8,305.0,460.0,344.59999999999997,10
Tomatoes,Anuradhapura,2024-11-15,337.0,354.0,268.8,305.0,309.26666666666665,11
Tomatoes,Anuradhapura,2024-12-15,486.4,337.0,354.0,268.8,319.93333333333334,12
Tomatoes,Anuradhapura,2025-01-15,414.0,486.4,337.0,354.0,392.4666666666667,1
Tomatoes,Anuradhapura,2025-02-15,266.0,414.0,486.4,337.0,412.4666666666667,2
Tomatoes,Anuradhapura,2025-03-15,321.6,266.0,414.0,486.4,388.8,3
Tomatoes,Anuradhapura,2025-04-15,536.0,321.6,266.0,414.0,333.8666666666666,4
Tomatoes,Anuradhapura,2025-05-15,881.0,536.0,321.6,266.0,374.5333333333333,5
Tomatoes,Anuradhapura,2025-06-15,513.6,881.0,536.0,321.6,579.5333333333333,6
Tomatoes,Anuradhapura,2025-07-15,199.0,513.6,881.0,536.0,643.5333333333333,7
Tomatoes,Anuradhapura,2025-08-15,222.0,199.0,513.6,881.0,531.1999999999999,8
Tomatoes,Anuradhapura,2025-09-15,246.4,222.0,199.0,513.6,311.53333333333336,9
Tomatoes,Badulla,2023-09-15,202.0,210.0,397.6,263.0,290.2,9
Tomatoes,Badulla,2023-10-15,196.0,202.0,210.0,397.6,269.8666666666667,10
Tomatoes,Badulla,2023-11-15,280.0,196.0,202.0,210.0,202.66666666666666,11
Tomatoes,Badulla,2023-12-15,580.0,280.0,196.0,202.0,226.0,12
Tomatoes,Badulla,2024-01-15,685.0,580.0,280.0,196.0,352.0,1
Tomatoes,Badulla,2024-02-15,890.0,685.0,580.0,280.0,515.0,2
Tomatoes,Badulla,2024-03-15,379.0,890.0,685.0,580.0,718.3333333333334,3
Tomatoes,Badulla,2024-04-15,140.8,379.0,890.0,685.0,651.3333333333334,4
Tomatoes,Badulla,2024-05-15,129.25,140.8,379.0,890.0,469.93333333333334,5
Tomatoes,Badulla,2024-06-15,443.12,129.25,140.8,379.0,216.35,6
Tomatoes,Badulla,2024-07-15,416.5,443.12,129.25,140.8,237.72333333333336,7
Tomatoes,Badulla,2024-08-15,270.0,416.5,443.12,129.25,329.6233333333334,8
Tomatoes,Badulla,2024-09-15,273.75,270.0,416.5,443.12,376.54,9
Tomatoes,Badulla,2024-10-15,283.0,273.75,270.0,416.5,320.0833333333333,10
Tomatoes,Badulla,2024-11-15,257.0,283.0,273.75,270.0,275.5833333333333,11
Tomatoes,Badulla,2024-12-15,363.0,257.0,283.0,273.75,271.25,12
Tomatoes,Badulla,2025-01-15,380.0,363.0,257.0,283.0,301.0,1
Tomatoes,Badulla,2025-02-15,320.0,380.0,363.0,257.0,333.3333333333333,2
Tomatoes,Badulla,2025-03-15,330.62,320.0,380.0,363.0,354.3333333333333,3
Tomatoes,Badulla,2025-04-15,478.75,330.62,320.0,380.0,343.53999999999996,4
Tomatoes,Badulla,2025-05-15,682.08,478.75,330.62,320.0,376.45666666666665,5
Tomatoes,Badulla,2025-06-15,363.67,682.08,478.75,330.62,497.15000000000003,6
Tomatoes,Badulla,2025-07-15,135.0,363.67,682.08,478.75,508.16666666666674,7
Tomatoes,Badulla,2025-08-15,198.75,135.0,363.67,682.08,393.5833333333334,8
Tomatoes,Badulla,2025-09-15,182.0,198.75,135.0,363.67,232.47333333333336,9
Tomatoes,Bandarawela,2023-09-15,183.0,193.0,308.0,253.0,251.33333333333334,9
Tomatoes,Bandarawela,2023-10-15,188.0,183.0,193.0,308.0,228.0,10
Tomatoes,Bandarawela,2023-11-15,253.0,188.0,183.0,193.0,188.0,11
Tomatoes,Bandarawela,2023-12-15,533.0,253.0,188.0,183.0,208.0,12
Tomatoes,Bandarawela,2024-01-15,572.8,533.0,253.0,188.0,324.6666666666667,1
Tomatoes,Bandarawela,2024-02-15,740.0,572.8,533.0,253.0,452.93333333333334,2
Tomatoes,Bandarawela,2024-05-15,180.0,740.0,572.8,533.0,615.2666666666667,5
Tomatoes,Bandarawela,2024-06-15,398.5,180.0,740.0,572.8,497.59999999999997,6
Tomatoes,Bandarawela,2024-07-15,369.6,398.5,180.0,740.0,439.5,7
Tomatoes,Bandarawela,2024-08-15,293.0,369.6,398.5,180.0,316.03333333333336,8
Tomatoes,Bandarawela,2024-09-15,236.0,293.0,369.6,398.5,353.7,9
Tomatoes,Bandarawela,2024-10-15,276.0,236.0,293.0,369.6,299.53333333333336,10
Tomatoes,Bandarawela,2024-11-15,283.0,276.0,236.0,293.0,268.3333333333333,11
Tomatoes,Bandarawela,2024-12-15,370.0,283.0,276.0,236.0,265.0,12
Tomatoes,Bandarawela,2025-01-15,343.0,370.0,283.0,276.0,309.6666666666667,1
Tomatoes,Bandarawela,2025-02-15,250.0,343.0,370.0,283.0,332.0,2
Tomatoes,Bandarawela,2025-03-15,313.6,250.0,343.0,370.0,321.0,3
Tomatoes,Bandarawela,2025-04-15,561.0,313.6,250.0,343.0,302.2,4
Tomatoes,Bandarawela,2025-05-15,721.5,561.0,313.6,250.0,374.8666666666666,5
Tomatoes,Bandarawela,2025-06-15,367.0,721.5,561.0,313.6,532.0333333333333,6
Tomatoes,Bandarawela,2025-07-15,117.5,367.0,721.5,561.0,549.8333333333334,7
Tomatoes,Bandarawela,2025-08-15,188.0,117.5,367.0,721.5,402.0,8
Tomatoes,Bandarawela,2025-09-15,203.2,188.0,117.5,367.0,224.16666666666666,9
Tomatoes,Batticaloa,2023-09-15,244.0,268.5,476.8,376.5,373.93333333333334,9
Tomatoes,Batticaloa,2023-10-15,286.8,244.0,268.5,476.8,329.76666666666665,10
Tomatoes,Batticaloa,2023-11-15,360.0,286.8,244.0,268.5,266.43333333333334,11
Tomatoes,Batticaloa,2023-12-15,759.0,360.0,286.8,244.0,296.93333333333334,12
Tomatoes,Batticaloa,2024-01-15,776.0,759.0,360.0,286.8,468.59999999999997,1
Tomatoes,Batticaloa,2024-02-15,913.0,776.0,759.0,360.0,631.6666666666666,2
Tomatoes,Batticaloa,2024-03-15,459.0,913.0,776.0,759.0,816.0,3
Tomatoes,Batticaloa,2024-04-15,196.8,459.0,913.0,776.0,716.0,4
Tomatoes,Batticaloa,2024-05-15,264.5,196.8,459.0,913.0,522.9333333333333,5
Tomatoes,Batticaloa,2024-06-15,264.5,264.5,196.8,459.0,306.76666666666665,6
Tomatoes,Batticaloa,2024-07-15,494.4,264.5,264.5,196.8,241.9333333333333,7
Tomatoes,Batticaloa,2024-08-15,384.0,494.4,264.5,264.5,341.1333333333334,8
Tomatoes,Batticaloa,2024-12-15,479.33,384.0,494.4,264.5,380.9666666666667,12
Tomatoes,Batticaloa,2025-01-15,386.25,479.33,384.0,494.4,452.57666666666665,1
Tomatoes,Batticaloa,2025-02-15,255.0,386.25,479.33,384.0,416.52666666666664,2
Tomatoes,Batticaloa,2025-03-15,316.0,255.0,386.25,479.33,373.52666666666664,3
Tomatoes,Batticaloa,2025-04-15,417.5,316.0,255.0,386.25,319.0833333333333,4
Tomatoes,Batticaloa,2025-06-15,535.5,417.5,316.0,255.0,329.5,6
Tomatoes,Batticaloa,2025-07-15,176.88,535.5,417.5,316.0,423.0,7
Tomatoes,Batticaloa,2025-08-15,169.38,176.88,535.5,417.5,376.6266666666667,8
Tomatoes,Batticaloa,2025-09-15,275.0,169.38,176.88,535.5,293.92,9
Tomatoes,Colombo City,2023-09-15,233.15,271.22,494.96,360.2,375.46000000000004,9
Tomatoes,Colombo City,2023-10-15,264.34,233.15,271.22,494.96,333.10999999999996,10
Tomatoes,Colombo City,2023-11-15,346.77,264.34,233.15,271.22,256.2366666666667,11
Tomatoes,Colombo City,2023-12-15,672.02,346.77,264.34,233.15,281.42,12
Tomatoes,Colombo City,2024-01-15,711.34,672.02,346.77,264.34,427.71000000000004,1
Tomatoes,Colombo City,2024-02-15,940.62,711.34,672.02,346.77,576.71,2
Tomatoes,Colombo City,2024-03-15,432.46,940.62,711.34,672.02,774.66,3
Tomatoes,Colombo City,2024-04-15,206.97,432.46,940.62,711.34,694.8066666666667,4
Tomatoes,Colombo City,2024-05-15,214.35,206.97,432.46,940.62,526.6833333333333,5
Tomatoes,Colombo City,2024-06-15,544.8,214.35,206.97,432.46,284.5933333333333,6
Tomatoes,Colombo City,2024-07-15,486.44,544.8,214.35,206.97,322.03999999999996,7
Tomatoes,Colombo City,2024-08-15,315.76,486.44,544.8,214.35,415.19666666666666,8
Tomatoes,Colombo City,2024-09-15,287.46,315.76,486.44,544.8,449.0,9
Tomatoes,Colombo City,2024-10-15,364.93,287.46,315.76,486.44,363.21999999999997,10
Tomatoes,Colombo City,2024-11-15,336.38,364.93,287.46,315.76,322.71666666666664,11
Tomatoes,Colombo City,2024-12-15,454.12,336.38,364.93,287.46,329.59,12
Tomatoes,Colombo City,2025-01-15,420.47,454.12,336.38,364.93,385.1433333333334,1
Tomatoes,Colombo City,2025-02-15,296.84,420.47,454.12,336.38,403.6566666666667,2
Tomatoes,Colombo City,2025-03-15,347.75,296.84,420.47,454.12,390.4766666666667,3
Tomatoes,Colombo City,2025-04-15,688.23,347.75,296.84,420.47,355.02,4
Tomatoes,Colombo City,2025-05-15,882.98,688.23,347.75,296.84,444.2733333333333,5
Tomatoes,Colombo City,2025-06-15,541.56,882.98,688.23,347.75,639.6533333333333,6
Tomatoes,Colombo City,2025-07-15,213.29,541.56,882.98,688.23,704.2566666666667,7
Tomatoes,Colombo City,2025-08-15,235.79,213.29,541.56,882.98,545.9433333333333,8
Tomatoes,Colombo City,2025-09-15,243.66,235.79,213.29,541.56,330.2133333333333,9
Tomatoes,Dammbagalla,2023-09-15,186.0,219.0,448.0,321.5,329.5,9
Tomatoes,Dammbagalla,2023-10-15,229.6,186.0,219.0,448.0,284.3333333333333,10
Tomatoes,Dammbagalla,2023-11-15,316.0,229.6,186.0,219.0,211.53333333333333,11
Tomatoes,Dammbagalla,2023-12-15,659.5,316.0,229.6,186.0,243.86666666666667,12
Tomatoes,Dammbagalla,2024-01-15,652.4,659.5,316.0,229.6,401.7,1
Tomatoes,Dammbagalla,2024-02-15,789.0,652.4,659.5,316.0,542.6333333333333,2
Tomatoes,Dammbagalla,2024-03-15,396.0,789.0,652.4,659.5,700.3000000000001,3
Tomatoes,Dammbagalla,2024-04-15,168.4,396.0,789.0,652.4,612.4666666666667,4
Tomatoes,Dammbagalla,2024-05-15,197.0,168.4,396.0,789.0,451.13333333333327,5
Tomatoes,Dammbagalla,2024-06-15,197.0,197.0,168.4,396.0,253.79999999999998,6
Tomatoes,Dammbagalla,2024-07-15,449.6,197.0,197.0,168.4,187.46666666666667,7
Tomatoes,Dammbagalla,2024-08-15,280.0,449.6,197.0,197.0,281.2,8
Tomatoes,Dammbagalla,2024-09-15,240.8,280.0,449.6,197.0,308.8666666666667,9
Tomatoes,Dammbagalla,2024-10-15,304.0,240.8,280.0,449.6,323.4666666666667,10
Tomatoes,Dammbagalla,2024-11-15,331.5,304.0,240.8,280.0,274.93333333333334,11
Tomatoes,Dammbagalla,2024-12-15,454.4,331.5,304.0,240.8,292.09999999999997,12
Tomatoes,Dammbagalla,2025-01-15,411.0,454.4,331.5,304.0,363.3,1
Tomatoes,Dammbagalla,2025-02-15,254.67,411.0,454.4,331.5,398.9666666666667,2
Tomatoes,Dammbagalla,2025-03-15,324.0,254.67,411.0,454.4,373.3566666666666,3
Tomatoes,Dammbagalla,2025-04-15,645.33,324.0,254.67,411.0,329.89,4
Tomatoes,Dammbagalla,2025-05-15,824.0,645.33,324.0,254.67,408.0,5
Tomatoes,Dammbagalla,2025-06-15,463.0,824.0,645.33,324.0,597.7766666666666,6
Tomatoes,Dammbagalla,2025-07-15,162.0,463.0,824.0,645.33,644.11,7
Tomatoes,Dammbagalla,2025-08-15,192.0,162.0,463.0,824.0,483.0,8
Tomatoes,Dammbagalla,2025-09-15,195.2,192.0,162.0,463.0,272.3333333333333,9
Tomatoes,Dehiattakandiya,2023-09-15,166.67,204.17,498.67,318.33,340.39,9
Tomatoes,Dehiattakandiya,2023-10-15,192.67,166.67,204.17,498.67,289.83666666666664,10
Tomatoes,Dehiattakandiya,2023-11-15,340.0,192.67,166.67,204.17,187.83666666666667,11
Tomatoes,Dehiattakandiya,2023-12-15,723.33,340.0,192.67,166.67,233.11333333333334,12
Tomatoes,Dehiattakandiya,2024-01-15,686.67,723.33,340.0,192.67,418.6666666666667,1
Tomatoes,Dehiattakandiya,2024-02-15,769.58,686.67,723.33,340.0,583.3333333333334,2
Tomatoes,Dehiattakandiya,2024-03-15,380.0,769.58,686.67,723.33,726.5266666666666,3
Tomatoes,Dehiattakandiya,2024-04-15,172.67,380.0,769.58,686.67,612.0833333333334,4
Tomatoes,Dehiattakandiya,2024-05-15,176.67,172.67,380.0,769.58,440.75,5
Tomatoes,Dehiattakandiya,2024-06-15,573.33,176.67,172.67,380.0,243.11333333333332,6
Tomatoes,Dehiattakandiya,2024-07-15,404.0,573.33,176.67,172.67,307.5566666666667,7
Tomatoes,Dehiattakandiya,2024-08-15,257.5,404.0,573.33,176.67,384.6666666666667,8
Tomatoes,Dehiattakandiya,2024-09-15,240.0,257.5,404.0,573.33,411.60999999999996,9
Tomatoes,Dehiattakandiya,2024-10-15,291.67,240.0,257.5,404.0,300.50000000000006,10
Tomatoes,Dehiattakandiya,2024-11-15,335.0,291.67,240.0,257.5,263.0566666666667,11
Tomatoes,Dehiattakandiya,2024-12-15,422.67,335.0,291.67,240.0,288.89000000000004,12
Tomatoes,Dehiattakandiya,2025-01-15,478.33,422.67,335.0,291.67,349.78000000000003,1
Tomatoes,Dehiattakandiya,2025-02-15,298.33,478.33,422.67,335.0,412.0,2
Tomatoes,Dehiattakandiya,2025-03-15,309.33,298.33,478.33,422.67,399.77666666666664,3
Tomatoes,Dehiattakandiya,2025-04-15,693.33,309.33,298.33,478.33,361.99666666666667,4
Tomatoes,Dehiattakandiya,2025-05-15,908.33,693.33,309.33,298.33,433.6633333333334,5
Tomatoes,Dehiattakandiya,2025-06-15,432.0,908.33,693.33,309.33,636.9966666666668,6
Tomatoes,Dehiattakandiya,2025-07-15,162.5,432.0,908.33,693.33,677.8866666666668,7
Tomatoes,Dehiattakandiya,2025-08-15,224.17,162.5,432.0,908.33,500.9433333333334,8
Tomatoes,Dehiattakandiya,2025-09-15,201.33,224.17,162.5,432.0,272.89000000000004,9
Tomatoes,Economic Centre - Peliyagoda,2022-10-15,427.5,278.0,258.52,473.21,336.57666666666665,10
Tomatoes,Economic Centre - Peliyagoda,2022-11-15,294.4,427.5,278.0,258.52,321.34,11
Tomatoes,Economic Centre - Peliyagoda,2022-12-15,192.0,294.4,427.5,278.0,333.29999999999995,12
Tomatoes,Economic Centre - Peliyagoda,2023-01-15,250.8,192.0,294.4,427.5,304.63333333333327,1
Tomatoes,Economic Centre - Peliyagoda,2023-02-15,155.0,250.8,192.0,294.4,245.73333333333335,2
Tomatoes,Economic Centre - Peliyagoda,2023-03-15,306.54,155.0,250.8,192.0,199.26666666666665,3
Tomatoes,Economic Centre - Peliyagoda,2023-04-15,298.52,306.54,155.0,250.8,237.4466666666667,4
Tomatoes,Economic Centre - Peliyagoda,2023-05-15,263.0,298.52,306.54,155.0,253.35333333333332,5
Tomatoes,Economic Centre-Dambulla,2020-04-15,45.5,103.11,224.17,280.67,202.65,4
Tomatoes,Economic Centre-Dambulla,2020-05-15,68.92,45.5,103.11,224.17,124.25999999999999,5
Tomatoes,Economic Centre-Dambulla,2020-06-15,148.8,68.92,45.5,103.11,72.51,6
Tomatoes,Economic Centre-Dambulla,2020-07-15,75.26,148.8,68.92,45.5,87.74000000000001,7
Tomatoes,Economic Centre-Dambulla,2020-08-15,60.08,75.26,148.8,68.92,97.66000000000001,8
Tomatoes,Economic Centre-Dambulla,2020-09-15,125.33,60.08,75.26,148.8,94.71333333333332,9
Tomatoes,Economic Centre-Dambulla,2020-10-15,125.33,125.33,60.08,75.26,86.89,10
Tomatoes,Economic Centre-Pettah,2020-06-15,174.0,146.11,292.78,314.52,251.13666666666666,6
Tomatoes,Economic Centre-Pettah,2020-07-15,120.74,174.0,146.11,292.78,204.29666666666665,7
Tomatoes,Economic Centre-Pettah,2020-08-15,75.5,120.74,174.0,146.11,146.95000000000002,8
Tomatoes,Economic Centre-Pettah,2020-09-15,138.67,75.5,120.74,174.0,123.41333333333334,9
Tomatoes,Economic Centre-Pettah,2020-10-15,138.67,138.67,75.5,120.74,111.63666666666666,10
Tomatoes,Embilipitiya,2023-09-15,166.08,208.57,543.2,329.5,360.42333333333335,9
Tomatoes,Embilipitiya,2023-10-15,165.13,166.08,208.57,543.2,305.95,10
Tomatoes,Embilipitiya,2023-11-15,336.04,165.13,166.08,208.57,179.92666666666665,11
Tomatoes,Embilipitiya,2023-12-15,697.38,336.04,165.13,166.08,222.41666666666666,12
Tomatoes,Embilipitiya,2024-01-15,596.8,697.38,336.04,165.13,399.5166666666667,1
Tomatoes,Embilipitiya,2024-02-15,781.38,596.8,697.38,336.04,543.4066666666668,2
Tomatoes,Embilipitiya,2024-03-15,332.08,781.38,596.8,697.38,691.8533333333335,3
Tomatoes,Embilipitiya,2024-04-15,149.33,332.08,781.38,596.8,570.0866666666667,4
Tomatoes,Embilipitiya,2024-05-15,191.0,149.33,332.08,781.38,420.93000000000006,5
Tomatoes,Embilipitiya,2024-06-15,501.67,191.0,149.33,332.08,224.13666666666668,6
Tomatoes,Embilipitiya,2024-07-15,391.2,501.67,191.0,149.33,280.66666666666674,7
Tomatoes,Embilipitiya,2024-08-15,220.42,391.2,501.67,191.0,361.29,8
Tomatoes,Embilipitiya,2024-09-15,225.47,220.42,391.2,501.67,371.09666666666675,9
Tomatoes,Embilipitiya,2024-10-15,309.0,225.47,220.42,391.2,279.03000000000003,10
Tomatoes,Embilipitiya,2024-11-15,304.0,309.0,225.47,220.42,251.63000000000002,11
Tomatoes,Embilipitiya,2024-12-15,405.7,304.0,309.0,225.47,279.49000000000007,12
Tomatoes,Embilipitiya,2025-01-15,302.67,405.7,304.0,309.0,339.5666666666667,1
Tomatoes,Embilipitiya,2025-02-15,222.0,302.67,405.7,304.0,337.4566666666667,2
Tomatoes,Embilipitiya,2025-03-15,290.47,222.0,302.67,405.7,310.1233333333334,3
Tomatoes,Embilipitiya,2025-04-15,664.75,290.47,222.0,302.67,271.71333333333337,4
Tomatoes,Embilipitiya,2025-05-15,846.88,664.75,290.47,222.0,392.40666666666675,5
Tomatoes,Embilipitiya,2025-06-15,437.3,846.88,664.75,290.47,600.7,6
Tomatoes,Embilipitiya,2025-07-15,143.75,437.3,846.88,664.75,649.6433333333333,7
Tomatoes,Embilipitiya,2025-08-15,186.75,143.75,437.3,846.88,475.9766666666667,8
Tomatoes,Embilipitiya,2025-09-15,139.8,186.75,143.75,437.3,255.9333333333334,9
Tomatoes,Galenbindunuwewa,2023-09-15,179.0,246.0,446.4,332.0,341.4666666666667,9
Tomatoes,Galenbindunuwewa,2023-10-15,212.0,179.0,246.0,446.4,290.46666666666664,10
Tomatoes,Galenbindunuwewa,2023-11-15,313.0,212.0,179.0,246.0,212.33333333333334,11
Tomatoes,Galenbindunuwewa,2023-12-15,636.0,313.0,212.0,179.0,234.66666666666666,12
Tomatoes,Galenbindunuwewa,2024-01-15,667.2,636.0,313.0,212.0,387.0,1
Tomatoes,Galenbindunuwewa,2024-02-15,763.5,667.2,636.0,313.0,538.7333333333333,2
Tomatoes,Galenbindunuwewa,2024-03-15,389.0,763.5,667.2,636.0,688.9,3
Tomatoes,Galenbindunuwewa,2024-04-15,182.4,389.0,763.5,667.2,606.5666666666667,4
Tomatoes,Galenbindunuwewa,2024-05-15,180.0,182.4,389.0,763.5,444.9666666666667,5
Tomatoes,Galenbindunuwewa,2024-06-15,522.0,180.0,182.4,389.0,250.46666666666667,6
Tomatoes,Galenbindunuwewa,2024-07-15,672.0,522.0,180.0,182.4,294.8,7
Tomatoes,Galenbindunuwewa,2024-12-15,573.0,672.0,522.0,180.0,458.0,12
Tomatoes,Galenbindunuwewa,2025-01-15,346.88,573.0,672.0,522.0,589.0,1
Tomatoes,Galenbindunuwewa,2025-02-15,288.12,346.88,573.0,672.0,530.6266666666667,2
Tomatoes,Galenbindunuwewa,2025-03-15,322.0,288.12,346.88,573.0,402.6666666666667,3
Tomatoes,Galenbindunuwewa,2025-04-15,410.0,322.0,288.12,346.88,319.0,4
Tomatoes,Galenbindunuwewa,2025-06-15,509.75,410.0,322.0,288.12,340.04,6
Tomatoes,Galenbindunuwewa,2025-07-15,242.0,509.75,410.0,322.0,413.9166666666667,7
Tomatoes,Galenbindunuwewa,2025-08-15,210.5,242.0,509.75,410.0,387.25,8
Tomatoes,Galenbindunuwewa,2025-09-15,219.2,210.5,242.0,509.75,320.75,9
Tomatoes,Galle,2023-09-15,199.0,268.0,457.87,348.25,358.03999999999996,9
Tomatoes,Galle,2023-10-15,222.4,199.0,268.0,457.87,308.29,10
Tomatoes,Galle,2023-11-15,312.5,222.4,199.0,268.0,229.79999999999998,11
Tomatoes,Galle,2023-12-15,636.5,312.5,222.4,199.0,244.63333333333333,12
Tomatoes,Galle,2024-01-15,744.0,636.5,312.5,222.4,390.4666666666667,1
Tomatoes,Galle,2024-02-15,835.0,744.0,636.5,312.5,564.3333333333334,2
Tomatoes,Galle,2024-03-15,351.25,835.0,744.0,636.5,738.5,3
Tomatoes,Galle,2024-04-15,220.0,351.25,835.0,744.0,643.4166666666666,4
Tomatoes,Galle,2024-05-15,160.62,220.0,351.25,835.0,468.75,5
Tomatoes,Galle,2024-06-15,487.5,160.62,220.0,351.25,243.95666666666668,6
Tomatoes,Galle,2024-07-15,456.33,487.5,160.62,220.0,289.37333333333333,7
Tomatoes,Galle,2024-08-15,311.25,456.33,487.5,160.62,368.15000000000003,8
Tomatoes,Galle,2024-09-15,263.33,311.25,456.33,487.5,418.35999999999996,9
Tomatoes,Galle,2024-10-15,351.25,263.33,311.25,456.33,343.6366666666666,10
Tomatoes,Galle,2024-11-15,339.0,351.25,263.33,311.25,308.61,11
Tomatoes,Galle,2024-12-15,466.0,339.0,351.25,263.33,317.85999999999996,12
Tomatoes,Galle,2025-01-15,428.33,466.0,339.0,351.25,385.4166666666667,1
Tomatoes,Galle,2025-02-15,274.25,428.33,466.0,339.0,411.10999999999996,2
Tomatoes,Galle,2025-03-15,378.0,274.25,428.33,466.0,389.52666666666664,3
Tomatoes,Galle,2025-04-15,770.0,378.0,274.25,428.33,360.1933333333333,4
Tomatoes,Galle,2025-05-15,910.0,770.0,378.0,274.25,474.0833333333333,5
Tomatoes,Galle,2025-06-15,522.0,910.0,770.0,378.0,686.0,6
Tomatoes,Galle,2025-07-15,196.25,522.0,910.0,770.0,734.0,7
Tomatoes,Galle,2025-08-15,240.0,196.25,522.0,910.0,542.75,8
Tomatoes,Galle,2025-09-15,271.0,240.0,196.25,522.0,319.4166666666667,9
Tomatoes,Gampaha,2023-09-15,230.0,300.0,466.0,351.0,372.3333333333333,9
Tomatoes,Gampaha,2023-10-15,256.0,230.0,300.0,466.0,332.0,10
Tomatoes,Gampaha,2023-11-15,323.75,256.0,230.0,300.0,262.0,11
Tomatoes,Gampaha,2023-12-15,721.25,323.75,256.0,230.0,269.9166666666667,12
Tomatoes,Gampaha,2024-01-15,726.67,721.25,323.75,256.0,433.6666666666667,1
Tomatoes,Gampaha,2024-02-15,910.0,726.67,721.25,323.75,590.5566666666667,2
Tomatoes,Gampaha,2024-07-15,412.5,910.0,726.67,721.25,785.9733333333334,7
Tomatoes,Gampaha,2024-08-15,335.75,412.5,910.0,726.67,683.0566666666667,8
Tomatoes,Gampaha,2024-09-15,290.0,335.75,412.5,910.0,552.75,9
Tomatoes,Gampaha,2024-10-15,386.25,290.0,335.75,412.5,346.0833333333333,10
Tomatoes,Gampaha,2024-11-15,358.75,386.25,290.0,335.75,337.3333333333333,11
Tomatoes,Gampaha,2024-12-15,506.0,358.75,386.25,290.0,345.0,12
Tomatoes,Gampaha,2025-01-15,458.12,506.0,358.75,386.25,417.0,1
Tomatoes,Gampaha,2025-02-15,353.75,458.12,506.0,358.75,440.95666666666665,2
Tomatoes,Gampaha,2025-03-15,422.0,353.75,458.12,506.0,439.28999999999996,3
Tomatoes,Gampaha,2025-04-15,625.0,422.0,353.75,458.12,411.28999999999996,4
Tomatoes,Gampaha,2025-05-15,887.29,625.0,422.0,353.75,466.9166666666667,5
Tomatoes,Gampaha,2025-06-15,563.5,887.29,625.0,422.0,644.7633333333333,6
Tomatoes,Gampaha,2025-07-15,272.5,563.5,887.29,625.0,691.93,7
Tomatoes,Gampaha,2025-08-15,271.25,272.5,563.5,887.29,574.43,8
Tomatoes,Gampaha,2025-09-15,247.0,271.25,272.5,563.5,369.0833333333333,9
Tomatoes,Hambantota,2023-09-15,175.42,190.0,442.05,293.99,308.68,9
Tomatoes,Hambantota,2023-10-15,204.67,175.42,190.0,442.05,269.1566666666667,10
Tomatoes,Hambantota,2023-11-15,289.58,204.67,175.42,190.0,190.02999999999997,11
Tomatoes,Hambantota,2023-12-15,608.33,289.58,204.67,175.42,223.22333333333333,12
Tomatoes,Hambantota,2024-01-15,572.67,608.33,289.58,204.67,367.52666666666664,1
Tomatoes,Hambantota,2024-02-15,797.92,572.67,608.33,289.58,490.1933333333333,2
Tomatoes,Hambantota,2024-03-15,325.0,797.92,572.67,608.33,659.64,3
Tomatoes,Hambantota,2024-04-15,155.0,325.0,797.92,572.67,565.1966666666667,4
Tomatoes,Hambantota,2024-05-15,188.33,155.0,325.0,797.92,425.97333333333336,5
Tomatoes,Hambantota,2024-06-15,464.44,188.33,155.0,325.0,222.77666666666667,6
Tomatoes,Hambantota,2024-07-15,300.0,464.44,188.33,155.0,269.25666666666666,7
Tomatoes,Hambantota,2024-08-15,279.0,300.0,464.44,188.33,317.59,8
Tomatoes,Hambantota,2024-09-15,261.6,279.0,300.0,464.44,347.81333333333333,9
Tomatoes,Hambantota,2024-10-15,356.5,261.6,279.0,300.0,280.2,10
Tomatoes,Hambantota,2024-11-15,324.5,356.5,261.6,279.0,299.03333333333336,11
Tomatoes,Hambantota,2024-12-15,402.4,324.5,356.5,261.6,314.2,12
Tomatoes,Hambantota,2025-01-15,405.62,402.4,324.5,356.5,361.1333333333334,1
Tomatoes,Hambantota,2025-02-15,250.33,405.62,402.4,324.5,377.50666666666666,2
Tomatoes,Hambantota,2025-03-15,315.6,250.33,405.62,402.4,352.7833333333333,3
Tomatoes,Hambantota,2025-04-15,778.12,315.6,250.33,405.62,323.85,4
Tomatoes,Hambantota,2025-05-15,935.0,778.12,315.6,250.33,448.0166666666667,5
Tomatoes,Hambantota,2025-08-15,166.5,935.0,778.12,315.6,676.2400000000001,8
Tomatoes,Hambantota,2025-09-15,169.1,166.5,935.0,778.12,626.54,9
Tomatoes,Hanguranketha,2023-09-15,134.0,152.5,345.2,222.0,239.9,9
Tomatoes,Hanguranketha,2023-10-15,159.6,134.0,152.5,345.2,210.5666666666667,10
Tomatoes,Hanguranketha,2023-11-15,239.0,159.6,134.0,152.5,148.70000000000002,11
Tomatoes,Hanguranketha,2023-12-15,546.75,239.0,159.6,134.0,177.53333333333333,12
Tomatoes,Hanguranketha,2024-01-15,599.6,546.75,239.0,159.6,315.1166666666667,1
Tomatoes,Hanguranketha,2024-02-15,730.5,599.6,546.75,239.0,461.7833333333333,2
Tomatoes,Hanguranketha,2024-03-15,307.5,730.5,599.6,546.75,625.6166666666667,3
Tomatoes,Hanguranketha,2024-04-15,134.27,307.5,730.5,599.6,545.8666666666667,4
Tomatoes,Hanguranketha,2024-05-15,131.0,134.27,307.5,730.5,390.7566666666667,5
Tomatoes,Hanguranketha,2024-06-15,184.0,131.0,134.27,307.5,190.92333333333332,6
Tomatoes,Hanguranketha,2024-07-15,348.2,184.0,131.0,134.27,149.75666666666666,7
Tomatoes,Hanguranketha,2024-08-15,171.0,348.2,184.0,131.0,221.0666666666667,8
Tomatoes,Hanguranketha,2024-09-15,181.2,171.0,348.2,184.0,234.4,9
Tomatoes,Hanguranketha,2024-10-15,216.0,181.2,171.0,348.2,233.4666666666667,10
Tomatoes,Hanguranketha,2024-11-15,230.25,216.0,181.2,171.0,189.4,11
Tomatoes,Hanguranketha,2024-12-15,380.8,230.25,216.0,181.2,209.15,12
Tomatoes,Hanguranketha,2025-01-15,276.0,380.8,230.25,216.0,275.68333333333334,1
Tomatoes,Hanguranketha,2025-02-15,173.12,276.0,380.8,230.25,295.68333333333334,2
Tomatoes,Hanguranketha,2025-03-15,257.0,173.12,276.0,380.8,276.64000000000004,3
Tomatoes,Hanguranketha,2025-04-15,461.67,257.0,173.12,276.0,235.37333333333333,4
Tomatoes,Hanguranketha,2025-05-15,782.5,461.67,257.0,173.12,297.2633333333333,5
Tomatoes,Hanguranketha,2025-08-15,134.17,782.5,461.67,257.0,500.39000000000004,8
Tomatoes,Hanguranketha,2025-09-15,158.67,134.17,782.5,461.67,459.44666666666666,9
Tomatoes,Jaffna,2023-09-15,190.0,217.92,444.0,285.83,315.9166666666667,9
Tomatoes,Jaffna,2023-10-15,202.0,190.0,217.92,444.0,283.97333333333336,10
Tomatoes,Jaffna,2023-11-15,303.5,202.0,190.0,217.92,203.30666666666664,11
Tomatoes,Jaffna,2023-12-15,651.5,303.5,202.0,190.0,231.83333333333334,12
Tomatoes,Jaffna,2024-01-15,663.4,651.5,303.5,202.0,385.6666666666667,1
Tomatoes,Jaffna,2024-02-15,714.0,663.4,651.5,303.5,539.4666666666667,2
Tomatoes,Jaffna,2024-03-15,263.0,714.0,663.4,651.5,676.3000000000001,3
Tomatoes,Jaffna,2024-04-15,96.8,263.0,714.0,663.4,546.8000000000001,4
Tomatoes,Jaffna,2024-05-15,186.5,96.8,263.0,714.0,357.93333333333334,5
Tomatoes,Jaffna,2024-06-15,592.0,186.5,96.8,263.0,182.1,6
Tomatoes,Jaffna,2024-07-15,340.0,592.0,186.5,96.8,291.76666666666665,7
Tomatoes,Jaffna,2024-08-15,277.5,340.0,592.0,186.5,372.8333333333333,8
Tomatoes,Jaffna,2024-09-15,221.2,277.5,340.0,592.0,403.1666666666667,9
Tomatoes,Jaffna,2024-10-15,318.5,221.2,277.5,340.0,279.56666666666666,10
Tomatoes,Jaffna,2024-11-15,312.5,318.5,221.2,277.5,272.40000000000003,11
Tomatoes,Jaffna,2024-12-15,447.2,312.5,318.5,221.2,284.06666666666666,12
Tomatoes,Jaffna,2025-01-15,364.5,447.2,312.5,318.5,359.3999999999999,1
Tomatoes,Jaffna,2025-02-15,215.12,364.5,447.2,312.5,374.7333333333333,2
Tomatoes,Jaffna,2025-03-15,172.5,215.12,364.5,447.2,342.2733333333333,3
Tomatoes,Jaffna,2025-06-15,338.0,172.5,215.12,364.5,250.70666666666668,6
Tomatoes,Jaffna,2025-07-15,159.0,338.0,172.5,215.12,241.87333333333333,7
Tomatoes,Jaffna,2025-08-15,190.0,159.0,338.0,172.5,223.16666666666666,8
Tomatoes,Jaffna,2025-09-15,181.6,190.0,159.0,338.0,229.0,9
Tomatoes,Kalutara,2023-09-15,190.0,255.0,450.4,299.0,334.8,9
Tomatoes,Kalutara,2023-10-15,210.8,190.0,255.0,450.4,298.46666666666664,10
Tomatoes,Kalutara,2023-11-15,301.0,210.8,190.0,255.0,218.6,11
Tomatoes,Kalutara,2023-12-15,635.5,301.0,210.8,190.0,233.9333333333333,12
Tomatoes,Kalutara,2024-01-15,687.6,635.5,301.0,210.8,382.43333333333334,1
Tomatoes,Kalutara,2024-02-15,856.0,687.6,635.5,301.0,541.3666666666667,2
Tomatoes,Kalutara,2024-03-15,402.5,856.0,687.6,635.5,726.3666666666667,3
Tomatoes,Kalutara,2024-04-15,188.8,402.5,856.0,687.6,648.6999999999999,4
Tomatoes,Kalutara,2024-05-15,198.0,188.8,402.5,856.0,482.4333333333334,5
Tomatoes,Kalutara,2024-06-15,508.0,198.0,188.8,402.5,263.09999999999997,6
Tomatoes,Kalutara,2024-07-15,462.0,508.0,198.0,188.8,298.26666666666665,7
Tomatoes,Kalutara,2024-09-15,334.67,462.0,508.0,198.0,389.3333333333333,9
Tomatoes,Kalutara,2024-10-15,411.33,334.67,462.0,508.0,434.89000000000004,10
Tomatoes,Kalutara,2024-11-15,371.5,411.33,334.67,462.0,402.6666666666667,11
Tomatoes,Kalutara,2024-12-15,522.4,371.5,411.33,334.67,372.5,12
Tomatoes,Kalutara,2025-01-15,458.5,522.4,371.5,411.33,435.07666666666665,1
Tomatoes,Kalutara,2025-02-15,395.0,458.5,522.4,371.5,450.8,2
Tomatoes,Kalutara,2025-03-15,369.5,395.0,458.5,522.4,458.6333333333334,3
Tomatoes,Kalutara,2025-04-15,536.0,369.5,395.0,458.5,407.6666666666667,4
Tomatoes,Kalutara,2025-05-15,1079.5,536.0,369.5,395.0,433.5,5
Tomatoes,Kalutara,2025-06-15,513.79,1079.5,536.0,369.5,661.6666666666666,6
Tomatoes,Kalutara,2025-07-15,218.0,513.79,1079.5,536.0,709.7633333333333,7
Tomatoes,Kalutara,2025-08-15,227.0,218.0,513.79,1079.5,603.7633333333333,8
Tomatoes,Kalutara,2025-09-15,259.0,227.0,218.0,513.79,319.59666666666664,9
Tomatoes,Kandy,2023-09-15,166.0,201.0,447.6,267.0,305.2,9
Tomatoes,Kandy,2023-10-15,183.0,166.0,201.0,447.6,271.53333333333336,10
Tomatoes,Kandy,2023-11-15,348.75,183.0,166.0,201.0,183.33333333333334,11
Tomatoes,Kandy,2023-12-15,726.5,348.75,183.0,166.0,232.58333333333334,12
Tomatoes,Kandy,2024-01-15,712.0,726.5,348.75,183.0,419.4166666666667,1
Tomatoes,Kandy,2024-02-15,882.5,712.0,726.5,348.75,595.75,2
Tomatoes,Kandy,2024-03-15,411.0,882.5,712.0,726.5,773.6666666666666,3
Tomatoes,Kandy,2024-04-15,193.6,411.0,882.5,712.0,668.5,4
Tomatoes,Kandy,2024-05-15,153.0,193.6,411.0,882.5,495.7,5
Tomatoes,Kandy,2024-06-15,549.0,153.0,193.6,411.0,252.53333333333333,6
Tomatoes,Kandy,2024-07-15,456.0,549.0,153.0,193.6,298.53333333333336,7
Tomatoes,Kandy,2024-08-15,266.0,456.0,549.0,153.0,386.0,8
Tomatoes,Kandy,2024-09-15,269.6,266.0,456.0,549.0,423.6666666666667,9
Tomatoes,Kandy,2024-10-15,320.0,269.6,266.0,456.0,330.53333333333336,10
Tomatoes,Kandy,2024-11-15,268.0,320.0,269.6,266.0,285.2,11
Tomatoes,Kandy,2024-12-15,458.8,268.0,320.0,269.6,285.8666666666667,12
Tomatoes,Kandy,2025-01-15,369.0,458.8,268.0,320.0,348.93333333333334,1
Tomatoes,Kandy,2025-02-15,203.0,369.0,458.8,268.0,365.26666666666665,2
Tomatoes,Kandy,2025-03-15,317.6,203.0,369.0,458.8,343.59999999999997,3
Tomatoes,Kandy,2025-04-15,623.0,317.6,203.0,369.0,296.53333333333336,4
Tomatoes,Kandy,2025-05-15,930.0,623.0,317.6,203.0,381.20000000000005,5
Tomatoes,Kandy,2025-06-15,396.4,930.0,623.0,317.6,623.5333333333334,6
Tomatoes,Kandy,2025-07-15,150.0,396.4,930.0,623.0,649.8000000000001,7
Tomatoes,Kandy,2025-08-15,156.0,150.0,396.4,930.0,492.1333333333334,8
Tomatoes,Kandy,2025-09-15,189.6,156.0,150.0,396.4,234.13333333333333,9
Tomatoes,Kegalle,2023-09-15,239.0,279.0,477.2,357.5,371.23333333333335,9
Tomatoes,Kegalle,2023-10-15,260.4,239.0,279.0,477.2,331.73333333333335,10
Tomatoes,Kegalle,2023-11-15,357.5,260.4,239.0,279.0,259.46666666666664,11
Tomatoes,Kegalle,2023-12-15,667.0,357.5,260.4,239.0,285.6333333333333,12
Tomatoes,Kegalle,2024-01-15,731.2,667.0,357.5,260.4,428.3,1
Tomatoes,Kegalle,2024-02-15,849.0,731.2,667.0,357.5,585.2333333333332,2
Tomatoes,Kegalle,2024-03-15,427.5,849.0,731.2,667.0,749.0666666666666,3
Tomatoes,Kegalle,2024-04-15,218.4,427.5,849.0,731.2,669.2333333333332,4
Tomatoes,Kegalle,2024-05-15,239.0,218.4,427.5,849.0,498.3,5
Tomatoes,Kegalle,2024-06-15,239.0,239.0,218.4,427.5,294.96666666666664,6
Tomatoes,Kegalle,2024-07-15,459.2,239.0,239.0,218.4,232.13333333333333,7
Tomatoes,Kegalle,2024-08-15,336.0,459.2,239.0,239.0,312.40000000000003,8
Tomatoes,Kegalle,2024-09-15,272.0,336.0,459.2,239.0,344.73333333333335,9
Tomatoes,Kegalle,2024-10-15,381.0,272.0,336.0,459.2,355.73333333333335,10
Tomatoes,Kegalle,2024-11-15,366.0,381.0,272.0,336.0,329.6666666666667,11
Tomatoes,Kegalle,2024-12-15,516.0,366.0,381.0,272.0,339.6666666666667,12
Tomatoes,Kegalle,2025-01-15,466.0,516.0,366.0,381.0,421.0,1
Tomatoes,Kegalle,2025-02-15,316.0,466.0,516.0,366.0,449.3333333333333,2
Tomatoes,Kegalle,2025-03-15,403.6,316.0,466.0,516.0,432.6666666666667,3
Tomatoes,Kegalle,2025-04-15,576.0,403.6,316.0,466.0,395.2,4
Tomatoes,Kegalle,2025-05-15,918.5,576.0,403.6,316.0,431.8666666666666,5
Tomatoes,Kegalle,2025-06-15,528.0,918.5,576.0,403.6,632.6999999999999,6
Tomatoes,Kegalle,2025-07-15,226.0,528.0,918.5,576.0,674.1666666666666,7
Tomatoes,Kegalle,2025-08-15,256.0,226.0,528.0,918.5,557.5,8
Tomatoes,Kegalle,2025-09-15,270.4,256.0,226.0,528.0,336.6666666666667,9
Tomatoes,Keppetipola (DEC},2023-09-15,205.0,220.5,365.6,250.0,278.7,9
Tomatoes,Keppetipola (DEC},2023-10-15,204.0,205.0,220.5,365.6,263.7,10
Tomatoes,Keppetipola (DEC},2023-11-15,251.5,204.0,205.0,220.5,209.83333333333334,11
Tomatoes,Keppetipola (DEC},2023-12-15,525.0,251.5,204.0,205.0,220.16666666666666,12
Tomatoes,Keppetipola (DEC},2024-01-15,601.2,525.0,251.5,204.0,326.8333333333333,1
Tomatoes,Keppetipola (DEC},2024-02-15,722.0,601.2,525.0,251.5,459.23333333333335,2
Tomatoes,Keppetipola (DEC},2024-03-15,325.0,722.0,601.2,525.0,616.0666666666667,3
Tomatoes,Keppetipola (DEC},2024-04-15,124.5,325.0,722.0,601.2,549.4,4
Tomatoes,Keppetipola (DEC},2024-05-15,131.5,124.5,325.0,722.0,390.5,5
Tomatoes,Keppetipola (DEC},2024-06-15,426.0,131.5,124.5,325.0,193.66666666666666,6
Tomatoes,Keppetipola (DEC},2024-07-15,351.6,426.0,131.5,124.5,227.33333333333334,7
Tomatoes,Keppetipola (DEC},2024-08-15,262.5,351.6,426.0,131.5,303.03333333333336,8
Tomatoes,Keppetipola (DEC},2024-09-15,248.4,262.5,351.6,426.0,346.7,9
Tomatoes,Keppetipola (DEC},2024-10-15,275.5,248.4,262.5,351.6,287.5,10
Tomatoes,Keppetipola (DEC},2024-11-15,288.5,275.5,248.4,262.5,262.1333333333333,11
Tomatoes,Keppetipola (DEC},2024-12-15,352.0,288.5,275.5,248.4,270.8,12
Tomatoes,Keppetipola (DEC},2025-01-15,305.5,352.0,288.5,275.5,305.3333333333333,1
Tomatoes,Keppetipola (DEC},2025-02-15,196.0,305.5,352.0,288.5,315.3333333333333,2
Tomatoes,Keppetipola (DEC},2025-03-15,291.6,196.0,305.5,352.0,284.5,3
Tomatoes,Keppetipola (DEC},2025-04-15,395.75,291.6,196.0,305.5,264.3666666666667,4
Tomatoes,Keppetipola (DEC},2025-05-15,586.0,395.75,291.6,196.0,294.45,5
Tomatoes,Keppetipola (DEC},2025-06-15,287.0,586.0,395.75,291.6,424.45,6
Tomatoes,Keppetipola (DEC},2025-07-15,127.0,287.0,586.0,395.75,422.9166666666667,7
Tomatoes,Keppetipola (DEC},2025-08-15,166.0,127.0,287.0,586.0,333.3333333333333,8
Tomatoes,Keppetipola (DEC},2025-09-15,180.4,166.0,127.0,287.0,193.33333333333334,9
Tomatoes,Kilinochchi,2023-09-15,242.5,321.0,488.4,379.0,396.1333333333334,9
Tomatoes,Kilinochchi,2023-10-15,284.0,242.5,321.0,488.4,350.6333333333334,10
Tomatoes,Kilinochchi,2023-11-15,358.5,284.0,242.5,321.0,282.5,11
Tomatoes,Kilinochchi,2023-12-15,705.5,358.5,284.0,242.5,295.0,12
Tomatoes,Kilinochchi,2024-01-15,680.4,705.5,358.5,284.0,449.3333333333333,1
Tomatoes,Kilinochchi,2024-02-15,898.5,680.4,705.5,358.5,581.4666666666667,2
Tomatoes,Kilinochchi,2024-03-15,424.5,898.5,680.4,705.5,761.4666666666667,3
Tomatoes,Kilinochchi,2024-04-15,181.0,424.5,898.5,680.4,667.8000000000001,4
Tomatoes,Kilinochchi,2024-05-15,239.0,181.0,424.5,898.5,501.3333333333333,5
Tomatoes,Kilinochchi,2024-06-15,239.0,239.0,181.0,424.5,281.5,6
Tomatoes,Kilinochchi,2024-07-15,526.0,239.0,239.0,181.0,219.66666666666666,7
Tomatoes,Kilinochchi,2024-08-15,308.0,526.0,239.0,239.0,334.6666666666667,8
Tomatoes,Kilinochchi,2024-09-15,292.0,308.0,526.0,239.0,357.6666666666667,9
Tomatoes,Kilinochchi,2024-10-15,388.5,292.0,308.0,526.0,375.3333333333333,10
Tomatoes,Kilinochchi,2024-11-15,401.5,388.5,292.0,308.0,329.5,11
Tomatoes,Kilinochchi,2024-12-15,525.0,401.5,388.5,292.0,360.6666666666667,12
Tomatoes,Kilinochchi,2025-01-15,439.0,525.0,401.5,388.5,438.3333333333333,1
Tomatoes,Kilinochchi,2025-02-15,301.0,439.0,525.0,401.5,455.1666666666667,2
Tomatoes,Kilinochchi,2025-03-15,280.0,301.0,439.0,525.0,421.6666666666667,3
Tomatoes,Kilinochchi,2025-04-15,613.0,280.0,301.0,439.0,340.0,4
Tomatoes,Kilinochchi,2025-05-15,982.0,613.0,280.0,301.0,398.0,5
Tomatoes,Kilinochchi,2025-06-15,662.5,982.0,613.0,280.0,625.0,6
Tomatoes,Kilinochchi,2025-09-15,241.6,662.5,982.0,613.0,752.5,9
Tomatoes,Kurunegala,2023-09-15,232.0,263.0,491.8,342.5,365.76666666666665,9
Tomatoes,Kurunegala,2023-10-15,261.6,232.0,263.0,491.8,328.93333333333334,10
Tomatoes,Kurunegala,2023-11-15,345.0,261.6,232.0,263.0,252.20000000000002,11
Tomatoes,Kurunegala,2023-12-15,691.25,345.0,261.6,232.0,279.53333333333336,12
Tomatoes,Kurunegala,2024-01-15,744.8,691.25,345.0,261.6,432.6166666666666,1
Tomatoes,Kurunegala,2024-02-15,874.42,744.8,691.25,345.0,593.6833333333334,2
Tomatoes,Kurunegala,2024-03-15,459.25,874.42,744.8,691.25,770.1566666666668,3
Tomatoes,Kurunegala,2024-04-15,273.6,459.25,874.42,744.8,692.8233333333334,4
Tomatoes,Kurunegala,2024-05-15,214.0,273.6,459.25,874.42,535.7566666666667,5
Tomatoes,Kurunegala,2024-06-15,523.0,214.0,273.6,459.25,315.6166666666667,6
Tomatoes,Kurunegala,2024-09-15,277.5,523.0,214.0,273.6,336.8666666666667,9
Tomatoes,Kurunegala,2024-10-15,320.83,277.5,523.0,214.0,338.1666666666667,10
Tomatoes,Kurunegala,2024-11-15,403.33,320.83,277.5,523.0,373.77666666666664,11
Tomatoes,Kurunegala,2024-12-15,499.67,403.33,320.83,277.5,333.88666666666666,12
Tomatoes,Kurunegala,2025-01-15,493.54,499.67,403.33,320.83,407.9433333333333,1
Tomatoes,Kurunegala,2025-02-15,372.5,493.54,499.67,403.33,465.5133333333333,2
Tomatoes,Kurunegala,2025-03-15,338.33,372.5,493.54,499.67,455.2366666666667,3
Tomatoes,Kurunegala,2025-04-15,628.33,338.33,372.5,493.54,401.45666666666665,4
Tomatoes,Kurunegala,2025-05-15,860.0,628.33,338.33,372.5,446.3866666666667,5
Tomatoes,Kurunegala,2025-06-15,458.33,860.0,628.33,338.33,608.8866666666667,6
Tomatoes,Kurunegala,2025-07-15,225.42,458.33,860.0,628.33,648.8866666666667,7
Tomatoes,Kurunegala,2025-08-15,261.67,225.42,458.33,860.0,514.5833333333334,8
Tomatoes,Kurunegala,2025-09-15,257.5,261.67,225.42,458.33,315.14,9
Tomatoes,Mannar,2023-09-15,252.0,302.5,510.8,388.0,400.43333333333334,9
Tomatoes,Mannar,2023-10-15,280.4,252.0,302.5,510.8,355.09999999999997,10
Tomatoes,Mannar,2023-11-15,376.5,280.4,252.0,302.5,278.3,11
Tomatoes,Mannar,2023-12-15,686.0,376.5,280.4,252.0,302.9666666666667,12
Tomatoes,Mannar,2024-01-15,825.2,686.0,376.5,280.4,447.6333333333334,1
Tomatoes,Mannar,2024-02-15,875.0,825.2,686.0,376.5,629.2333333333333,2
Tomatoes,Mannar,2024-03-15,644.0,875.0,825.2,686.0,795.4,3
Tomatoes,Mannar,2024-04-15,142.67,644.0,875.0,825.2,781.4,4
Tomatoes,Mannar,2024-05-15,226.67,142.67,644.0,875.0,553.89,5
Tomatoes,Mannar,2024-06-15,226.67,226.67,142.67,644.0,337.78,6
Tomatoes,Mannar,2024-07-15,594.5,226.67,226.67,142.67,198.67,7
Tomatoes,Mannar,2024-08-15,348.5,594.5,226.67,226.67,349.28000000000003,8
Tomatoes,Mannar,2024-09-15,307.2,348.5,594.5,226.67,389.89000000000004,9
Tomatoes,Mannar,2024-10-15,328.0,307.2,348.5,594.5,416.73333333333335,10
Tomatoes,Mannar,2024-11-15,358.0,328.0,307.2,348.5,327.90000000000003,11
Tomatoes,Mannar,2024-12-15,536.8,358.0,328.0,307.2,331.06666666666666,12
Tomatoes,Mannar,2025-01-15,420.5,536.8,358.0,328.0,407.59999999999997,1
Tomatoes,Mannar,2025-06-15,570.0,420.5,536.8,358.0,438.43333333333334,6
Tomatoes,Mannar,2025-07-15,275.0,570.0,420.5,536.8,509.09999999999997,7
Tomatoes,Mannar,2025-08-15,234.38,275.0,570.0,420.5,421.8333333333333,8
Tomatoes,Mannar,2025-09-15,271.0,234.38,275.0,570.0,359.79333333333335,9
Tomatoes,Matale,2023-09-15,194.0,206.0,460.4,355.0,340.46666666666664,9
Tomatoes,Matale,2023-10-15,190.4,194.0,206.0,460.4,286.8,10
Tomatoes,Matale,2023-11-15,332.0,190.4,194.0,206.0,196.79999999999998,11
Tomatoes,Matale,2023-12-15,707.0,332.0,190.4,194.0,238.79999999999998,12
Tomatoes,Matale,2024-01-15,652.8,707.0,332.0,190.4,409.8,1
Tomatoes,Matale,2024-02-15,900.0,652.8,707.0,332.0,563.9333333333333,2
Tomatoes,Matale,2024-03-15,344.0,900.0,652.8,707.0,753.2666666666665,3
Tomatoes,Matale,2024-04-15,163.2,344.0,900.0,652.8,632.2666666666665,4
Tomatoes,Matale,2024-05-15,186.67,163.2,344.0,900.0,469.06666666666666,5
Tomatoes,Matale,2024-06-15,186.67,186.67,163.2,344.0,231.29,6
Tomatoes,Matale,2024-07-15,432.53,186.67,186.67,163.2,178.84666666666666,7
Tomatoes,Matale,2024-08-15,272.0,432.53,186.67,186.67,268.6233333333333,8
Tomatoes,Matale,2024-09-15,235.2,272.0,432.53,186.67,297.06666666666666,9
Tomatoes,Matale,2024-10-15,306.0,235.2,272.0,432.53,313.2433333333333,10
Tomatoes,Matale,2024-11-15,314.0,306.0,235.2,272.0,271.06666666666666,11
Tomatoes,Matale,2024-12-15,439.2,314.0,306.0,235.2,285.06666666666666,12
Tomatoes,Matale,2025-01-15,354.0,439.2,314.0,306.0,353.0666666666666,1
Tomatoes,Matale,2025-02-15,232.0,354.0,439.2,314.0,369.0666666666666,2
Tomatoes,Matale,2025-03-15,312.0,232.0,354.0,439.2,341.7333333333333,3
Tomatoes,Matale,2025-04-15,571.75,312.0,232.0,354.0,299.3333333333333,4
Tomatoes,Matale,2025-05-15,940.0,571.75,312.0,232.0,371.9166666666667,5
Tomatoes,Matale,2025-06-15,457.6,940.0,571.75,312.0,607.9166666666666,6
Tomatoes,Matale,2025-07-15,150.0,457.6,940.0,571.75,656.4499999999999,7
Tomatoes,Matale,2025-08-15,178.0,150.0,457.6,940.0,515.8666666666667,8
Tomatoes,Matale,2025-09-15,200.0,178.0,150.0,457.6,261.8666666666667,9
Tomatoes,Matara,2023-09-15,180.0,193.33,466.5,305.0,321.61,9
Tomatoes,Matara,2023-10-15,203.0,180.0,193.33,466.5,279.9433333333333,10
Tomatoes,Matara,2023-11-15,318.75,203.0,180.0,193.33,192.11,11
Tomatoes,Matara,2023-12-15,691.0,318.75,203.0,180.0,233.91666666666666,12
Tomatoes,Matara,2024-01-15,613.5,691.0,318.75,203.0,404.25,1
Tomatoes,Matara,2024-02-15,855.0,613.5,691.0,318.75,541.0833333333334,2
Tomatoes,Matara,2024-03-15,325.0,855.0,613.5,691.0,719.8333333333334,3
Tomatoes,Matara,2024-04-15,165.67,325.0,855.0,613.5,597.8333333333334,4
Tomatoes,Matara,2024-05-15,205.0,165.67,325.0,855.0,448.5566666666667,5
Tomatoes,Matara,2024-06-15,547.5,205.0,165.67,325.0,231.89,6
Tomatoes,Matara,2024-07-15,431.0,547.5,205.0,165.67,306.0566666666667,7
Tomatoes,Matara,2024-08-15,286.88,431.0,547.5,205.0,394.5,8
Tomatoes,Matara,2024-09-15,245.5,286.88,431.0,547.5,421.79333333333335,9
Tomatoes,Matara,2024-10-15,362.5,245.5,286.88,431.0,321.12666666666667,10
Tomatoes,Matara,2024-11-15,315.62,362.5,245.5,286.88,298.29333333333335,11
Tomatoes,Matara,2024-12-15,395.5,315.62,362.5,245.5,307.87333333333333,12
Tomatoes,Matara,2025-01-15,347.5,395.5,315.62,362.5,357.8733333333333,1
Tomatoes,Matara,2025-02-15,215.0,347.5,395.5,315.62,352.8733333333333,2
Tomatoes,Matara,2025-03-15,303.5,215.0,347.5,395.5,319.3333333333333,3
Tomatoes,Matara,2025-04-15,655.83,303.5,215.0,347.5,288.6666666666667,4
Tomatoes,Matara,2025-05-15,941.88,655.83,303.5,215.0,391.4433333333333,5
Tomatoes,Matara,2025-06-15,517.0,941.88,655.83,303.5,633.7366666666667,6
Tomatoes,Matara,2025-07-15,165.0,517.0,941.88,655.83,704.9033333333333,7
Tomatoes,Matara,2025-08-15,193.75,165.0,517.0,941.88,541.2933333333334,8
Tomatoes,Matara,2025-09-15,201.5,193.75,165.0,517.0,291.9166666666667,9
Tomatoes,Meegoda(DEC),2023-09-15,214.0,248.0,450.0,295.0,331.0,9
Tomatoes,Meegoda(DEC),2023-10-15,233.6,214.0,248.0,450.0,304.0,10
Tomatoes,Meegoda(DEC),2023-11-15,321.5,233.6,214.0,248.0,231.86666666666667,11
Tomatoes,Meegoda(DEC),2023-12-15,701.25,321.5,233.6,214.0,256.3666666666667,12
Tomatoes,Meegoda(DEC),2024-01-15,675.6,701.25,321.5,233.6,418.7833333333333,1
Tomatoes,Meegoda(DEC),2024-02-15,839.5,675.6,701.25,321.5,566.1166666666667,2
Tomatoes,Meegoda(DEC),2024-03-15,374.75,839.5,675.6,701.25,738.7833333333333,3
Tomatoes,Meegoda(DEC),2024-04-15,186.4,374.75,839.5,675.6,629.9499999999999,4
Tomatoes,Meegoda(DEC),2024-05-15,256.0,186.4,374.75,839.5,466.8833333333334,5
Tomatoes,Meegoda(DEC),2024-06-15,586.5,256.0,186.4,374.75,272.3833333333333,6
Tomatoes,Meegoda(DEC),2024-07-15,473.6,586.5,256.0,186.4,342.9666666666667,7
Tomatoes,Meegoda(DEC),2024-08-15,317.5,473.6,586.5,256.0,438.7,8
Tomatoes,Meegoda(DEC),2024-09-15,301.6,317.5,473.6,586.5,459.2,9
Tomatoes,Meegoda(DEC),2024-10-15,382.17,301.6,317.5,473.6,364.23333333333335,10
Tomatoes,Meegoda(DEC),2024-11-15,364.0,382.17,301.6,317.5,333.75666666666666,11
Tomatoes,Meegoda(DEC),2024-12-15,477.2,364.0,382.17,301.6,349.25666666666666,12
Tomatoes,Meegoda(DEC),2025-01-15,425.0,477.2,364.0,382.17,407.78999999999996,1
Tomatoes,Meegoda(DEC),2025-02-15,278.0,425.0,477.2,364.0,422.0666666666666,2
Tomatoes,Meegoda(DEC),2025-03-15,366.4,278.0,425.0,477.2,393.3999999999999,3
Tomatoes,Meegoda(DEC),2025-04-15,685.33,366.4,278.0,425.0,356.4666666666667,4
Tomatoes,Meegoda(DEC),2025-05-15,932.5,685.33,366.4,278.0,443.24333333333334,5
Tomatoes,Meegoda(DEC),2025-06-15,541.2,932.5,685.33,366.4,661.41,6
Tomatoes,Meegoda(DEC),2025-07-15,200.0,541.2,932.5,685.33,719.6766666666666,7
Tomatoes,Meegoda(DEC),2025-08-15,233.0,200.0,541.2,932.5,557.9,8
Tomatoes,Meegoda(DEC),2025-09-15,259.2,233.0,200.0,541.2,324.73333333333335,9
Tomatoes,Monaragala,2023-09-15,213.0,255.0,446.4,326.0,342.4666666666667,9
Tomatoes,Monaragala,2023-10-15,208.0,213.0,255.0,446.4,304.8,10
Tomatoes,Monaragala,2023-11-15,291.33,208.0,213.0,255.0,225.33333333333334,11
Tomatoes,Monaragala,2023-12-15,620.0,291.33,208.0,213.0,237.4433333333333,12
Tomatoes,Monaragala,2024-01-15,670.4,620.0,291.33,208.0,373.10999999999996,1
Tomatoes,Monaragala,2024-02-15,816.0,670.4,620.0,291.33,527.2433333333333,2
Tomatoes,Monaragala,2024-03-15,412.0,816.0,670.4,620.0,702.1333333333333,3
Tomatoes,Monaragala,2024-04-15,167.2,412.0,816.0,670.4,632.8000000000001,4
Tomatoes,Monaragala,2024-05-15,193.0,167.2,412.0,816.0,465.0666666666666,5
Tomatoes,Monaragala,2024-06-15,490.0,193.0,167.2,412.0,257.40000000000003,6
Tomatoes,Monaragala,2024-07-15,400.0,490.0,193.0,167.2,283.40000000000003,7
Tomatoes,Monaragala,2024-08-15,301.0,400.0,490.0,193.0,361.0,8
Tomatoes,Monaragala,2024-09-15,296.0,301.0,400.0,490.0,397.0,9
Tomatoes,Monaragala,2024-10-15,324.0,296.0,301.0,400.0,332.3333333333333,10
Tomatoes,Monaragala,2024-11-15,284.0,324.0,296.0,301.0,307.0,11
Tomatoes,Monaragala,2024-12-15,475.2,284.0,324.0,296.0,301.3333333333333,12
Tomatoes,Monaragala,2025-01-15,377.0,475.2,284.0,324.0,361.0666666666666,1
Tomatoes,Monaragala,2025-02-15,228.0,377.0,475.2,284.0,378.7333333333333,2
Tomatoes,Monaragala,2025-03-15,307.2,228.0,377.0,475.2,360.0666666666666,3
Tomatoes,Monaragala,2025-04-15,575.0,307.2,228.0,377.0,304.06666666666666,4
Tomatoes,Monaragala,2025-05-15,772.0,575.0,307.2,228.0,370.06666666666666,5
Tomatoes,Monaragala,2025-06-15,457.6,772.0,575.0,307.2,551.4,6
Tomatoes,Monaragala,2025-07-15,171.5,457.6,772.0,575.0,601.5333333333333,7
Tomatoes,Monaragala,2025-08-15,222.0,171.5,457.6,772.0,467.0333333333333,8
Tomatoes,Monaragala,2025-09-15,250.4,222.0,171.5,457.6,283.7,9
Tomatoes,Mullativu,2023-09-15,216.0,294.5,447.2,347.5,363.06666666666666,9
Tomatoes,Mullativu,2024-05-15,199.67,216.0,294.5,447.2,319.23333333333335,5
Tomatoes,Mullativu,2024-06-15,614.5,199.67,216.0,294.5,236.72333333333333,6
Tomatoes,Mullativu,2024-07-15,487.2,614.5,199.67,216.0,343.39000000000004,7
Tomatoes,Mullativu,2024-08-15,304.5,487.2,614.5,199.67,433.78999999999996,8
Tomatoes,Mullativu,2024-09-15,282.0,304.5,487.2,614.5,468.7333333333333,9
Tomatoes,Mullativu,2024-10-15,371.5,282.0,304.5,487.2,357.90000000000003,10
Tomatoes,Mullativu,2024-11-15,359.0,371.5,282.0,304.5,319.3333333333333,11
Tomatoes,Mullativu,2024-12-15,460.5,359.0,371.5,282.0,337.5,12
Tomatoes,Mullativu,2025-01-15,418.0,460.5,359.0,371.5,397.0,1
Tomatoes,Mullativu,2025-02-15,311.0,418.0,460.5,359.0,412.5,2
Tomatoes,Mullativu,2025-03-15,284.8,311.0,418.0,460.5,396.5,3
Tomatoes,Mullativu,2025-04-15,631.5,284.8,311.0,418.0,337.93333333333334,4
Tomatoes,Mullativu,2025-05-15,959.5,631.5,284.8,311.0,409.09999999999997,5
Tomatoes,Mullativu,2025-06-15,566.0,959.5,631.5,284.8,625.2666666666667,6
Tomatoes,Mullativu,2025-07-15,243.0,566.0,959.5,631.5,719.0,7
Tomatoes,Mullativu,2025-08-15,207.0,243.0,566.0,959.5,589.5,8
Tomatoes,Mullativu,2025-09-15,239.0,207.0,243.0,566.0,338.6666666666667,9
Tomatoes,Nikaweratiya,2023-09-15,227.5,290.0,446.0,355.0,363.6666666666667,9
Tomatoes,Nikaweratiya,2023-10-15,262.0,227.5,290.0,446.0,321.1666666666667,10
Tomatoes,Nikaweratiya,2023-11-15,335.0,262.0,227.5,290.0,259.8333333333333,11
Tomatoes,Nikaweratiya,2023-12-15,639.0,335.0,262.0,227.5,274.8333333333333,12
Tomatoes,Nikaweratiya,2024-01-15,662.0,639.0,335.0,262.0,412.0,1
Tomatoes,Nikaweratiya,2024-02-15,874.42,662.0,639.0,335.0,545.3333333333334,2
Tomatoes,Nikaweratiya,2024-03-15,425.0,874.42,662.0,639.0,725.14,3
Tomatoes,Nikaweratiya,2024-04-15,226.0,425.0,874.42,662.0,653.8066666666667,4
Tomatoes,Nikaweratiya,2024-05-15,230.0,226.0,425.0,874.42,508.47333333333336,5
Tomatoes,Nikaweratiya,2024-07-15,484.13,230.0,226.0,425.0,293.6666666666667,7
Tomatoes,Nikaweratiya,2024-08-15,339.5,484.13,230.0,226.0,313.37666666666667,8
Tomatoes,Nikaweratiya,2024-09-15,278.9,339.5,484.13,230.0,351.21000000000004,9
Tomatoes,Nikaweratiya,2024-10-15,330.5,278.9,339.5,484.13,367.51,10
Tomatoes,Nikaweratiya,2024-11-15,336.0,330.5,278.9,339.5,316.3,11
Tomatoes,Nikaweratiya,2024-12-15,442.5,336.0,330.5,278.9,315.1333333333333,12
Tomatoes,Nikaweratiya,2025-03-15,349.5,442.5,336.0,330.5,369.6666666666667,3
Tomatoes,Nikaweratiya,2025-04-15,613.0,349.5,442.5,336.0,376.0,4
Tomatoes,Nikaweratiya,2025-05-15,905.0,613.0,349.5,442.5,468.3333333333333,5
Tomatoes,Nikaweratiya,2025-06-15,481.6,905.0,613.0,349.5,622.5,6
Tomatoes,Nikaweratiya,2025-07-15,220.0,481.6,905.0,613.0,666.5333333333333,7
Tomatoes,Nikaweratiya,2025-08-15,239.5,220.0,481.6,905.0,535.5333333333333,8
Tomatoes,Nikaweratiya,2025-09-15,247.2,239.5,220.0,481.6,313.7,9
Tomatoes,Nuwara Eliya,2023-09-15,207.5,228.5,374.4,252.0,284.96666666666664,9
Tomatoes,Nuwara Eliya,2023-10-15,218.4,207.5,228.5,374.4,270.1333333333333,10
Tomatoes,Nuwara Eliya,2023-11-15,275.5,218.4,207.5,228.5,218.13333333333333,11
Tomatoes,Nuwara Eliya,2023-12-15,552.0,275.5,218.4,207.5,233.79999999999998,12
Tomatoes,Nuwara Eliya,2024-01-15,627.6,552.0,275.5,218.4,348.6333333333334,1
Tomatoes,Nuwara Eliya,2024-02-15,793.33,627.6,552.0,275.5,485.0333333333333,2
Tomatoes,Nuwara Eliya,2024-03-15,352.5,793.33,627.6,552.0,657.6433333333333,3
Tomatoes,Nuwara Eliya,2024-04-15,158.8,352.5,793.33,627.6,591.1433333333333,4
Tomatoes,Nuwara Eliya,2024-05-15,171.0,158.8,352.5,793.33,434.8766666666666,5
Tomatoes,Nuwara Eliya,2024-06-15,451.5,171.0,158.8,352.5,227.4333333333333,6
Tomatoes,Nuwara Eliya,2024-07-15,354.0,451.5,171.0,158.8,260.43333333333334,7
Tomatoes,Nuwara Eliya,2024-08-15,310.0,354.0,451.5,171.0,325.5,8
Tomatoes,Nuwara Eliya,2024-09-15,270.5,310.0,354.0,451.5,371.8333333333333,9
Tomatoes,Nuwara Eliya,2024-10-15,303.0,270.5,310.0,354.0,311.5,10
Tomatoes,Nuwara Eliya,2024-11-15,330.5,303.0,270.5,310.0,294.5,11
Tomatoes,Nuwara Eliya,2024-12-15,395.0,330.5,303.0,270.5,301.3333333333333,12
Tomatoes,Nuwara Eliya,2025-01-15,342.0,395.0,330.5,303.0,342.8333333333333,1
Tomatoes,Nuwara Eliya,2025-02-15,257.5,342.0,395.0,330.5,355.8333333333333,2
Tomatoes,Nuwara Eliya,2025-03-15,360.0,257.5,342.0,395.0,331.5,3
Tomatoes,Nuwara Eliya,2025-04-15,633.33,360.0,257.5,342.0,319.8333333333333,4
Tomatoes,Nuwara Eliya,2025-05-15,692.5,633.33,360.0,257.5,416.9433333333334,5
Tomatoes,Nuwara Eliya,2025-06-15,365.5,692.5,633.33,360.0,561.9433333333334,6
Tomatoes,Nuwara Eliya,2025-07-15,179.0,365.5,692.5,633.33,563.7766666666668,7
Tomatoes,Nuwara Eliya,2025-08-15,252.0,179.0,365.5,692.5,412.3333333333333,8
Tomatoes,Nuwara Eliya,2025-09-15,257.6,252.0,179.0,365.5,265.5,9
Tomatoes,Polonnaruwa,2023-09-15,188.0,202.0,422.0,362.0,328.6666666666667,9
Tomatoes,Polonnaruwa,2023-10-15,228.0,188.0,202.0,422.0,270.6666666666667,10
Tomatoes,Polonnaruwa,2023-11-15,277.5,228.0,188.0,202.0,206.0,11
Tomatoes,Polonnaruwa,2023-12-15,702.67,277.5,228.0,188.0,231.16666666666666,12
Tomatoes,Polonnaruwa,2024-01-15,623.2,702.67,277.5,228.0,402.72333333333336,1
Tomatoes,Polonnaruwa,2024-02-15,801.5,623.2,702.67,277.5,534.4566666666666,2
Tomatoes,Polonnaruwa,2024-03-15,372.33,801.5,623.2,702.67,709.1233333333333,3
Tomatoes,Polonnaruwa,2024-04-15,203.6,372.33,801.5,623.2,599.01,4
Tomatoes,Polonnaruwa,2024-05-15,163.33,203.6,372.33,801.5,459.14333333333326,5
Tomatoes,Polonnaruwa,2024-08-15,374.17,163.33,203.6,372.33,246.42,8
Tomatoes,Polonnaruwa,2024-09-15,268.6,374.17,163.33,203.6,247.03333333333333,9
Tomatoes,Polonnaruwa,2024-10-15,351.5,268.6,374.17,163.33,268.7,10
Tomatoes,Polonnaruwa,2024-11-15,349.5,351.5,268.6,374.17,331.42333333333335,11
Tomatoes,Polonnaruwa,2024-12-15,510.1,349.5,351.5,268.6,323.2,12
Tomatoes,Polonnaruwa,2025-01-15,420.5,510.1,349.5,351.5,403.7,1
Tomatoes,Polonnaruwa,2025-02-15,319.0,420.5,510.1,349.5,426.7,2
Tomatoes,Polonnaruwa,2025-03-15,344.0,319.0,420.5,510.1,416.5333333333333,3
Tomatoes,Polonnaruwa,2025-04-15,559.0,344.0,319.0,420.5,361.1666666666667,4
Tomatoes,Polonnaruwa,2025-05-15,885.0,559.0,344.0,319.0,407.3333333333333,5
Tomatoes,Polonnaruwa,2025-06-15,538.4,885.0,559.0,344.0,596.0,6
Tomatoes,Polonnaruwa,2025-07-15,209.0,538.4,885.0,559.0,660.8000000000001,7
Tomatoes,Polonnaruwa,2025-08-15,242.0,209.0,538.4,885.0,544.1333333333333,8
Tomatoes,Polonnaruwa,2025-09-15,240.0,242.0,209.0,538.4,329.8,9
Tomatoes,Puttalam,2023-09-15,231.5,280.0,488.8,378.0,382.26666666666665,9
Tomatoes,Puttalam,2023-10-15,272.8,231.5,280.0,488.8,333.43333333333334,10
Tomatoes,Puttalam,2023-11-15,357.0,272.8,231.5,280.0,261.43333333333334,11
Tomatoes,Puttalam,2023-12-15,732.5,357.0,272.8,231.5,287.09999999999997,12
Tomatoes,Puttalam,2024-01-15,769.6,732.5,357.0,272.8,454.09999999999997,1
Tomatoes,Puttalam,2024-02-15,885.5,769.6,732.5,357.0,619.6999999999999,2
Tomatoes,Puttalam,2024-03-15,435.5,885.5,769.6,732.5,795.8666666666667,3
Tomatoes,Puttalam,2024-04-15,256.8,435.5,885.5,769.6,696.8666666666667,4
Tomatoes,Puttalam,2024-05-15,250.0,256.8,435.5,885.5,525.9333333333334,5
Tomatoes,Puttalam,2024-06-15,250.0,250.0,256.8,435.5,314.09999999999997,6
Tomatoes,Puttalam,2024-07-15,459.38,250.0,250.0,256.8,252.26666666666665,7
Tomatoes,Puttalam,2024-08-15,326.83,459.38,250.0,250.0,319.79333333333335,8
Tomatoes,Puttalam,2024-09-15,270.0,326.83,459.38,250.0,345.40333333333336,9
Tomatoes,Puttalam,2024-10-15,370.0,270.0,326.83,459.38,352.07,10
Tomatoes,Puttalam,2024-11-15,366.67,370.0,270.0,326.83,322.27666666666664,11
Tomatoes,Puttalam,2024-12-15,537.5,366.67,370.0,270.0,335.5566666666667,12
Tomatoes,Puttalam,2025-01-15,446.67,537.5,366.67,370.0,424.72333333333336,1
Tomatoes,Puttalam,2025-02-15,299.17,446.67,537.5,366.67,450.28000000000003,2
Tomatoes,Puttalam,2025-03-15,356.67,299.17,446.67,537.5,427.78000000000003,3
Tomatoes,Puttalam,2025-04-15,635.0,356.67,299.17,446.67,367.50333333333333,4
Tomatoes,Puttalam,2025-05-15,962.5,635.0,356.67,299.17,430.28,5
Tomatoes,Puttalam,2025-06-15,570.0,962.5,635.0,356.67,651.39,6
Tomatoes,Puttalam,2025-07-15,260.0,570.0,962.5,635.0,722.5,7
Tomatoes,Puttalam,2025-09-15,307.0,260.0,570.0,962.5,597.5,9
Tomatoes,Rathnapura,2023-09-15,227.0,269.0,437.6,374.5,360.3666666666666,9
Tomatoes,Rathnapura,2023-10-15,218.67,227.0,269.0,437.6,311.2,10
Tomatoes,Rathnapura,2024-01-15,764.0,218.67,227.0,269.0,238.22333333333333,1
Tomatoes,Rathnapura,2024-02-15,941.5,764.0,218.67,227.0,403.22333333333336,2
Tomatoes,Rathnapura,2024-03-15,434.0,941.5,764.0,218.67,641.39,3
Tomatoes,Rathnapura,2024-04-15,187.6,434.0,941.5,764.0,713.1666666666666,4
Tomatoes,Rathnapura,2024-05-15,173.0,187.6,434.0,941.5,521.0333333333333,5
Tomatoes,Rathnapura,2024-06-15,760.0,173.0,187.6,434.0,264.8666666666667,6
Tomatoes,Rathnapura,2024-07-15,444.0,760.0,173.0,187.6,373.5333333333333,7
Tomatoes,Rathnapura,2024-08-15,282.0,444.0,760.0,173.0,459.0,8
Tomatoes,Rathnapura,2024-09-15,266.4,282.0,444.0,760.0,495.3333333333333,9
Tomatoes,Rathnapura,2024-10-15,373.0,266.4,282.0,444.0,330.8,10
Tomatoes,Rathnapura,2024-11-15,332.5,373.0,266.4,282.0,307.1333333333333,11
Tomatoes,Rathnapura,2024-12-15,432.4,332.5,373.0,266.4,323.96666666666664,12
Tomatoes,Rathnapura,2025-01-15,358.0,432.4,332.5,373.0,379.3,1
Tomatoes,Rathnapura,2025-02-15,285.0,358.0,432.4,332.5,374.3,2
Tomatoes,Rathnapura,2025-03-15,318.0,285.0,358.0,432.4,358.4666666666667,3
Tomatoes,Rathnapura,2025-04-15,549.21,318.0,285.0,358.0,320.3333333333333,4
Tomatoes,Rathnapura,2025-05-15,837.0,549.21,318.0,285.0,384.07,5
Tomatoes,Rathnapura,2025-06-15,482.4,837.0,549.21,318.0,568.07,6
Tomatoes,Rathnapura,2025-07-15,187.5,482.4,837.0,549.21,622.87,7
Tomatoes,Rathnapura,2025-08-15,187.5,187.5,482.4,837.0,502.3,8
Tomatoes,Rathnapura,2025-09-15,251.2,187.5,187.5,482.4,285.8,9
Tomatoes,Thambuttegama,2023-09-15,161.5,189.5,415.2,307.5,304.06666666666666,9
Tomatoes,Thambuttegama,2023-10-15,198.4,161.5,189.5,415.2,255.4,10
Tomatoes,Thambuttegama,2023-11-15,294.0,198.4,161.5,189.5,183.13333333333333,11
Tomatoes,Thambuttegama,2023-12-15,622.0,294.0,198.4,161.5,217.96666666666667,12
Tomatoes,Thambuttegama,2024-01-15,603.93,622.0,294.0,198.4,371.4666666666667,1
Tomatoes,Thambuttegama,2024-02-15,743.33,603.93,622.0,294.0,506.64333333333326,2
Tomatoes,Thambuttegama,2024-03-15,306.25,743.33,603.93,622.0,656.42,3
Tomatoes,Thambuttegama,2024-04-15,164.87,306.25,743.33,603.93,551.17,4
Tomatoes,Thambuttegama,2024-05-15,111.43,164.87,306.25,743.33,404.8166666666666,5
Tomatoes,Thambuttegama,2024-07-15,272.0,111.43,164.87,306.25,194.1833333333333,7
Tomatoes,Thambuttegama,2024-08-15,249.5,272.0,111.43,164.87,182.76666666666665,8
Tomatoes,Thambuttegama,2024-09-15,215.2,249.5,272.0,111.43,210.9766666666667,9
Tomatoes,Thambuttegama,2024-10-15,303.5,215.2,249.5,272.0,245.56666666666663,10
Tomatoes,Thambuttegama,2024-11-15,302.5,303.5,215.2,249.5,256.06666666666666,11
Tomatoes,Thambuttegama,2024-12-15,417.6,302.5,303.5,215.2,273.73333333333335,12
Tomatoes,Thambuttegama,2025-01-15,350.62,417.6,302.5,303.5,341.2,1
Tomatoes,Thambuttegama,2025-02-15,207.5,350.62,417.6,302.5,356.9066666666667,2
Tomatoes,Thambuttegama,2025-03-15,292.4,207.5,350.62,417.6,325.24,3
Tomatoes,Thambuttegama,2025-04-15,569.33,292.4,207.5,350.62,283.50666666666666,4
Tomatoes,Thambuttegama,2025-05-15,873.5,569.33,292.4,207.5,356.41,5
Tomatoes,Thambuttegama,2025-06-15,476.8,873.5,569.33,292.4,578.41,6
Tomatoes,Thambuttegama,2025-07-15,163.0,476.8,873.5,569.33,639.8766666666667,7
Tomatoes,Thambuttegama,2025-08-15,189.12,163.0,476.8,873.5,504.43333333333334,8
Tomatoes,Thambuttegama,2025-09-15,179.5,189.12,163.0,476.8,276.3066666666667,9
Tomatoes,Tissamaharama,2023-09-15,213.38,231.25,471.5,295.62,332.79,9
Tomatoes,Tissamaharama,2023-10-15,184.0,213.38,231.25,471.5,305.37666666666667,10
Tomatoes,Tissamaharama,2023-11-15,297.0,184.0,213.38,231.25,209.54333333333332,11
Tomatoes,Tissamaharama,2023-12-15,600.75,297.0,184.0,213.38,231.46,12
Tomatoes,Tissamaharama,2024-01-15,602.8,600.75,297.0,184.0,360.5833333333333,1
Tomatoes,Tissamaharama,2024-02-15,772.25,602.8,600.75,297.0,500.18333333333334,2
Tomatoes,Tissamaharama,2024-03-15,315.5,772.25,602.8,600.75,658.6,3
Tomatoes,Tissamaharama,2024-04-15,139.6,315.5,772.25,602.8,563.5166666666667,4
Tomatoes,Tissamaharama,2024-05-15,174.25,139.6,315.5,772.25,409.1166666666666,5
Tomatoes,Tissamaharama,2024-09-15,210.33,174.25,139.6,315.5,209.78333333333333,9
Tomatoes,Tissamaharama,2024-10-15,347.29,210.33,174.25,139.6,174.7266666666667,10
Tomatoes,Tissamaharama,2024-11-15,287.5,347.29,210.33,174.25,243.95666666666668,11
Tomatoes,Tissamaharama,2024-12-15,414.6,287.5,347.29,210.33,281.70666666666665,12
Tomatoes,Tissamaharama,2025-01-15,339.25,414.6,287.5,347.29,349.7966666666666,1
Tomatoes,Tissamaharama,2025-02-15,237.5,339.25,414.6,287.5,347.1166666666666,2
Tomatoes,Tissamaharama,2025-03-15,245.1,237.5,339.25,414.6,330.45,3
Tomatoes,Tissamaharama,2025-04-15,390.0,245.1,237.5,339.25,273.95,4
Tomatoes,Tissamaharama,2025-06-15,355.0,390.0,245.1,237.5,290.8666666666667,6
Tomatoes,Tissamaharama,2025-07-15,159.38,355.0,390.0,245.1,330.03333333333336,7
Tomatoes,Tissamaharama,2025-08-15,185.62,159.38,355.0,390.0,301.46,8
Tomatoes,Tissamaharama,2025-09-15,177.5,185.62,159.38,355.0,233.33333333333334,9
Tomatoes,Trincomalee,2023-09-15,203.5,296.0,515.2,352.75,387.98333333333335,9
Tomatoes,Trincomalee,2023-10-15,275.2,203.5,296.0,515.2,338.23333333333335,10
Tomatoes,Trincomalee,2023-11-15,345.0,275.2,203.5,296.0,258.23333333333335,11
Tomatoes,Trincomalee,2023-12-15,739.0,345.0,275.2,203.5,274.56666666666666,12
Tomatoes,Trincomalee,2024-01-15,742.0,739.0,345.0,275.2,453.06666666666666,1
Tomatoes,Trincomalee,2024-02-15,889.5,742.0,739.0,345.0,608.6666666666666,2
Tomatoes,Trincomalee,2024-03-15,443.33,889.5,742.0,739.0,790.1666666666666,3
Tomatoes,Trincomalee,2024-04-15,212.67,443.33,889.5,742.0,691.61,4
Tomatoes,Trincomalee,2024-05-15,216.0,212.67,443.33,889.5,515.1666666666666,5
Tomatoes,Trincomalee,2024-06-15,216.0,216.0,212.67,443.33,290.6666666666667,6
Tomatoes,Trincomalee,2024-07-15,514.4,216.0,216.0,212.67,214.89,7
Tomatoes,Trincomalee,2024-08-15,326.0,514.4,216.0,216.0,315.46666666666664,8
Tomatoes,Trincomalee,2024-09-15,313.2,326.0,514.4,216.0,352.1333333333334,9
Tomatoes,Trincomalee,2024-10-15,411.33,313.2,326.0,514.4,384.5333333333333,10
Tomatoes,Trincomalee,2024-11-15,406.25,411.33,313.2,326.0,350.1766666666667,11
Tomatoes,Trincomalee,2024-12-15,470.2,406.25,411.33,313.2,376.9266666666667,12
Tomatoes,Trincomalee,2025-01-15,467.0,470.2,406.25,411.33,429.26,1
Tomatoes,Trincomalee,2025-02-15,359.0,467.0,470.2,406.25,447.81666666666666,2
Tomatoes,Trincomalee,2025-03-15,334.6,359.0,467.0,470.2,432.06666666666666,3
Tomatoes,Trincomalee,2025-04-15,471.33,334.6,359.0,467.0,386.8666666666666,4
Tomatoes,Trincomalee,2025-05-15,1042.67,471.33,334.6,359.0,388.30999999999995,5
Tomatoes,Trincomalee,2025-06-15,687.0,1042.67,471.33,334.6,616.1999999999999,6
Tomatoes,Trincomalee,2025-07-15,242.5,687.0,1042.67,471.33,733.6666666666666,7
Tomatoes,Trincomalee,2025-08-15,212.0,242.5,687.0,1042.67,657.39,8
Tomatoes,Trincomalee,2025-09-15,252.5,212.0,242.5,687.0,380.5,9
Tomatoes,Vavuniya,2023-09-15,228.5,279.0,498.8,325.5,367.76666666666665,9
Tomatoes,Vavuniya,2023-10-15,246.5,228.5,279.0,498.8,335.43333333333334,10
Tomatoes,Vavuniya,2023-11-15,368.5,246.5,228.5,279.0,251.33333333333334,11
Tomatoes,Vavuniya,2023-12-15,762.83,368.5,246.5,228.5,281.1666666666667,12
Tomatoes,Vavuniya,2024-01-15,843.3,762.83,368.5,246.5,459.27666666666664,1
Tomatoes,Vavuniya,2024-02-15,918.5,843.3,762.83,368.5,658.21,2
Tomatoes,Vavuniya,2024-03-15,391.0,918.5,843.3,762.83,841.5433333333334,3
Tomatoes,Vavuniya,2024-04-15,156.6,391.0,918.5,843.3,717.6,4
Tomatoes,Vavuniya,2024-05-15,221.5,156.6,391.0,918.5,488.7,5
Tomatoes,Vavuniya,2024-06-15,622.0,221.5,156.6,391.0,256.3666666666667,6
Tomatoes,Vavuniya,2024-07-15,515.8,622.0,221.5,156.6,333.3666666666667,7
Tomatoes,Vavuniya,2024-08-15,301.0,515.8,622.0,221.5,453.09999999999997,8
Tomatoes,Vavuniya,2024-09-15,289.4,301.0,515.8,622.0,479.59999999999997,9
Tomatoes,Vavuniya,2024-10-15,413.0,289.4,301.0,515.8,368.7333333333333,10
Tomatoes,Vavuniya,2024-11-15,376.0,413.0,289.4,301.0,334.46666666666664,11
Tomatoes,Vavuniya,2024-12-15,517.5,376.0,413.0,289.4,359.4666666666667,12
Tomatoes,Vavuniya,2025-01-15,430.08,517.5,376.0,413.0,435.5,1
Tomatoes,Vavuniya,2025-02-15,300.25,430.08,517.5,376.0,441.1933333333333,2
Tomatoes,Vavuniya,2025-03-15,295.2,300.25,430.08,517.5,415.9433333333333,3
Tomatoes,Vavuniya,2025-04-15,730.5,295.2,300.25,430.08,341.8433333333333,4
Tomatoes,Vavuniya,2025-05-15,978.0,730.5,295.2,300.25,441.98333333333335,5
Tomatoes,Vavuniya,2025-06-15,555.25,978.0,730.5,295.2,667.9,6
Tomatoes,Vavuniya,2025-07-15,209.75,555.25,978.0,730.5,754.5833333333334,7
Tomatoes,Vavuniya,2025-08-15,200.67,209.75,555.25,978.0,581.0,8
Tomatoes,Vavuniya,2025-09-15,239.2,200.67,209.75,555.25,321.89,9
